Track ID,Name,Artist,Album,Genre,2017-01-19 13:25:43,Play Count,Location
27902,Set Fire To Your Ass In The Rain (DJ Kontrol Mash-Up Mix) (Clean),(Adele vs. Busta Rhymes),,Mash-Up,2017-01-14 20:51:59,0,file:///Volumes/Seagate%20Thunderbolt%20Drive/Music/(Adele%20vs.%20Busta%20Rhymes)/Unknown%20Album/Set%20Fire%20To%20Your%20Ass%20In%20The%20Rain%20(DJ%20Kontrol%20Mash-Up%20Mix)%20(Clean).mp3
28252,Bitch Get Off My Gas Pedal (Lil Jon & DJ Kontrol Mash-Up Mix) (Explicit),(Sage The Gemini f. Iamsu vs. Cheeky Blakk),,Mash-Up,2016-12-31 14:56:21,0,file:///Volumes/Seagate%20Thunderbolt%20Drive/Music/(Sage%20The%20Gemini%20f.%20Iamsu%20vs.%20Cheeky%20Blakk)/Unknown%20Album/Bitch%20Get%20Off%20My%20Gas%20Pedal%20(Lil%20Jon%20&%20DJ%20Kontrol%20Mash-Up%20Mix)%20(Explicit).mp3
28250,Bitch Get Off My Gas Pedal (Lil Jon & DJ Kontrol Mash-Up Mix) (Clean),(Sage The Gemini f. Iamsu vs. Cheeky Blakk),,Mash-Up,2017-01-19 20:56:42,0,file:///Volumes/Seagate%20Thunderbolt%20Drive/Music/(Sage%20The%20Gemini%20f.%20Iamsu%20vs.%20Cheeky%20Blakk)/Unknown%20Album/Bitch%20Get%20Off%20My%20Gas%20Pedal%20(Lil%20Jon%20&%20DJ%20Kontrol%20Mash-Up%20Mix)%20(Clean).mp3
28248,It Takes Two vs. Sexy And I Know It (Mash-Up Mix),(Rob Base & DJ E-Z Rock vs. LMFAO),,Mash-Up,2016-12-28 14:32:11,0,file:///Volumes/Seagate%20Thunderbolt%20Drive/Music/(Rob%20Base%20&%20DJ%20E-Z%20Rock%20vs.%20LMFAO)/Unknown%20Album/It%20Takes%20Two%20vs.%20Sexy%20And%20I%20Know%20It%20(Mash-Up%20Mix).mp3
28246,Where Have You Been vs. Bad (That's Her) (DJ Kontrol Mash-Up Mix) (Clean),(Rihanna vs. Lil Scrappy f. Stuey Rock),,Mash-Up,2017-01-04 16:42:09,0,file:///Volumes/Seagate%20Thunderbolt%20Drive/Music/(Rihanna%20vs.%20Lil%20Scrappy%20f.%20Stuey%20Rock)/Unknown%20Album/Where%20Have%20You%20Been%20vs.%20Bad%20(That's%20Her)%20(DJ%20Kontrol%20Mash-Up%20Mix)%20(Clean).mp3
28244,Diamonds vs. Parents Just Don't Understand (DJ Kontrol Mash-Up Mix) (Clean),(Rihanna vs. DJ Jazzy Jeff & The Fresh Prince),,Mash-Up,2017-01-25 03:53:54,0,file:///Volumes/Seagate%20Thunderbolt%20Drive/Music/(Rihanna%20vs.%20DJ%20Jazzy%20Jeff%20&%20The%20Fresh%20Prince)/Unknown%20Album/Diamonds%20vs.%20Parents%20Just%20Don't%20Understand%20(DJ%20Kontrol%20Mash-Up%20Mix)%20(Clean).mp3
28242,Diamonds vs. Devil's Pie (DJ Kontrol Mash-Up Mix) (Clean),(Rihanna vs. D'Angelo),,Mash-Up,2017-01-07 00:55:59,0,file:///Volumes/Seagate%20Thunderbolt%20Drive/Music/(Rihanna%20vs.%20D'Angelo)/Unknown%20Album/Diamonds%20vs.%20Devil's%20Pie%20(DJ%20Kontrol%20Mash-Up%20Mix)%20(Clean).mp3
28240,Diamonds vs. Big Booty (DJ Kontrol Mash-Up Mix) (Clean),(Rihanna vs. Ca$h Out),,Mash-Up,2017-01-19 11:25:01,0,file:///Volumes/Seagate%20Thunderbolt%20Drive/Music/(Rihanna%20vs.%20Ca$h%20Out)/Unknown%20Album/Diamonds%20vs.%20Big%20Booty%20(DJ%20Kontrol%20Mash-Up%20Mix)%20(Clean).mp3
28238,Cockiness vs. 808 (DJ Kontrol Mash-Up Mix) (Clean),(Rihanna vs. Blaque),,Mash-Up,2017-01-19 08:44:19,0,file:///Volumes/Seagate%20Thunderbolt%20Drive/Music/(Rihanna%20vs.%20Blaque)/Unknown%20Album/Cockiness%20vs.%20808%20(DJ%20Kontrol%20Mash-Up%20Mix)%20(Clean).mp3
28236,Stay vs. Set It Off (DJ Kontrol Mash-Up Mix) (Clean),(Rihanna f. Mikky Ekko vs. Strafe),,Mash-Up,2017-01-16 01:29:45,0,file:///Volumes/Seagate%20Thunderbolt%20Drive/Music/(Rihanna%20f.%20Mikky%20Ekko%20vs.%20Strafe)/Unknown%20Album/Stay%20vs.%20Set%20It%20Off%20(DJ%20Kontrol%20Mash-Up%20Mix)%20(Clean).mp3
28254,Gas Pedal Bubble Butt (Lil Jon & DJ Kontrol Mash-Up Mix) (Clean),(Sage The Gemini f. Iamsu vs. Major Lazer),,Mash-Up,2016-12-29 02:59:56,0,file:///Volumes/Seagate%20Thunderbolt%20Drive/Music/(Sage%20The%20Gemini%20f.%20Iamsu%20vs.%20Major%20Lazer)/Unknown%20Album/Gas%20Pedal%20Bubble%20Butt%20(Lil%20Jon%20&%20DJ%20Kontrol%20Mash-Up%20Mix)%20(Clean).mp3
28234,Birthday Cake Earthquake (DJ Kontrol Mash-Up Mix) (Clean),"(Rihanna f. Chris Brown vs. DJ Fresh, Diplo f. Dominique Young Unique)",,2017-01-10 09:40:39,2014-08-26 01:59:59,0,"file:///Volumes/Seagate%20Thunderbolt%20Drive/Music/(Rihanna%20f.%20Chris%20Brown%20vs.%20DJ%20Fresh,%20Diplo%20f.%20Dominique%20Young%20Unique)/Unknown%20Album/Birthday%20Cake%20Earthquake%20(DJ%20Kontrol%20Mash-Up%20Mix)%20(Clean).mp3"
28228,Gangnam Style vs. Doop (Mash-Up Mix),(PSY vs. Squeeeze),,Mash-Up,2017-01-09 10:37:03,0,file:///Volumes/Seagate%20Thunderbolt%20Drive/Music/(PSY%20vs.%20Squeeeze)/Unknown%20Album/Gangnam%20Style%20vs.%20Doop%20(Mash-Up%20Mix).mp3
28226,Gangnam Style vs. Don't Stop The Party (Mash-Up Mix),(PSY vs. Pitbull),,Mash-Up,2017-01-22 06:17:17,0,file:///Volumes/Seagate%20Thunderbolt%20Drive/Music/(PSY%20vs.%20Pitbull)/Unknown%20Album/Gangnam%20Style%20vs.%20Don't%20Stop%20The%20Party%20(Mash-Up%20Mix).mp3
28224,Gust Of Wind Bootcamp (DJ Kontrol Mash-Up Mix) (Clean),(Pharrell Williams vs. Jay Hardaway),,Mash-Up,2017-01-02 05:15:42,0,file:///Volumes/Seagate%20Thunderbolt%20Drive/Music/(Pharrell%20Williams%20vs.%20Jay%20Hardaway)/Unknown%20Album/Gust%20Of%20Wind%20Bootcamp%20(DJ%20Kontrol%20Mash-Up%20Mix)%20(Clean).mp3
28220,Blow Me (One Last Kiss) vs. I'll Be Missing You (Mash-Up Mix),(P!nk vs. Puff Daddy 'Diddy' f. Faith Evans),,Mash-Up,2016-12-30 07:04:50,0,file:///Volumes/Seagate%20Thunderbolt%20Drive/Music/(P!nk%20vs.%20Puff%20Daddy%20'Diddy'%20f.%20Faith%20Evans)/Unknown%20Album/Blow%20Me%20(One%20Last%20Kiss)%20vs.%20I'll%20Be%20Missing%20You%20(Mash-Up%20Mix).mp3
28278,Creep 2014 (DJ Kontrol Mash-Up Mix) (Explicit),(The Notorious B.I.G. f. TLC vs. Snow Tha Product),,Mash-Up,2017-01-01 09:38:23,0,file:///Volumes/Seagate%20Thunderbolt%20Drive/Music/(The%20Notorious%20B.I.G.%20f.%20TLC%20vs.%20Snow%20Tha%20Product)/Unknown%20Album/Creep%202014%20(DJ%20Kontrol%20Mash-Up%20Mix)%20(Explicit).mp3
28276,Creep 2014 (DJ Kontrol Mash-Up Mix) (Clean),(The Notorious B.I.G. f. TLC vs. Snow Tha Product),,Mash-Up,2017-01-22 15:36:25,0,file:///Volumes/Seagate%20Thunderbolt%20Drive/Music/(The%20Notorious%20B.I.G.%20f.%20TLC%20vs.%20Snow%20Tha%20Product)/Unknown%20Album/Creep%202014%20(DJ%20Kontrol%20Mash-Up%20Mix)%20(Clean).mp3
28216,Work Hard Like Teen Animals (DJs From Mars Mash-Up Mix),(Nirvana vs. David Guetta vs. Martin Garrix),,Mash-Up,2017-01-07 14:51:02,0,file:///Volumes/Seagate%20Thunderbolt%20Drive/Music/(Nirvana%20vs.%20David%20Guetta%20vs.%20Martin%20Garrix)/Unknown%20Album/Work%20Hard%20Like%20Teen%20Animals%20(DJs%20From%20Mars%20Mash-Up%20Mix).mp3
28212,Am I Wrong Gods (DJ Kontrol Mash-Up Mix) (Clean),(Nico & Vinz vs. Steve Angello),,Mash-Up,2017-01-18 18:41:31,0,file:///Volumes/Seagate%20Thunderbolt%20Drive/Music/(Nico%20&%20Vinz%20vs.%20Steve%20Angello)/Unknown%20Album/Am%20I%20Wrong%20Gods%20(DJ%20Kontrol%20Mash-Up%20Mix)%20(Clean).mp3
28210,You Gave Me Love vs. Starships (DJ Little Nemo Mash-Up Mix),(Nicki Minaj vs. Crown Heights Affair),,Mash-Up,2017-01-21 08:06:28,0,file:///Volumes/Seagate%20Thunderbolt%20Drive/Music/(Nicki%20Minaj%20vs.%20Crown%20Heights%20Affair)/Unknown%20Album/You%20Gave%20Me%20Love%20vs.%20Starships%20(DJ%20Little%20Nemo%20Mash-Up%20Mix).mp3
28230,Ridiculous Cannonball (DJ Kontrol Mash-Up Mix),(RedFoo vs. Showtek & Justin Prime),,Mash-Up,2017-01-16 15:19:38,0,file:///Volumes/Seagate%20Thunderbolt%20Drive/Music/(RedFoo%20vs.%20Showtek%20&%20Justin%20Prime)/Unknown%20Album/Ridiculous%20Cannonball%20(DJ%20Kontrol%20Mash-Up%20Mix).mp3
28256,Gas Pedal Bubble Butt (Lil Jon & DJ Kontrol Mash-Up Mix) (Explicit),(Sage The Gemini f. Iamsu vs. Major Lazer),,Mash-Up,2017-01-20 10:48:40,0,file:///Volumes/Seagate%20Thunderbolt%20Drive/Music/(Sage%20The%20Gemini%20f.%20Iamsu%20vs.%20Major%20Lazer)/Unknown%20Album/Gas%20Pedal%20Bubble%20Butt%20(Lil%20Jon%20&%20DJ%20Kontrol%20Mash-Up%20Mix)%20(Explicit).mp3
28260,Make It Tsun Dem (DJs From Mars Mash-Up Mix),(Skrillex & Damian Marley vs. DVBBS & Borgeous),,Mash-Up,2017-01-26 08:17:08,0,file:///Volumes/Seagate%20Thunderbolt%20Drive/Music/(Skrillex%20&%20Damian%20Marley%20vs.%20DVBBS%20&%20Borgeous)/Unknown%20Album/Make%20It%20Tsun%20Dem%20(DJs%20From%20Mars%20Mash-Up%20Mix).mp3
28262,93 'Til Infinity (DJ Kontrol Mash-Up Mix) (Clean),(Souls Of Mischief vs. Sage The Gemini),,Mash-Up,2016-12-28 09:47:24,0,file:///Volumes/Seagate%20Thunderbolt%20Drive/Music/(Souls%20Of%20Mischief%20vs.%20Sage%20The%20Gemini)/Unknown%20Album/93%20'Til%20Infinity%20(DJ%20Kontrol%20Mash-Up%20Mix)%20(Clean).mp3
28084,Heart Of The City vs. Donald Trump (DJ Kontrol Mash-Up Mix) (Explicit),(Jay-Z vs. Mac Miller),,Mash-Up,2017-01-11 13:09:52,0,file:///Volumes/Seagate%20Thunderbolt%20Drive/Music/(Jay-Z%20vs.%20Mac%20Miller)/Unknown%20Album/Heart%20Of%20The%20City%20vs.%20Donald%20Trump%20(DJ%20Kontrol%20Mash-Up%20Mix)%20(Explicit).mp3
28082,Heart Of The City vs. Donald Trump (DJ Kontrol Mash-Up Mix) (Clean),(Jay-Z vs. Mac Miller),,Mash-Up,2017-01-12 23:47:56,0,file:///Volumes/Seagate%20Thunderbolt%20Drive/Music/(Jay-Z%20vs.%20Mac%20Miller)/Unknown%20Album/Heart%20Of%20The%20City%20vs.%20Donald%20Trump%20(DJ%20Kontrol%20Mash-Up%20Mix)%20(Clean).mp3
27954,"Hot Monkey, Hot Ass vs. SexyBack (Mash-Up Mix)",(Black Moustache vs. Justin Timberlake),,2017-01-23 22:05:03,2014-08-26 01:59:59,0,"file:///Volumes/Seagate%20Thunderbolt%20Drive/Music/(Black%20Moustache%20vs.%20Justin%20Timberlake)/Unknown%20Album/Hot%20Monkey,%20Hot%20Ass%20vs.%20SexyBack%20(Mash-Up%20Mix).mp3"
27952,Boom Boom Pow vs. Boom Boom Boom (DJ Steve Dub Mash-Up Mix),(Black Eyed Peas vs. The Outhere Brothers),,Mash-Up,2017-01-03 15:01:28,0,file:///Volumes/Seagate%20Thunderbolt%20Drive/Music/(Black%20Eyed%20Peas%20vs.%20The%20Outhere%20Brothers)/Unknown%20Album/Boom%20Boom%20Pow%20vs.%20Boom%20Boom%20Boom%20(DJ%20Steve%20Dub%20Mash-Up%20Mix).mp3
27950,Boom Boom Pow vs. Boom Boom Boom (DJ Nino Mash-Up Mix),(Black Eyed Peas vs. The Outhere Brothers),,Mash-Up,2017-01-19 11:26:23,0,file:///Volumes/Seagate%20Thunderbolt%20Drive/Music/(Black%20Eyed%20Peas%20vs.%20The%20Outhere%20Brothers)/Unknown%20Album/Boom%20Boom%20Pow%20vs.%20Boom%20Boom%20Boom%20(DJ%20Nino%20Mash-Up%20Mix).mp3
27948,Boom Boom Pow vs. Day 'N' Nite (DJ Big Steve Gee Mash-Up Mix),(Black Eyed Peas vs. Kid Cudi),,Mash-Up,2017-01-07 06:44:38,0,file:///Volumes/Seagate%20Thunderbolt%20Drive/Music/(Black%20Eyed%20Peas%20vs.%20Kid%20Cudi)/Unknown%20Album/Boom%20Boom%20Pow%20vs.%20Day%20'N'%20Nite%20(DJ%20Big%20Steve%20Gee%20Mash-Up%20Mix).mp3
27908,Take Over Control vs. Hold It Against Me (DJ Little Nemo Mash-Up Mix),(Afrojack vs. Britney Spears),,Mash-Up,2017-01-08 15:24:21,0,file:///Volumes/Seagate%20Thunderbolt%20Drive/Music/(Afrojack%20vs.%20Britney%20Spears)/Unknown%20Album/Take%20Over%20Control%20vs.%20Hold%20It%20Against%20Me%20(DJ%20Little%20Nemo%20Mash-Up%20Mix).mp3
126272,United State Of Pop 2013 (DJ Earworm Mash-Up Mix),Various Artists,,Mash-Up,2017-01-04 15:18:56,0,file:///Volumes/Seagate%20Thunderbolt%20Drive/Music/Various%20Artists/Unknown%20Album/United%20State%20Of%20Pop%202013%20(DJ%20Earworm%20Mash-Up%20Mix).mp3
126270,United State Of Pop 2012 (DJ Earworm Mash-Up Mix),Various Artists,,Mash-Up,2017-01-24 05:28:54,0,file:///Volumes/Seagate%20Thunderbolt%20Drive/Music/Various%20Artists/Unknown%20Album/United%20State%20Of%20Pop%202012%20(DJ%20Earworm%20Mash-Up%20Mix).mp3
28306,All Gold Everything vs. The Whisper Song (Lil Jon & DJ Kontrol Mash-Up Mix) (Explicit),(Trinidad James vs. Ying Yang Twins),,Mash-Up,2017-01-04 23:26:02,0,file:///Volumes/Seagate%20Thunderbolt%20Drive/Music/(Trinidad%20James%20vs.%20Ying%20Yang%20Twins)/Unknown%20Album/All%20Gold%20Everything%20vs.%20The%20Whisper%20Song%20(Lil%20Jon%20&%20DJ%20Kontrol%20Mash-Up%20Mix)%20(Explicit).mp3
28304,All Gold Everything vs. The Whisper Song (Lil Jon & DJ Kontrol Mash-Up Mix) (Clean),(Trinidad James vs. Ying Yang Twins),,Mash-Up,2017-01-15 01:03:12,0,file:///Volumes/Seagate%20Thunderbolt%20Drive/Music/(Trinidad%20James%20vs.%20Ying%20Yang%20Twins)/Unknown%20Album/All%20Gold%20Everything%20vs.%20The%20Whisper%20Song%20(Lil%20Jon%20&%20DJ%20Kontrol%20Mash-Up%20Mix)%20(Clean).mp3
28302,All Gold Everything vs. Rack City (Lil Jon & DJ Kontrol Mash-Up Mix) (Explicit),(Trinidad James vs. Tyga),,Mash-Up,2017-01-03 03:24:54,0,file:///Volumes/Seagate%20Thunderbolt%20Drive/Music/(Trinidad%20James%20vs.%20Tyga)/Unknown%20Album/All%20Gold%20Everything%20vs.%20Rack%20City%20(Lil%20Jon%20&%20DJ%20Kontrol%20Mash-Up%20Mix)%20(Explicit).mp3
28300,All Gold Everything vs. Rack City (Lil Jon & DJ Kontrol Mash-Up Mix) (Clean),(Trinidad James vs. Tyga),,Mash-Up,2017-01-23 14:44:43,0,file:///Volumes/Seagate%20Thunderbolt%20Drive/Music/(Trinidad%20James%20vs.%20Tyga)/Unknown%20Album/All%20Gold%20Everything%20vs.%20Rack%20City%20(Lil%20Jon%20&%20DJ%20Kontrol%20Mash-Up%20Mix)%20(Clean).mp3
28298,All Gold Everything vs. Blow The Whistle (Lil Jon & DJ Kontrol Mash-Up Mix) (Explicit),(Trinidad James vs. Too $hort),,Mash-Up,2017-01-19 00:49:48,0,file:///Volumes/Seagate%20Thunderbolt%20Drive/Music/(Trinidad%20James%20vs.%20Too%20$hort)/Unknown%20Album/All%20Gold%20Everything%20vs.%20Blow%20The%20Whistle%20(Lil%20Jon%20&%20DJ%20Kontrol%20Mash-Up%20Mix)%20(Explicit).mp3
28296,All Gold Everything vs. Blow The Whistle (Lil Jon & DJ Kontrol Mash-Up Mix) (Clean),(Trinidad James vs. Too $hort),,Mash-Up,2017-01-03 16:46:11,0,file:///Volumes/Seagate%20Thunderbolt%20Drive/Music/(Trinidad%20James%20vs.%20Too%20$hort)/Unknown%20Album/All%20Gold%20Everything%20vs.%20Blow%20The%20Whistle%20(Lil%20Jon%20&%20DJ%20Kontrol%20Mash-Up%20Mix)%20(Clean).mp3
28294,Who Do You Love Nana (DJ Kontrol Mash-Up Mix) (Explicit),(Trey Songz vs. YG),,Mash-Up,2017-01-13 03:24:50,0,file:///Volumes/Seagate%20Thunderbolt%20Drive/Music/(Trey%20Songz%20vs.%20YG)/Unknown%20Album/Who%20Do%20You%20Love%20Nana%20(DJ%20Kontrol%20Mash-Up%20Mix)%20(Explicit).mp3
28292,Who Do You Love Nana (DJ Kontrol Mash-Up Mix) (Clean),(Trey Songz vs. YG),,Mash-Up,2017-01-13 18:52:13,0,file:///Volumes/Seagate%20Thunderbolt%20Drive/Music/(Trey%20Songz%20vs.%20YG)/Unknown%20Album/Who%20Do%20You%20Love%20Nana%20(DJ%20Kontrol%20Mash-Up%20Mix)%20(Clean).mp3
28284,Shake That Monkey or Somethin (DJ Kontrol Mash-Up Mix),(Too $hort f. Lil Jon vs. California Swag District),,Mash-Up,2017-01-26 14:24:37,0,file:///Volumes/Seagate%20Thunderbolt%20Drive/Music/(Too%20$hort%20f.%20Lil%20Jon%20vs.%20California%20Swag%20District)/Unknown%20Album/Shake%20That%20Monkey%20or%20Somethin%20(DJ%20Kontrol%20Mash-Up%20Mix).mp3
28268,Brick In Yo Face (DJ Kontrol Mash-Up Mix) (Explicit),(Stitches vs. Waka Flocka Flame),,Mash-Up,2016-12-27 19:49:28,0,file:///Volumes/Seagate%20Thunderbolt%20Drive/Music/(Stitches%20vs.%20Waka%20Flocka%20Flame)/Unknown%20Album/Brick%20In%20Yo%20Face%20(DJ%20Kontrol%20Mash-Up%20Mix)%20(Explicit).mp3
28266,Brick In Yo Face (DJ Kontrol Mash-Up Mix) (Clean),(Stitches vs. Waka Flocka Flame),,Mash-Up,2017-01-02 07:48:21,0,file:///Volumes/Seagate%20Thunderbolt%20Drive/Music/(Stitches%20vs.%20Waka%20Flocka%20Flame)/Unknown%20Album/Brick%20In%20Yo%20Face%20(DJ%20Kontrol%20Mash-Up%20Mix)%20(Clean).mp3
28264,93 'Til Infinity (DJ Kontrol Mash-Up Mix) (Explicit),(Souls Of Mischief vs. Sage The Gemini),,Mash-Up,2016-12-29 13:19:38,0,file:///Volumes/Seagate%20Thunderbolt%20Drive/Music/(Souls%20Of%20Mischief%20vs.%20Sage%20The%20Gemini)/Unknown%20Album/93%20'Til%20Infinity%20(DJ%20Kontrol%20Mash-Up%20Mix)%20(Explicit).mp3
28198,Twerk Party In The U.S.A. (DJ Kontrol Mash-Up Mix),(Miley Cyrus vs. V.I.C.),,Mash-Up,2017-01-08 17:20:17,0,file:///Volumes/Seagate%20Thunderbolt%20Drive/Music/(Miley%20Cyrus%20vs.%20V.I.C.)/Unknown%20Album/Twerk%20Party%20In%20The%20U.S.A.%20(DJ%20Kontrol%20Mash-Up%20Mix).mp3
28196,Upper Echelon Wrecking Ball (DJ Kontrol Mash-Up Mix),(Miley Cyrus vs. Travis Scott),,Mash-Up,2017-01-24 01:59:15,0,file:///Volumes/Seagate%20Thunderbolt%20Drive/Music/(Miley%20Cyrus%20vs.%20Travis%20Scott)/Unknown%20Album/Upper%20Echelon%20Wrecking%20Ball%20(DJ%20Kontrol%20Mash-Up%20Mix).mp3
28194,Don't Stop Wrecking Ridiculous Ball (DJs From Mars Mash-Up Mix),(Miley Cyrus vs. Redfoo vs. Journey),,Mash-Up,2017-01-23 02:24:09,0,file:///Volumes/Seagate%20Thunderbolt%20Drive/Music/(Miley%20Cyrus%20vs.%20Redfoo%20vs.%20Journey)/Unknown%20Album/Don't%20Stop%20Wrecking%20Ridiculous%20Ball%20(DJs%20From%20Mars%20Mash-Up%20Mix).mp3
28184,Got To Give It Up vs. Blurred Lines (DJ Kharrington Mash-Up Mix),(Marvin Gaye vs. Robin Thicke),,Mash-Up,2017-01-09 15:57:44,0,file:///Volumes/Seagate%20Thunderbolt%20Drive/Music/(Marvin%20Gaye%20vs.%20Robin%20Thicke)/Unknown%20Album/Got%20To%20Give%20It%20Up%20vs.%20Blurred%20Lines%20(DJ%20Kharrington%20Mash-Up%20Mix).mp3
28018,California Roar (DJ Kontrol Mash-Up Mix) (Clean),(Dr. Dre vs. Roger Troutman vs. Brillz vs. Katy Perry),,Mash-Up,2016-12-31 10:22:00,0,file:///Volumes/Seagate%20Thunderbolt%20Drive/Music/(Dr.%20Dre%20vs.%20Roger%20Troutman%20vs.%20Brillz%20vs.%20Katy%20Perry)/Unknown%20Album/California%20Roar%20(DJ%20Kontrol%20Mash-Up%20Mix)%20(Clean).mp3
28010,Double Cup Illusions (DJ Kontrol Mash-Up Mix) (Explicit),(DJ Infamous f. Juicy J vs. HXV),,Mash-Up,2017-01-18 02:01:31,0,file:///Volumes/Seagate%20Thunderbolt%20Drive/Music/(DJ%20Infamous%20f.%20Juicy%20J%20vs.%20HXV)/Unknown%20Album/Double%20Cup%20Illusions%20(DJ%20Kontrol%20Mash-Up%20Mix)%20(Explicit).mp3
28008,Double Cup Illusions (DJ Kontrol Mash-Up Mix) (Clean),(DJ Infamous f. Juicy J vs. HXV),,Mash-Up,2017-01-04 14:52:01,0,file:///Volumes/Seagate%20Thunderbolt%20Drive/Music/(DJ%20Infamous%20f.%20Juicy%20J%20vs.%20HXV)/Unknown%20Album/Double%20Cup%20Illusions%20(DJ%20Kontrol%20Mash-Up%20Mix)%20(Clean).mp3
28006,Gold Dust vs. Down For My Niggaz (DJ Kontrol Mash-Up Mix) (Clean),(DJ Fresh f. Ce'cile vs. C-Murder),,Mash-Up,2016-12-28 18:49:33,0,file:///Volumes/Seagate%20Thunderbolt%20Drive/Music/(DJ%20Fresh%20f.%20Ce'cile%20vs.%20C-Murder)/Unknown%20Album/Gold%20Dust%20vs.%20Down%20For%20My%20Niggaz%20(DJ%20Kontrol%20Mash-Up%20Mix)%20(Clean).mp3
28002,Titanium vs. Bag Of Money (DJ Kontrol Mash-Up Mix) (Clean),"(David Guetta f. Sia vs. Wale f. Meek Mill, Rick Ross & T-Pain)",,2017-01-19 17:00:35,2014-08-26 01:59:59,0,"file:///Volumes/Seagate%20Thunderbolt%20Drive/Music/(David%20Guetta%20f.%20Sia%20vs.%20Wale%20f.%20Meek%20Mill,%20Rick%20Ross%20&%20T-Pain)/Unknown%20Album/Titanium%20vs.%20Bag%20Of%20Money%20(DJ%20Kontrol%20Mash-Up%20Mix)%20(Clean).mp3"
28000,Titanium vs. As Long As You Love Me (DJ Kontrol & Young Slade Mash-Up Mix),(David Guetta f. Sia vs. Justin Bieber),,Mash-Up,2017-01-19 12:46:06,0,file:///Volumes/Seagate%20Thunderbolt%20Drive/Music/(David%20Guetta%20f.%20Sia%20vs.%20Justin%20Bieber)/Unknown%20Album/Titanium%20vs.%20As%20Long%20As%20You%20Love%20Me%20(DJ%20Kontrol%20&%20Young%20Slade%20Mash-Up%20Mix).mp3
27980,Don't Wake Me Up (DJ Kontrol Mash-Up Mix),(Chris Brown vs. DJ Snake),,Mash-Up,2017-01-04 22:26:15,0,file:///Volumes/Seagate%20Thunderbolt%20Drive/Music/(Chris%20Brown%20vs.%20DJ%20Snake)/Unknown%20Album/Don't%20Wake%20Me%20Up%20(DJ%20Kontrol%20Mash-Up%20Mix).mp3
27974,Call Me Maybe vs. Show Me Love (Lil Jon & DJ Kontrol Mash-Up Mix) (Clean),(Carly Rae Jepsen vs. Robin S.),,Mash-Up,2017-01-08 14:43:14,0,file:///Volumes/Seagate%20Thunderbolt%20Drive/Music/(Carly%20Rae%20Jepsen%20vs.%20Robin%20S.)/Unknown%20Album/Call%20Me%20Maybe%20vs.%20Show%20Me%20Love%20(Lil%20Jon%20&%20DJ%20Kontrol%20Mash-Up%20Mix)%20(Clean).mp3
27972,Safe & Sound (DJ Kontrol Mash-Up Mix),(Capital Cities vs. Migos),,Mash-Up,2017-01-05 02:14:32,0,file:///Volumes/Seagate%20Thunderbolt%20Drive/Music/(Capital%20Cities%20vs.%20Migos)/Unknown%20Album/Safe%20&%20Sound%20(DJ%20Kontrol%20Mash-Up%20Mix).mp3
27968,Ray Bomb Drama (DJ Kontrol Mash-Up Mix),(Bro Safari f. 8ightball vs. Afrojack),,Mash-Up,2017-01-01 21:26:50,0,file:///Volumes/Seagate%20Thunderbolt%20Drive/Music/(Bro%20Safari%20f.%208ightball%20vs.%20Afrojack)/Unknown%20Album/Ray%20Bomb%20Drama%20(DJ%20Kontrol%20Mash-Up%20Mix).mp3
27966,Feel The Prayer (DJs From Mars Mash-Up Mix),(Bon Jovi vs. Rave Radio f. Chris Willis),,Mash-Up,2017-01-13 11:39:00,0,file:///Volumes/Seagate%20Thunderbolt%20Drive/Music/(Bon%20Jovi%20vs.%20Rave%20Radio%20f.%20Chris%20Willis)/Unknown%20Album/Feel%20The%20Prayer%20(DJs%20From%20Mars%20Mash-Up%20Mix).mp3
27946,I Gotta Feeling vs. Feel So Close (Lil Jon & DJ Kontrol Mash-Up Mix) (Clean),(Black Eyed Peas vs. Calvin Harris),,Mash-Up,2017-01-03 12:17:40,0,file:///Volumes/Seagate%20Thunderbolt%20Drive/Music/(Black%20Eyed%20Peas%20vs.%20Calvin%20Harris)/Unknown%20Album/I%20Gotta%20Feeling%20vs.%20Feel%20So%20Close%20(Lil%20Jon%20&%20DJ%20Kontrol%20Mash-Up%20Mix)%20(Clean).mp3
27944,Strike It Up Tremor (DJ Kontrol Mash-Up Mix) (Clean),"(Black Box vs. Martin Garrix, Dimitri Vegas & Like Mike)",,2017-01-16 21:50:02,2014-08-26 01:59:59,0,"file:///Volumes/Seagate%20Thunderbolt%20Drive/Music/(Black%20Box%20vs.%20Martin%20Garrix,%20Dimitri%20Vegas%20&%20Like%20Mike)/Unknown%20Album/Strike%20It%20Up%20Tremor%20(DJ%20Kontrol%20Mash-Up%20Mix)%20(Clean).mp3"
27934,Fuck Em Drunk In Love (DJ Kontrol Mash-Up Mix) (Explicit),(Beyonce f. Jay-Z vs. T-Pain),,Mash-Up,2017-01-03 04:00:58,0,file:///Volumes/Seagate%20Thunderbolt%20Drive/Music/(Beyonce%20f.%20Jay-Z%20vs.%20T-Pain)/Unknown%20Album/Fuck%20Em%20Drunk%20In%20Love%20(DJ%20Kontrol%20Mash-Up%20Mix)%20(Explicit).mp3
27932,Fuck Em Drunk In Love (DJ Kontrol Mash-Up Mix) (Clean),(Beyonce f. Jay-Z vs. T-Pain),,Mash-Up,2017-01-16 01:53:55,0,file:///Volumes/Seagate%20Thunderbolt%20Drive/Music/(Beyonce%20f.%20Jay-Z%20vs.%20T-Pain)/Unknown%20Album/Fuck%20Em%20Drunk%20In%20Love%20(DJ%20Kontrol%20Mash-Up%20Mix)%20(Clean).mp3
27930,Drunk In Love 'N Happy (DJ Kontrol Mash-Up Mix) (Explicit),(Beyonce f. Jay-Z vs. Pharrell Williams),,Mash-Up,2017-01-08 11:32:30,0,file:///Volumes/Seagate%20Thunderbolt%20Drive/Music/(Beyonce%20f.%20Jay-Z%20vs.%20Pharrell%20Williams)/Unknown%20Album/Drunk%20In%20Love%20'N%20Happy%20(DJ%20Kontrol%20Mash-Up%20Mix)%20(Explicit).mp3
27928,Drunk In Love 'N Happy (DJ Kontrol Mash-Up Mix) (Clean),(Beyonce f. Jay-Z vs. Pharrell Williams),,Mash-Up,2017-01-13 12:21:31,0,file:///Volumes/Seagate%20Thunderbolt%20Drive/Music/(Beyonce%20f.%20Jay-Z%20vs.%20Pharrell%20Williams)/Unknown%20Album/Drunk%20In%20Love%20'N%20Happy%20(DJ%20Kontrol%20Mash-Up%20Mix)%20(Clean).mp3
27914,Levels vs. Cashin Out (Lil Jon & DJ Kontrol Mash-Up Mix) (Clean),(Avicii vs. Ca$h Out),,Mash-Up,2017-01-17 19:55:58,0,file:///Volumes/Seagate%20Thunderbolt%20Drive/Music/(Avicii%20vs.%20Ca$h%20Out)/Unknown%20Album/Levels%20vs.%20Cashin%20Out%20(Lil%20Jon%20&%20DJ%20Kontrol%20Mash-Up%20Mix)%20(Clean).mp3
27912,This Is What Symphonic Roar Feels Like (DJs From Mars Mash-Up Mix),(Armin Van Buuren vs. Katy Perry vs. Nicky Romero),,Mash-Up,2017-01-25 09:41:49,0,file:///Volumes/Seagate%20Thunderbolt%20Drive/Music/(Armin%20Van%20Buuren%20vs.%20Katy%20Perry%20vs.%20Nicky%20Romero)/Unknown%20Album/This%20Is%20What%20Symphonic%20Roar%20Feels%20Like%20(DJs%20From%20Mars%20Mash-Up%20Mix).mp3
27910,Too Close vs. Take It To The Head (DJ Kontrol Mash-Up Mix) (Clean),"(Alex Clare vs. DJ Khaled f. Chris Brown, Lil Wayne, Nicki Minaj & Rick Ross)",2017-01-25 23:31:05,Mash-Up,2014-08-26 01:59:59,0,"file:///Volumes/Seagate%20Thunderbolt%20Drive/Music/(Alex%20Clare%20vs.%20DJ%20Khaled%20f.%20Chris%20Brown,%20Lil%20Wayne,%20Nicki%20Minaj%20&%20Rick%20Ross)/Unknown%20Album/Too%20Close%20vs.%20Take%20It%20To%20The%20Head%20(DJ%20Kontrol%20Mash-Up%20Mix)%20(Clean).mp3"
27904,Rumour Has It vs. Goin' Steady (DJ Kontrol Mash-Up Mix) (Clean),(Adele vs. Rocko),,Mash-Up,2017-01-22 18:16:29,0,file:///Volumes/Seagate%20Thunderbolt%20Drive/Music/(Adele%20vs.%20Rocko)/Unknown%20Album/Rumour%20Has%20It%20vs.%20Goin'%20Steady%20(DJ%20Kontrol%20Mash-Up%20Mix)%20(Clean).mp3
28030,Snap Backs & Video Games (DJ Kontrol Mash-Up Mix) (Clean),(Driicky Graham vs. Lana Del Rey),,Mash-Up,2017-01-16 13:50:25,0,file:///Volumes/Seagate%20Thunderbolt%20Drive/Music/(Driicky%20Graham%20vs.%20Lana%20Del%20Rey)/Unknown%20Album/Snap%20Backs%20&%20Video%20Games%20(DJ%20Kontrol%20Mash-Up%20Mix)%20(Clean).mp3
28086,I Just Wanna Love U (Give It 2 Me) vs. Hypnotize (DJ Kontrol Mash-Up Mix) (Clean),(Jay-Z vs. The Notorious B.I.G.),,Mash-Up,2017-01-17 16:18:11,0,file:///Volumes/Seagate%20Thunderbolt%20Drive/Music/(Jay-Z%20vs.%20The%20Notorious%20B.I.G.)/Unknown%20Album/I%20Just%20Wanna%20Love%20U%20(Give%20It%202%20Me)%20vs.%20Hypnotize%20(DJ%20Kontrol%20Mash-Up%20Mix)%20(Clean).mp3
28056,We Are Young vs. Donk (Lil Jon & DJ Kontrol Mash-Up Mix) (Clean),(Fun f. Janelle Monae vs. Soulja Boy Tell'em),,Mash-Up,2017-01-08 06:42:50,0,file:///Volumes/Seagate%20Thunderbolt%20Drive/Music/(Fun%20f.%20Janelle%20Monae%20vs.%20Soulja%20Boy%20Tell'em)/Unknown%20Album/We%20Are%20Young%20vs.%20Donk%20(Lil%20Jon%20&%20DJ%20Kontrol%20Mash-Up%20Mix)%20(Clean).mp3
28060,Yo Soy No Loca (I'm Not Crazy) vs. Calabria (DJ Kontrol Mash-Up Mix),(G-ZO f. Evey vs. Enur),,Mash-Up,2017-01-07 15:11:37,0,file:///Volumes/Seagate%20Thunderbolt%20Drive/Music/(G-ZO%20f.%20Evey%20vs.%20Enur)/Unknown%20Album/Yo%20Soy%20No%20Loca%20(I'm%20Not%20Crazy)%20vs.%20Calabria%20(DJ%20Kontrol%20Mash-Up%20Mix).mp3
28182,Got To Give It Up vs. Blurred Lines (DJ JW Mash-Up Mix),(Marvin Gaye vs. Robin Thicke),,Mash-Up,2017-01-05 09:12:51,0,file:///Volumes/Seagate%20Thunderbolt%20Drive/Music/(Marvin%20Gaye%20vs.%20Robin%20Thicke)/Unknown%20Album/Got%20To%20Give%20It%20Up%20vs.%20Blurred%20Lines%20(DJ%20JW%20Mash-Up%20Mix).mp3
28180,Got To Give It Up vs. Blurred Lines (DJ Dark Kent Mash-Up Mix),(Marvin Gaye vs. Robin Thicke),,Mash-Up,2016-12-31 12:31:21,0,file:///Volumes/Seagate%20Thunderbolt%20Drive/Music/(Marvin%20Gaye%20vs.%20Robin%20Thicke)/Unknown%20Album/Got%20To%20Give%20It%20Up%20vs.%20Blurred%20Lines%20(DJ%20Dark%20Kent%20Mash-Up%20Mix).mp3
28178,Rude New Flame (DJ Kontrol Mash-Up Mix),(Magic! vs. Chris Brown),,Mash-Up,2017-01-03 07:15:08,0,file:///Volumes/Seagate%20Thunderbolt%20Drive/Music/(Magic!%20vs.%20Chris%20Brown)/Unknown%20Album/Rude%20New%20Flame%20(DJ%20Kontrol%20Mash-Up%20Mix).mp3
28174,Royals (Lil Jon & DJ Kontrol Mash-Up Mix),(Lorde vs. Lil Jon & The East Side Boyz),,Mash-Up,2016-12-31 14:32:27,0,file:///Volumes/Seagate%20Thunderbolt%20Drive/Music/(Lorde%20vs.%20Lil%20Jon%20&%20The%20East%20Side%20Boyz)/Unknown%20Album/Royals%20(Lil%20Jon%20&%20DJ%20Kontrol%20Mash-Up%20Mix).mp3
28172,Party Rock Anthem vs. Gangnam Style (DJ Strobe Mash-Up Mix),(LMFAO vs. PSY),,Mash-Up,2017-01-21 04:18:00,0,file:///Volumes/Seagate%20Thunderbolt%20Drive/Music/(LMFAO%20vs.%20PSY)/Unknown%20Album/Party%20Rock%20Anthem%20vs.%20Gangnam%20Style%20(DJ%20Strobe%20Mash-Up%20Mix).mp3
28166,Numb Bouncer (DJ Kontrol Mash-Up Mix) (Clean),(Linkin Park vs. Showtek & Ookay),,Mash-Up,2017-01-23 02:00:27,0,file:///Volumes/Seagate%20Thunderbolt%20Drive/Music/(Linkin%20Park%20vs.%20Showtek%20&%20Ookay)/Unknown%20Album/Numb%20Bouncer%20(DJ%20Kontrol%20Mash-Up%20Mix)%20(Clean).mp3
28150,Fancy (DJ Kontrol Mash-Up Mix) (Explicit),(Lil Kim vs. Charli XCX),,Mash-Up,2017-01-12 20:00:14,0,file:///Volumes/Seagate%20Thunderbolt%20Drive/Music/(Lil%20Kim%20vs.%20Charli%20XCX)/Unknown%20Album/Fancy%20(DJ%20Kontrol%20Mash-Up%20Mix)%20(Explicit).mp3
28148,Fancy (DJ Kontrol Mash-Up Mix) (Clean),(Lil Kim vs. Charli XCX),,Mash-Up,2017-01-20 23:19:30,0,file:///Volumes/Seagate%20Thunderbolt%20Drive/Music/(Lil%20Kim%20vs.%20Charli%20XCX)/Unknown%20Album/Fancy%20(DJ%20Kontrol%20Mash-Up%20Mix)%20(Clean).mp3
28126,Drink vs. Crank That (Lil Jon & DJ Kontrol Mash-Up Mix) (Explicit),(Lil Jon f. LMFAO vs. Soulja Boy Tell'em),,Mash-Up,2017-01-09 22:37:17,0,file:///Volumes/Seagate%20Thunderbolt%20Drive/Music/(Lil%20Jon%20f.%20LMFAO%20vs.%20Soulja%20Boy%20Tell'em)/Unknown%20Album/Drink%20vs.%20Crank%20That%20(Lil%20Jon%20&%20DJ%20Kontrol%20Mash-Up%20Mix)%20(Explicit).mp3
28124,Drink vs. Crank That (Lil Jon & DJ Kontrol Mash-Up Mix) (Clean),(Lil Jon f. LMFAO vs. Soulja Boy Tell'em),,Mash-Up,2016-12-28 09:38:17,0,file:///Volumes/Seagate%20Thunderbolt%20Drive/Music/(Lil%20Jon%20f.%20LMFAO%20vs.%20Soulja%20Boy%20Tell'em)/Unknown%20Album/Drink%20vs.%20Crank%20That%20(Lil%20Jon%20&%20DJ%20Kontrol%20Mash-Up%20Mix)%20(Clean).mp3
28122,Drink vs. Rattle (Lil Jon & DJ Kontrol Mash-Up Mix) (Explicit),(Lil Jon f. LMFAO vs. Bingo Players),,Mash-Up,2017-01-09 18:30:18,0,file:///Volumes/Seagate%20Thunderbolt%20Drive/Music/(Lil%20Jon%20f.%20LMFAO%20vs.%20Bingo%20Players)/Unknown%20Album/Drink%20vs.%20Rattle%20(Lil%20Jon%20&%20DJ%20Kontrol%20Mash-Up%20Mix)%20(Explicit).mp3
28120,Drink vs. Rattle (Lil Jon & DJ Kontrol Mash-Up Mix) (Clean),(Lil Jon f. LMFAO vs. Bingo Players),,Mash-Up,2017-01-13 23:38:47,0,file:///Volumes/Seagate%20Thunderbolt%20Drive/Music/(Lil%20Jon%20f.%20LMFAO%20vs.%20Bingo%20Players)/Unknown%20Album/Drink%20vs.%20Rattle%20(Lil%20Jon%20&%20DJ%20Kontrol%20Mash-Up%20Mix)%20(Clean).mp3
28118,Snap Yo Fingers & Wiggle (Lil Jon & DJ Kontrol Mash-Up Mix) (Clean),(Lil Jon f. E-40 vs. Jason Derulo),,Mash-Up,2017-01-13 03:08:59,0,file:///Volumes/Seagate%20Thunderbolt%20Drive/Music/(Lil%20Jon%20f.%20E-40%20vs.%20Jason%20Derulo)/Unknown%20Album/Snap%20Yo%20Fingers%20&%20Wiggle%20(Lil%20Jon%20&%20DJ%20Kontrol%20Mash-Up%20Mix)%20(Clean).mp3
28106,I.D.G.A.F.O.S. About Summertime Sadness (DJ Kontrol Mash-Up Mix),(Lana Del Rey vs. Dillon Francis),,Mash-Up,2017-01-16 06:17:07,0,file:///Volumes/Seagate%20Thunderbolt%20Drive/Music/(Lana%20Del%20Rey%20vs.%20Dillon%20Francis)/Unknown%20Album/I.D.G.A.F.O.S.%20About%20Summertime%20Sadness%20(DJ%20Kontrol%20Mash-Up%20Mix).mp3
28096,Die Young vs. Levels (Mash-Up Mix),(Ke$ha vs. Avicii),,Mash-Up,2017-01-24 06:09:34,0,file:///Volumes/Seagate%20Thunderbolt%20Drive/Music/(Ke$ha%20vs.%20Avicii)/Unknown%20Album/Die%20Young%20vs.%20Levels%20(Mash-Up%20Mix).mp3
28094,Teenage Dream vs. What Doesn't Kill You (Stronger) (Mash-Up Mix),(Katy Perry vs. Kelly Clarkson),,Mash-Up,2017-01-22 06:50:58,0,file:///Volumes/Seagate%20Thunderbolt%20Drive/Music/(Katy%20Perry%20vs.%20Kelly%20Clarkson)/Unknown%20Album/Teenage%20Dream%20vs.%20What%20Doesn't%20Kill%20You%20(Stronger)%20(Mash-Up%20Mix).mp3
28092,Dark Burn (Russ Rich & LFB Mash-Up Mix) (Clean),(Katy Perry vs. Ellie Goulding),,Mash-Up,2016-12-29 16:24:39,0,file:///Volumes/Seagate%20Thunderbolt%20Drive/Music/(Katy%20Perry%20vs.%20Ellie%20Goulding)/Unknown%20Album/Dark%20Burn%20(Russ%20Rich%20&%20LFB%20Mash-Up%20Mix)%20(Clean).mp3
28080,Empire State Of Mind vs. Dear New York (DJ Kontrol Mash-Up Mix) (Clean),(Jay-Z f. Alicia Keys vs. Firebeatz & Schella),,Mash-Up,2017-01-15 17:31:00,0,file:///Volumes/Seagate%20Thunderbolt%20Drive/Music/(Jay-Z%20f.%20Alicia%20Keys%20vs.%20Firebeatz%20&%20Schella)/Unknown%20Album/Empire%20State%20Of%20Mind%20vs.%20Dear%20New%20York%20(DJ%20Kontrol%20Mash-Up%20Mix)%20(Clean).mp3
28274,Dancing Machine vs. Fine China (Mash-Up Mix) (Clean),(The Jackson 5 vs. Chris Brown),,Mash-Up,2017-01-26 12:49:22,0,file:///Volumes/Seagate%20Thunderbolt%20Drive/Music/(The%20Jackson%205%20vs.%20Chris%20Brown)/Unknown%20Album/Dancing%20Machine%20vs.%20Fine%20China%20(Mash-Up%20Mix)%20(Clean).mp3
28074,Radioactive vs. Gangnam Style (Diplo Remix) (DJ Kontrol Mash-Up Mix) (Clean),(Imagine Dragons vs. PSY f. 2 Chainz & Tyga),,Mash-Up,2017-01-23 03:42:32,0,file:///Volumes/Seagate%20Thunderbolt%20Drive/Music/(Imagine%20Dragons%20vs.%20PSY%20f.%202%20Chainz%20&%20Tyga)/Unknown%20Album/Radioactive%20vs.%20Gangnam%20Style%20(Diplo%20Remix)%20(DJ%20Kontrol%20Mash-Up%20Mix)%20(Clean).mp3
28072,Demons (DJ Kontrol Mash-Up Mix) (Clean),(Imagine Dragons vs. DJ Snake),,Mash-Up,2016-12-29 13:41:48,0,file:///Volumes/Seagate%20Thunderbolt%20Drive/Music/(Imagine%20Dragons%20vs.%20DJ%20Snake)/Unknown%20Album/Demons%20(DJ%20Kontrol%20Mash-Up%20Mix)%20(Clean).mp3
28058,Changes Some Nights (DJ Kontrol Mash-Up Mix) (Clean),(Fun. vs. 2Pac),,Mash-Up,2016-12-29 11:16:34,0,file:///Volumes/Seagate%20Thunderbolt%20Drive/Music/(Fun.%20vs.%202Pac)/Unknown%20Album/Changes%20Some%20Nights%20(DJ%20Kontrol%20Mash-Up%20Mix)%20(Clean).mp3
28088,I Just Wanna Love U (Give It 2 Me) vs. Hypnotize (DJ Kontrol Mash-Up Mix) (Dirty),(Jay-Z vs. The Notorious B.I.G.),,Mash-Up,2017-01-11 18:34:59,1,file:///Volumes/Seagate%20Thunderbolt%20Drive/Music/(Jay-Z%20vs.%20The%20Notorious%20B.I.G.)/Unknown%20Album/I%20Just%20Wanna%20Love%20U%20(Give%20It%202%20Me)%20vs.%20Hypnotize%20(DJ%20Kontrol%20Mash-Up%20Mix)%20(Dirty).mp3