Track ID,Name,Artist,Album,Genre,2022-04-09 19:37:58,Play Count,Location
75472,Last Night (Remix),"Keisha Cole, Lil Kim, Busta Rhymes",2022-04-09 11:16:57,R&B,2014-08-26 01:59:59,0,"file:///Volumes/Seagate%20Thunderbolt%20Drive/Music/Keisha%20Cole,%20Lil%20Kim,%20Busta%20Rhymes/Love%20&%20Culture%2005/13%20Last%20Night%20(Remix).mp3"
90360,Miss Independant (Ted Smooth Rmx Clean),Ne-Yo Feat. Mr Cheeks ,Year Of The Gentleman,R&B,2022-03-26 06:37:36,0,file:///Volumes/Seagate%20Thunderbolt%20Drive/Music/Ne-Yo%20Feat.%20Mr%20Cheeks/Year%20Of%20The%20Gentleman/Miss%20Independant%20(Ted%20Smooth%20Rmx%20Clean).mp3
90200,Crazy,Ne-Yo Feat. Jay-Z,Because Of You,R&B,2022-04-07 23:22:39,0,file:///Volumes/Seagate%20Thunderbolt%20Drive/Music/Ne-Yo/Because%20Of%20You/02%20Crazy.mp3
90326,Crazy Love ,Ne-Yo (feat Fabolous),,R&B,2022-04-05 02:42:21,0,file:///Volumes/Seagate%20Thunderbolt%20Drive/Music/Ne-Yo%20(feat%20Fabolous)/Unknown%20Album/Crazy%20Love.mp3
90310,One In A Million,Ne-Yo,,R&B,2022-04-10 23:54:30,0,file:///Volumes/Seagate%20Thunderbolt%20Drive/Music/Ne-Yo/Unknown%20Album/One%20In%20A%20Million.mp3
90254,Get Down Like That (Remix),Ne-Yo,In My Own Words,R&B,2022-04-13 02:52:48,0,file:///Volumes/Seagate%20Thunderbolt%20Drive/Music/Ne-Yo/In%20My%20Own%20Words/13%20Get%20Down%20Like%20That%20(Remix).mp3
89982,Get To Know Me,Nas & Joe,2006 Blazin Hip Hop  & R&B Vol53,R&B,2022-04-20 08:04:14,0,file:///Volumes/Seagate%20Thunderbolt%20Drive/Music/Nas%20&%20Joe/2006%20Blazin%20Hip%20Hop%20%20&%20R&B%20Vol53/11%20Get%20To%20Know%20Me.mp3
89580,It's All About Me,Mya & Sisqo,Single,R&B,2022-04-14 12:25:32,0,file:///Volumes/Seagate%20Thunderbolt%20Drive/Music/Mya%20&%20Sisqo/Single/It's%20All%20About%20Me.mp3
88860,Don't Take It Personal,Monica,Miss Thang,R&B,2022-04-07 10:33:29,0,file:///Volumes/Seagate%20Thunderbolt%20Drive/Music/Monica/Miss%20Thang/03%20Don't%20Take%20It%20Personal.mp3
88802,He's Mine (1995),Mokenstef,,R&B,2022-04-16 03:15:26,0,file:///Volumes/Seagate%20Thunderbolt%20Drive/Music/Mokenstef/Unknown%20Album/He's%20Mine%20(1995).mp3
88274,Blackberry Molasses,Mista,,R&B,2022-04-19 04:07:22,0,file:///Volumes/Seagate%20Thunderbolt%20Drive/Music/Mista/Unknown%20Album/Blackberry%20Molasses.mp3
88260,Hot Boyz,Missy Elliott,Hot Boyz (Single),R&B,2022-04-14 20:04:54,0,file:///Volumes/Seagate%20Thunderbolt%20Drive/Music/Missy%20Elliott/Hot%20Boyz%20(Single)/01%20Hot%20Boyz.mp3
87652,All I Want Is You (Feat. J. Cole),Miguel,All I Want Is You,R&B,2022-04-11 15:08:40,0,file:///Volumes/Seagate%20Thunderbolt%20Drive/Music/Miguel/All%20I%20Want%20Is%20You/02%20All%20I%20Want%20Is%20You%20(Feat.%20J.%20Cole).mp3
87650,Sure Thing,Miguel,All I Want Is You,R&B,2022-04-23 06:50:27,1,file:///Volumes/Seagate%20Thunderbolt%20Drive/Music/Miguel/All%20I%20Want%20Is%20You/01%20Sure%20Thing.mp3
86102,Sumthin' Sumthin',Maxwell,Maxwell's Urban Hang Suite,R&B,2022-04-12 05:35:59,0,file:///Volumes/Seagate%20Thunderbolt%20Drive/Music/Maxwell/Maxwell's%20Urban%20Hang%20Suite/03%20Sumthin'%20Sumthin'.mp3
85656,Only You [Bad Boy Remix],Mase,Ultimate Hip Hop Party 1998,R&B,2022-04-04 08:21:34,0,file:///Volumes/Seagate%20Thunderbolt%20Drive/Music/Mase/Ultimate%20Hip%20Hop%20Party%201998/1-04%20Only%20You%20%5BBad%20Boy%20Remix%5D.mp3
90362,Stay,Ne-Yo Feat. Peedi Peedi,In My Own Words,R&B,2022-04-17 13:01:30,0,file:///Volumes/Seagate%20Thunderbolt%20Drive/Music/Ne-Yo%20Feat.%20Peedi%20Peedi/In%20My%20Own%20Words/01%20Stay.mp3
85346,No More Drama (Remix),Mary J. Blige Feat. P. Diddy,No More Drama [2002],R&B,2022-04-14 01:54:59,0,file:///Volumes/Seagate%20Thunderbolt%20Drive/Music/Mary%20J.%20Blige/No%20More%20Drama%20%5B2002%5D/11%20No%20More%20Drama%20(Remix).mp3
90742,Hot2Nite - 1A/12A,New Edition,One Love,R&B,2022-04-21 11:20:47,0,file:///Volumes/Seagate%20Thunderbolt%20Drive/Music/New%20Edition/One%20Love/03%20Hot2Nite%20-%201A_12A.mp3
91988,Entourage,Omarion,21,R&B,2022-04-19 13:07:46,0,file:///Volumes/Seagate%20Thunderbolt%20Drive/Music/Omarion/21/01%20Entourage.mp3
98518,Birthday Cake (Remix) (Radio Edit),Rihanna f. Chris Brown,,R&B,2022-04-01 00:42:58,0,file:///Volumes/Seagate%20Thunderbolt%20Drive/Music/Rihanna%20f.%20Chris%20Brown/Unknown%20Album/Birthday%20Cake%20(Remix)%20(Radio%20Edit).mp3
98418,Nobody's Business (feat. Chris Brown),Rihanna,Unapologetic (Deluxe Version),R&B,2022-04-15 18:13:31,0,file:///Volumes/Seagate%20Thunderbolt%20Drive/Music/Rihanna/Unapologetic%20(Deluxe%20Version)/10%20Nobody's%20Business%20(feat.%20Chris%20Brown).m4a
96564,We Love (Radio Edit),Ray Lavender,,R&B,2022-04-10 02:22:06,0,file:///Volumes/Seagate%20Thunderbolt%20Drive/Music/Ray%20Lavender/Unknown%20Album/We%20Love%20(Radio%20Edit).mp3
96524,Wait  A Minute,Ray J Feat. Lil' Kim,,R&B,2022-04-14 17:25:34,0,file:///Volumes/Seagate%20Thunderbolt%20Drive/Music/Ray%20J%20Feat.%20Lil'%20Kim/Unknown%20Album/Wait%20%20A%20Minute.mp3
96436,You Better Be Good (Explicit),RaVaughn f. Wale,,R&B,2022-04-06 22:17:52,0,file:///Volumes/Seagate%20Thunderbolt%20Drive/Music/RaVaughn%20f.%20Wale/Unknown%20Album/You%20Better%20Be%20Good%20(Explicit).mp3
96036,Snake,R. Kelly Feat. Big Tigger,Chocolate Factory,R&B,2022-04-04 14:22:07,0,file:///Volumes/Seagate%20Thunderbolt%20Drive/Music/R.%20Kelly%20Feat.%20Big%20Tigger/Chocolate%20Factory/16%20Snake.mp3
96046,Fiesta (Remix),"R. Kelly Feat. Jay-Z, Boo & Gotti",The R. In R&B Collection Vol. 1,2022-04-23 06:33:55,2014-08-26 01:59:59,1,"file:///Volumes/Seagate%20Thunderbolt%20Drive/Music/R.%20Kelly%20Feat.%20Jay-Z,%20Boo%20&%20Gotti/The%20R.%20In%20R&B%20Collection%20Vol.%201/1-11%20Fiesta%20(Remix).mp3"
95812,"Baby, Baby, Baby, Baby,2022-03-25 04:05:48,R. Kelly,R. Kelly,R&B,2014-08-26 01:59:59,1,"file:///Volumes/Seagate%20Thunderbolt%20Drive/Music/R.%20Kelly/R.%20Kelly/06%20Baby,%20Baby,%20Baby,%20Baby,%20Baby....mp3"
95840,Thoia Thoing,R. Kelly,The R. In R&B Collection Vol. 1,R&B,2022-03-28 06:34:35,0,file:///Volumes/Seagate%20Thunderbolt%20Drive/Music/R.%20Kelly/The%20R.%20In%20R&B%20Collection%20Vol.%201/1-09%20Thoia%20Thoing.mp3
95838,Step In The Name Of Love (Remix),R. Kelly,The R. In R&B Collection Vol. 1,R&B,2022-03-25 04:04:26,0,file:///Volumes/Seagate%20Thunderbolt%20Drive/Music/R.%20Kelly/The%20R.%20In%20R&B%20Collection%20Vol.%201/1-08%20Step%20In%20The%20Name%20Of%20Love%20(Remix).mp3
95782,Half On A Baby,R. Kelly,R. [Disc 1],R&B,2022-04-03 05:40:59,0,file:///Volumes/Seagate%20Thunderbolt%20Drive/Music/R.%20Kelly/R.%20%5BDisc%201%5D/1-04%20Half%20On%20A%20Baby.mp3
95768,The World's Greatest,R. Kelly,Loveland [Bonus Disc],R&B,2022-04-14 05:38:34,0,file:///Volumes/Seagate%20Thunderbolt%20Drive/Music/R.%20Kelly/Loveland%20%5BBonus%20Disc%5D/2-04%20The%20World's%20Greatest.mp3
95736,Love Letter - 4A/4B - 4A/4B,R. Kelly,Love Letter,R&B,2022-04-07 16:59:26,0,file:///Volumes/Seagate%20Thunderbolt%20Drive/Music/R.%20Kelly/Love%20Letter/02%20Love%20Letter%20-%204A_4B%20-%204A_4B.mp3
95720,Ignition (Remix),R. Kelly,Chocolate Factory,R&B,2022-03-27 07:49:54,0,file:///Volumes/Seagate%20Thunderbolt%20Drive/Music/R.%20Kelly/Chocolate%20Factory/10%20Ignition%20(Remix).mp3
95690,Spendin Money - 1A/11A - 1A/11A,R Kelly ,,R&B,2022-04-16 22:07:51,0,file:///Volumes/Seagate%20Thunderbolt%20Drive/Music/R%20Kelly/Unknown%20Album/Spendin%20Money%20-%201A_11A%20-%201A_11A.mp3
109824,(You To Be) Happy,The Notorious B.I.G. F,R. Kelly,R&B,2022-04-06 09:36:48,0,file:///Volumes/Seagate%20Thunderbolt%20Drive/Music/The%20Notorious%20B.I.G.%20F/R.%20Kelly/07%20(You%20To%20Be)%20Happy.mp3
85526,Reminisce,Mary J. Blige,What's The 411? (The Remix),R&B,2022-04-10 17:42:07,0,file:///Volumes/Seagate%20Thunderbolt%20Drive/Music/Mary%20J.%20Blige/What's%20The%20411_%20(The%20Remix)/06%20Reminisce.mp3
85324,Be Happy,Mary J. Blige,My Life,R&B,2022-04-22 22:57:14,0,file:///Volumes/Seagate%20Thunderbolt%20Drive/Music/Mary%20J.%20Blige/My%20Life/17%20Be%20Happy.mp3
85274,Favorite Flavor Ft.Ll Cool J,Mary J. Blige,Mary J. Blige and Friends,R&B,2022-04-05 18:47:45,0,file:///Volumes/Seagate%20Thunderbolt%20Drive/Music/Mary%20J.%20Blige/Mary%20J.%20Blige%20and%20Friends/06%20Favorite%20Flavor%20Ft.Ll%20Cool%20J.mp3
78752,Everything Is Everything,Lauryn Hill,The Miseducation Of Lauryn Hill,R&B,2022-04-20 16:32:35,0,file:///Volumes/Seagate%20Thunderbolt%20Drive/Music/Lauryn%20Hill/The%20Miseducation%20Of%20Lauryn%20Hill/13%20Everything%20Is%20Everything.mp3
78736,Doo Wop (That Thing),Lauryn Hill,The Miseducation Of Lauryn Hill,R&B,2022-04-10 18:53:16,0,file:///Volumes/Seagate%20Thunderbolt%20Drive/Music/Lauryn%20Hill/The%20Miseducation%20Of%20Lauryn%20Hill/05%20Doo%20Wop%20(That%20Thing).mp3
76520,(I Just Want It) To Be Over,Keyshia Cole,The Way it is,R&B,2022-04-17 03:41:53,0,file:///Volumes/Seagate%20Thunderbolt%20Drive/Music/Keyshia%20Cole/The%20Way%20it%20is/01%20(I%20Just%20Want%20It)%20To%20Be%20Over.mp3
76504,Last Night (ft Diddy),Keyshia Cole,Just Like You,R&B,2022-03-25 14:52:25,0,file:///Volumes/Seagate%20Thunderbolt%20Drive/Music/Keyshia%20Cole/Just%20Like%20You/Last%20Night%20(ft%20Diddy).mp3
76276,Pretty Girl Rock (Remix) (Feat. Kanye West),Keri Hilson,No Boys Allowed,R&B,2022-04-05 18:05:36,0,file:///Volumes/Seagate%20Thunderbolt%20Drive/Music/Keri%20Hilson/No%20Boys%20Allowed/12%20Pretty%20Girl%20Rock%20(Remix)%20(Feat.%20Kanye%20West).mp3
76256,Pretty Girl Rock,Keri Hilson,No Boys Allowed,R&B,2022-04-16 01:02:49,0,file:///Volumes/Seagate%20Thunderbolt%20Drive/Music/Keri%20Hilson/No%20Boys%20Allowed/02%20Pretty%20Girl%20Rock.mp3
45536,Loyal (Radio Edit),Chris Brown f. French Montana & Lil Wayne,,Urban,2022-04-21 00:03:13,0,file:///Volumes/Seagate%20Thunderbolt%20Drive/Music/Chris%20Brown%20f.%20French%20Montana%20&%20Lil%20Wayne/Unknown%20Album/Loyal%20(Radio%20Edit).mp3
75588,Don't Stop Your Love ,Keith Sweat,Live,R&B,2022-04-15 13:47:55,0,file:///Volumes/Seagate%20Thunderbolt%20Drive/Music/Keith%20Sweat/Live/01%20Don't%20Stop%20Your%20Love.mp3
75590,Something Just Aint Right,Keith Sweat,Live,R&B,2022-03-29 14:15:26,0,file:///Volumes/Seagate%20Thunderbolt%20Drive/Music/Keith%20Sweat/Live/02%20Something%20Just%20Aint%20Right.mp3
75552,Keep It Comin',Keith Sweat,Keep it Comin',R&B,2022-03-27 02:58:47,0,file:///Volumes/Seagate%20Thunderbolt%20Drive/Music/Keith%20Sweat/Keep%20it%20Comin'/01%20Keep%20It%20Comin'.mp3
75532,Something Just Ain't Right,Keith Sweat,Just A Touch,R&B,2022-04-01 23:07:45,0,file:///Volumes/Seagate%20Thunderbolt%20Drive/Music/Keith%20Sweat/Just%20A%20Touch/02%20Something%20Just%20Ain't%20Right.mp3
45634,Love More (Radio Edit),Chris Brown f. Nicki Minaj,,Urban,2022-03-30 04:07:10,0,file:///Volumes/Seagate%20Thunderbolt%20Drive/Music/Chris%20Brown%20f.%20Nicki%20Minaj/Unknown%20Album/Love%20More%20(Radio%20Edit).mp3
75470,"Keisha Cole Ft Lil Kim, Missy- Let it Go","Keisha Cole Ft Lil Kim, Missy- Let it Go",2022-03-30 11:28:07,R&B,2014-08-26 01:59:59,0,"file:///Volumes/Seagate%20Thunderbolt%20Drive/Music/Keisha%20Cole%20Ft%20Lil%20Kim,%20Missy-%20Let%20it%20Go/Unknown%20Album/Keisha%20Cole%20Ft%20Lil%20Kim,%20Missy-%20Let%20it%20Go.mp3"
73980,Do Me Now,K. Roosevelt ft Hit-Boy,,R&B,2022-04-08 05:17:24,0,file:///Volumes/Seagate%20Thunderbolt%20Drive/Music/K.%20Roosevelt%20ft%20Hit-Boy/Unknown%20Album/Do%20Me%20Now.mp3
73794,On The Ocean,K Jon,,R&B,2022-04-13 00:59:26,0,file:///Volumes/Seagate%20Thunderbolt%20Drive/Music/K%20Jon/Unknown%20Album/On%20The%20Ocean.mp3
78756,Can't Take My Eyes Off Of You,Lauryn Hill,The Miseducation Of Lauryn Hill,R&B,2022-04-11 09:06:14,0,file:///Volumes/Seagate%20Thunderbolt%20Drive/Music/Lauryn%20Hill/The%20Miseducation%20Of%20Lauryn%20Hill/15%20Can't%20Take%20My%20Eyes%20Off%20Of%20You.mp3
81372,Want You (Ft.Lil' Wayne),Lloyd,Aaa,R&B,2022-04-05 02:11:07,0,file:///Volumes/Seagate%20Thunderbolt%20Drive/Music/Lloyd/Aaa/Want%20You%20(Ft.Lil'%20Wayne).mp3
81378,Get It Shawty,Lloyd,Hot Joints,R&B,2022-04-07 11:27:31,0,file:///Volumes/Seagate%20Thunderbolt%20Drive/Music/Lloyd/Hot%20Joints/Get%20It%20Shawty.mp3
81380,Cupid - 4B/4A,Lloyd,King of Hearts,R&B,2022-04-04 07:48:21,0,file:///Volumes/Seagate%20Thunderbolt%20Drive/Music/Lloyd/King%20of%20Hearts/Cupid%20-%204B_4A.mp3
85426,MJB Da MVP,Mary J. Blige,The Breakthrough,R&B,2022-04-11 14:01:13,0,file:///Volumes/Seagate%20Thunderbolt%20Drive/Music/Mary%20J.%20Blige/The%20Breakthrough/10%20MJB%20Da%20MVP.mp3
85200,Whats The 411,Mary J. Blidge Feat. Grand Puba,,R&B,2022-04-05 10:02:53,0,file:///Volumes/Seagate%20Thunderbolt%20Drive/Music/Mary%20J.%20Blidge%20Feat.%20Grand%20Puba/Unknown%20Album/Whats%20The%20411.mp3
85194,Skycap,Mary J Blige ft Timbaland ,HotNewHipHop.com,R&B,2022-03-30 19:11:56,0,file:///Volumes/Seagate%20Thunderbolt%20Drive/Music/Mary%20J%20Blige%20ft%20Timbaland/HotNewHipHop.com/01%20Skycap.mp3
85186,Real Love,Mary J Blidge,,R&B,2022-04-07 06:22:06,0,file:///Volumes/Seagate%20Thunderbolt%20Drive/Music/Mary%20J%20Blidge/Unknown%20Album/07%20Real%20Love.mp3
84986,Favorite Girl (Album Version),Marques Houston,Favorite Girl (Promo Cds),R&B,2022-03-30 12:55:53,0,file:///Volumes/Seagate%20Thunderbolt%20Drive/Music/Marques%20Houston/Favorite%20Girl%20(Promo%20Cds)/01%20Favorite%20Girl%20(Album%20Version).mp3
84718,Pretty Girl Bullsh-T,Mario Winans,Hurt No More,R&B,2022-04-07 16:50:38,0,file:///Volumes/Seagate%20Thunderbolt%20Drive/Music/Mario%20Winans/Hurt%20No%20More/12%20Pretty%20Girl%20Bullsh-T.mp3
84672,Just A Friend,Mario,,R&B,2022-04-20 14:26:06,0,file:///Volumes/Seagate%20Thunderbolt%20Drive/Music/Mario/Unknown%20Album/01%20Just%20A%20Friend.mp3
98612,Hate That I Love You,Rihanna ft. Ne-Yo,,R&B,2022-04-13 09:17:33,0,file:///Volumes/Seagate%20Thunderbolt%20Drive/Music/Rihanna%20ft.%20Ne-Yo/Unknown%20Album/Hate%20That%20I%20Love%20You.mp3
84612,Honey (Bad Boy Remix),Mariah Carey Feat. Mase & The Lox,Honey [Single],R&B,2022-03-28 18:46:08,0,file:///Volumes/Seagate%20Thunderbolt%20Drive/Music/Mariah%20Carey%20Feat.%20Mase%20&%20The%20Lox/Honey%20%5BSingle%5D/02%20Honey%20(Bad%20Boy%20Remix).mp3
84388,Heartbreaker (Remix),Mariah Carey,Rainbow,R&B,2022-04-03 16:00:29,0,file:///Volumes/Seagate%20Thunderbolt%20Drive/Music/Mariah%20Carey/Rainbow/07%20Heartbreaker%20(Remix).mp3
84376,Heartbreaker,Mariah Carey,Rainbow,R&B,2022-04-03 18:29:54,0,file:///Volumes/Seagate%20Thunderbolt%20Drive/Music/Mariah%20Carey/Rainbow/01%20Heartbreaker.mp3
84310,Emotions,Mariah Carey,Emotions,R&B,2022-04-04 03:12:16,0,file:///Volumes/Seagate%20Thunderbolt%20Drive/Music/Mariah%20Carey/Emotions/01%20Emotions.mp3
84292,Fantasy,Mariah Carey,Daydream,R&B,2022-04-09 14:52:23,0,file:///Volumes/Seagate%20Thunderbolt%20Drive/Music/Mariah%20Carey/Daydream/01%20Fantasy.mp3
84244,Honey,Mariah Carey,Butterfly,R&B,2022-03-31 15:24:15,0,file:///Volumes/Seagate%20Thunderbolt%20Drive/Music/Mariah%20Carey/Butterfly/01%20Honey.mp3
84196,Naked Remix ,Marcus Houston Featuring Mike Jones,,R&B,2022-04-06 21:26:57,0,file:///Volumes/Seagate%20Thunderbolt%20Drive/Music/Marcus%20Houston%20Featuring%20Mike%20Jones/Unknown%20Album/03%20Naked%20Remix.mp3
81448,Cupid (Radio Edit),Lloyd,,R&B,2022-04-07 02:29:46,0,file:///Volumes/Seagate%20Thunderbolt%20Drive/Music/Lloyd/Unknown%20Album/Cupid%20(Radio%20Edit).mp3
84234,Fantasy (Featuring O.D.B.),Mariah Carey,#1's,R&B,2022-03-31 03:31:06,0,file:///Volumes/Seagate%20Thunderbolt%20Drive/Music/Mariah%20Carey/%231's/08%20Fantasy%20(Featuring%20O.D.B.).mp3
71698,Don't Talk,Jon B,,R&B,2022-04-08 21:54:05,0,file:///Volumes/Seagate%20Thunderbolt%20Drive/Music/Jon%20B/Unknown%20Album/Don't%20Talk.mp3
99678,No More,Ruff Endz,Epic 2000 Urban Music Sampler,R&B,2022-04-06 12:53:32,0,file:///Volumes/Seagate%20Thunderbolt%20Drive/Music/Ruff%20Endz/Epic%202000%20Urban%20Music%20Sampler/01%20No%20More.mp3
99832,You’re Not My Girl - 5A/6A,Ryan Leslie,,R&B,2022-04-22 21:14:11,1,file:///Volumes/Seagate%20Thunderbolt%20Drive/Music/Ryan%20Leslie/Unknown%20Album/You_re%20Not%20My%20Girl%20-%205A_6A.mp3
32200,Girl On Fire (Radio Edit),Alicia Keys,,Urban,2022-04-22 13:32:07,0,file:///Volumes/Seagate%20Thunderbolt%20Drive/Music/Alicia%20Keys/Unknown%20Album/Girl%20On%20Fire%20(Radio%20Edit).mp3
31024,2AM (Radio Edit),Adrian Marcel,,Urban,2022-04-15 02:03:02,0,file:///Volumes/Seagate%20Thunderbolt%20Drive/Music/Adrian%20Marcel/Unknown%20Album/2AM%20(Radio%20Edit).mp3
30246,Enough Said (Radio Edit),Aaliyah f. Drake,,Urban,2022-03-25 00:13:22,0,file:///Volumes/Seagate%20Thunderbolt%20Drive/Music/Aaliyah%20f.%20Drake/Unknown%20Album/Enough%20Said%20(Radio%20Edit).mp3
82248,Can I (Radio Edit),Love Dollhouse,,Urban,2022-03-30 21:34:58,0,file:///Volumes/Seagate%20Thunderbolt%20Drive/Music/Love%20Dollhouse/Unknown%20Album/Can%20I%20(Radio%20Edit).mp3
28354,Anywhere,112,,R&B,2022-04-22 21:43:53,0,file:///Volumes/Seagate%20Thunderbolt%20Drive/Music/112/Unknown%20Album/Anywhere.mp3
28346,Peaches And Cream,112,Slow Jams,R&B,2022-04-22 17:40:46,0,file:///Volumes/Seagate%20Thunderbolt%20Drive/Music/112/Slow%20Jams/Peaches%20And%20Cream.mp3
28344,Dance With Me,112,Slow Jams,R&B,2022-04-13 15:08:41,0,file:///Volumes/Seagate%20Thunderbolt%20Drive/Music/112/Slow%20Jams/Dance%20With%20Me.mp3
29174,I Can't Take It (No More Remix),3Lw Ft. Nas,3Lw,R&B,2022-03-27 07:27:29,0,file:///Volumes/Seagate%20Thunderbolt%20Drive/Music/3Lw%20Ft.%20Nas/3Lw/12%20I%20Can't%20Take%20It%20(No%20More%20Remix).mp3
29170,No More (Trackmasters Remix),3Lw Feat. Nas,Cd Single,R&B,2022-03-25 08:33:18,0,file:///Volumes/Seagate%20Thunderbolt%20Drive/Music/3Lw%20Feat.%20Nas/Cd%20Single/No%20More%20(Trackmasters%20Remix).mp3
28312,Oh My Gosh (OMG) vs. O Let's Do It (Lil Jon & DJ Kontrol Mash-Up Mix),(Usher vs. Waka Flocka Flame),,R&B,2022-03-26 17:21:17,0,file:///Volumes/Seagate%20Thunderbolt%20Drive/Music/(Usher%20vs.%20Waka%20Flocka%20Flame)/Unknown%20Album/Oh%20My%20Gosh%20(OMG)%20vs.%20O%20Let's%20Do%20It%20(Lil%20Jon%20&%20DJ%20Kontrol%20Mash-Up%20Mix).mp3
115628,OMG (DJ Class Remix),"Usher ft Will.I.Am, DJ Class & Fatman Scoop",,2022-04-22 07:16:03,2014-08-26 01:59:59,0,"file:///Volumes/Seagate%20Thunderbolt%20Drive/Music/Usher%20ft%20Will.I.Am,%20DJ%20Class%20&%20Fatman%20Scoop/Unknown%20Album/OMG%20(DJ%20Class%20Remix).mp3"
115626,In My Bag,Usher ft TI ,Raymond vs. Raymond,R&B,2022-04-17 13:49:43,0,file:///Volumes/Seagate%20Thunderbolt%20Drive/Music/Usher%20ft%20TI/Raymond%20vs.%20Raymond/02%20In%20My%20Bag.mp3
115608,Lil Freak,Usher Feat. Nicki Minaj,Raymond V Raymond,R&B,2022-04-22 20:20:56,0,file:///Volumes/Seagate%20Thunderbolt%20Drive/Music/Usher%20Feat.%20Nicki%20Minaj/Raymond%20V%20Raymond/04%20Lil%20Freak.mp3
115604,Hot Toddy,Usher feat. Jay-Z & Ester Dean,Versus EP,R&B,2022-03-27 19:07:31,0,file:///Volumes/Seagate%20Thunderbolt%20Drive/Music/Usher%20feat.%20Jay-Z%20&%20Ester%20Dean/Versus%20EP/Hot%20Toddy.mp3
115594,Best Thing,Usher Feat JAY- Z,Here I Stand,R&B,2022-04-14 06:45:15,0,file:///Volumes/Seagate%20Thunderbolt%20Drive/Music/Usher%20Feat%20JAY-%20Z/Here%20I%20Stand/10%20Best%20Thing.mp3
32436,Love Is The Answer (Radio Edit),Aloe Blacc f. Pharrell,,Urban,2022-04-03 17:18:18,0,file:///Volumes/Seagate%20Thunderbolt%20Drive/Music/Aloe%20Blacc%20f.%20Pharrell/Unknown%20Album/Love%20Is%20The%20Answer%20(Radio%20Edit).mp3
115374,Hey Daddy (Daddy's Home),Usher,Raymond V Raymond,R&B,2022-04-03 06:58:50,0,file:///Volumes/Seagate%20Thunderbolt%20Drive/Music/Usher/Raymond%20V%20Raymond/02%20Hey%20Daddy%20(Daddy's%20Home).mp3
33220,Best Of Me (Radio Edit),Anthony Hamilton,,Urban,2022-04-11 11:25:18,0,file:///Volumes/Seagate%20Thunderbolt%20Drive/Music/Anthony%20Hamilton/Unknown%20Album/Best%20Of%20Me%20(Radio%20Edit).mp3
33430,The Way (Radio Edit 1),Ariana Grande f. Mac Miller,,Urban,2022-03-28 15:34:55,0,file:///Volumes/Seagate%20Thunderbolt%20Drive/Music/Ariana%20Grande%20f.%20Mac%20Miller/Unknown%20Album/The%20Way%20(Radio%20Edit%201).mp3
44718,You Are,Charlie Wilson,,Classic Soul,2022-03-29 20:25:11,0,file:///Volumes/Seagate%20Thunderbolt%20Drive/Music/Charlie%20Wilson/Unknown%20Album/You%20Are.mp3
44712,My Love Is All I Have (Radio Edit),Charlie Wilson,,Urban,2022-03-27 11:36:38,0,file:///Volumes/Seagate%20Thunderbolt%20Drive/Music/Charlie%20Wilson/Unknown%20Album/My%20Love%20Is%20All%20I%20Have%20(Radio%20Edit).mp3
44708,I Still Have You (Radio Edit),Charlie Wilson,,Urban,2022-04-14 13:50:54,0,file:///Volumes/Seagate%20Thunderbolt%20Drive/Music/Charlie%20Wilson/Unknown%20Album/I%20Still%20Have%20You%20(Radio%20Edit).mp3
41652,Street Dreamin (Quick Mix) (Explicit),Bridget Kelly f. Kendrick Lamar,,Urban,2022-04-14 08:38:46,0,file:///Volumes/Seagate%20Thunderbolt%20Drive/Music/Bridget%20Kelly%20f.%20Kendrick%20Lamar/Unknown%20Album/Street%20Dreamin%20(Quick%20Mix)%20(Explicit).mp3
41650,Street Dreamin (Quick Mix) (Clean),Bridget Kelly f. Kendrick Lamar,,Urban,2022-04-11 01:02:57,0,file:///Volumes/Seagate%20Thunderbolt%20Drive/Music/Bridget%20Kelly%20f.%20Kendrick%20Lamar/Unknown%20Album/Street%20Dreamin%20(Quick%20Mix)%20(Clean).mp3
41648,Street Dreamin (No Funkmaster Flex Version) (Radio Edit),Bridget Kelly f. Kendrick Lamar,,Urban,2022-04-13 21:49:55,0,file:///Volumes/Seagate%20Thunderbolt%20Drive/Music/Bridget%20Kelly%20f.%20Kendrick%20Lamar/Unknown%20Album/Street%20Dreamin%20(No%20Funkmaster%20Flex%20Version)%20(Radio%20Edit).mp3
41646,Street Dreamin (No Funkmaster Flex Version) (Explicit),Bridget Kelly f. Kendrick Lamar,,Urban,2022-03-31 07:22:44,0,file:///Volumes/Seagate%20Thunderbolt%20Drive/Music/Bridget%20Kelly%20f.%20Kendrick%20Lamar/Unknown%20Album/Street%20Dreamin%20(No%20Funkmaster%20Flex%20Version)%20(Explicit).mp3
41632,Special Delivery (Radio Edit),Bridget Kelly,,Urban,2022-04-04 10:54:44,0,file:///Volumes/Seagate%20Thunderbolt%20Drive/Music/Bridget%20Kelly/Unknown%20Album/Special%20Delivery%20(Radio%20Edit).mp3
41428,Put It Down (DJ Intro - DJ Outro 2) (Clean),Brandy f. Chris Brown,,Urban,2022-04-08 22:05:27,0,file:///Volumes/Seagate%20Thunderbolt%20Drive/Music/Brandy%20f.%20Chris%20Brown/Unknown%20Album/Put%20It%20Down%20(DJ%20Intro%20-%20DJ%20Outro%202)%20(Clean).mp3
41432,Put It Down (Quick Mix) (Clean),Brandy f. Chris Brown,,Urban,2022-04-09 15:43:00,0,file:///Volumes/Seagate%20Thunderbolt%20Drive/Music/Brandy%20f.%20Chris%20Brown/Unknown%20Album/Put%20It%20Down%20(Quick%20Mix)%20(Clean).mp3
38904,No Diggity (No Rap) (Radio Edit),Blackstreet f. Dr. Dre,,Urban,2022-03-25 20:01:52,0,file:///Volumes/Seagate%20Thunderbolt%20Drive/Music/Blackstreet%20f.%20Dr.%20Dre/Unknown%20Album/No%20Diggity%20(No%20Rap)%20(Radio%20Edit).mp3
38906,No Diggity (Radio Edit),Blackstreet f. Dr. Dre,,Urban,2022-04-19 06:33:24,0,file:///Volumes/Seagate%20Thunderbolt%20Drive/Music/Blackstreet%20f.%20Dr.%20Dre/Unknown%20Album/No%20Diggity%20(Radio%20Edit).mp3
37162,Flawless (Radio Edit 1),Beyonce f. Nicki Minaj,,Urban,2022-03-25 12:05:07,0,file:///Volumes/Seagate%20Thunderbolt%20Drive/Music/Beyonce%20f.%20Nicki%20Minaj/Unknown%20Album/Flawless%20(Radio%20Edit%201).mp3
37160,Flawless (Explicit),Beyonce f. Nicki Minaj,,Urban,2022-04-13 18:06:57,0,file:///Volumes/Seagate%20Thunderbolt%20Drive/Music/Beyonce%20f.%20Nicki%20Minaj/Unknown%20Album/Flawless%20(Explicit).mp3
34480,Leggo (Radio Edit),B. Smyth f. 2 Chainz,,Urban,2022-04-04 04:13:19,0,file:///Volumes/Seagate%20Thunderbolt%20Drive/Music/B.%20Smyth%20f.%202%20Chainz/Unknown%20Album/Leggo%20(Radio%20Edit).mp3
33384,Baby I (Radio Edit),Ariana Grande,,Urban,2022-03-29 18:53:29,0,file:///Volumes/Seagate%20Thunderbolt%20Drive/Music/Ariana%20Grande/Unknown%20Album/Baby%20I%20(Radio%20Edit).mp3
115358,This Ain't Sex,Usher,Here I Stand,R&B,2022-04-16 09:46:58,0,file:///Volumes/Seagate%20Thunderbolt%20Drive/Music/Usher/Here%20I%20Stand/03%20This%20Ain't%20Sex.mp3
115340,Bad Girl,Usher,Best Of Usher,R&B,2022-03-28 23:33:32,0,file:///Volumes/Seagate%20Thunderbolt%20Drive/Music/Usher/Best%20Of%20Usher/12%20Bad%20Girl.mp3
115338,U Don't Have To Call,Usher,Best Of Usher,R&B,2022-03-24 15:27:45,0,file:///Volumes/Seagate%20Thunderbolt%20Drive/Music/Usher/Best%20Of%20Usher/08%20U%20Don't%20Have%20To%20Call.mp3
106570,Rock Wit Me,Tha Rayne,,R&B,2022-03-30 03:24:07,0,file:///Volumes/Seagate%20Thunderbolt%20Drive/Music/Tha%20Rayne/Unknown%20Album/Rock%20Wit%20Me.mp3
105808,Make A Girl Feel Good Remix,Teairra Mari Feat. Kanye West,,R&B,2022-04-10 10:46:33,0,file:///Volumes/Seagate%20Thunderbolt%20Drive/Music/Teairra%20Mari%20Feat.%20Kanye%20West/Unknown%20Album/02%20Make%20A%20Girl%20Feel%20Good%20Remix.mp3
105784,Make A Girl Feel (Remix),Teairra Mari ,,R&B,2022-04-01 00:51:50,0,file:///Volumes/Seagate%20Thunderbolt%20Drive/Music/Teairra%20Mari/Unknown%20Album/13%20Make%20A%20Girl%20Feel%20(Remix).mp3
105432,Run It (Remix)-Chris Brown Feat. Juelz Santana,Tapemasters Inc,Tapemasters Inc Presents This Is The Remix (Parte Numero Dos),R&B,2022-04-14 20:38:25,0,file:///Volumes/Seagate%20Thunderbolt%20Drive/Music/Tapemasters%20Inc/Tapemasters%20Inc%20Presents%20This%20Is%20The%20Remix%20(Parte%20Numero%20Dos)/15%20Run%20It%20(Remix)-Chris%20Brown%20Feat.%20Juelz%20Santana.mp3
105340,The One,Tamar Braxton,,R&B,2022-04-14 19:12:44,0,file:///Volumes/Seagate%20Thunderbolt%20Drive/Music/Tamar%20Braxton/Unknown%20Album/The%20One.mp3
104462,Hypnotic,Syleena Johnson Feat. R. Kelly & Fabolous,Chapter 3: The Flesh,R&B,2022-04-15 05:29:55,0,file:///Volumes/Seagate%20Thunderbolt%20Drive/Music/Syleena%20Johnson%20Feat.%20R.%20Kelly%20&%20Fabolous/Chapter%203_%20The%20Flesh/02%20Hypnotic.mp3
104436,Special Occasion,Syleena Johnson,Chapter 3: The Flesh,R&B,2022-03-31 11:23:15,0,file:///Volumes/Seagate%20Thunderbolt%20Drive/Music/Syleena%20Johnson/Chapter%203_%20The%20Flesh/04%20Special%20Occasion.mp3
104434,He Makes Me Say,Syleena Johnson,Chapter 3: The Flesh,R&B,2022-03-27 00:46:47,0,file:///Volumes/Seagate%20Thunderbolt%20Drive/Music/Syleena%20Johnson/Chapter%203_%20The%20Flesh/03%20He%20Makes%20Me%20Say.mp3
104402,Anything (Remix),Swv Ft. Wu-Tang,,R&B,2022-03-31 21:24:41,0,file:///Volumes/Seagate%20Thunderbolt%20Drive/Music/Swv%20Ft.%20Wu-Tang/Unknown%20Album/32%20Anything%20(Remix).mp3
104388,Weak (1992),SWV ,,R&B,2022-04-14 01:59:51,0,file:///Volumes/Seagate%20Thunderbolt%20Drive/Music/SWV/Unknown%20Album/Weak%20(1992).mp3
104128,Heard It All Before,Sunshine Anderson,,R&B,2022-04-22 09:13:24,0,file:///Volumes/Seagate%20Thunderbolt%20Drive/Music/Sunshine%20Anderson/Unknown%20Album/01%20Heard%20It%20All%20Before.mp3
103208,Candy Rain,Soul for Real,,R&B,2022-04-08 04:01:09,0,file:///Volumes/Seagate%20Thunderbolt%20Drive/Music/Soul%20for%20Real/Unknown%20Album/Candy%20Rain.Mp3
102292,How Deep Is Your Love For Me,Sisco,title,R&B,2022-04-03 15:33:00,0,file:///Volumes/Seagate%20Thunderbolt%20Drive/Music/Sisco/title/05%20How%20Deep%20Is%20Your%20Love%20For%20Me.mp3
101872,I Need A Boss (Clean),Shareefa,,R&B,2022-04-16 14:42:42,0,file:///Volumes/Seagate%20Thunderbolt%20Drive/Music/Shareefa/Unknown%20Album/01%20I%20Need%20A%20Boss%20(Clean).mp3
100098,Soldier Of Love (Remix) ,Sadé  ft Maino,Soldier Of Love,R&B,2022-04-19 15:49:06,1,file:///Volumes/Seagate%20Thunderbolt%20Drive/Music/Sade%CC%81%20%20ft%20Maino/Soldier%20Of%20Love/Soldier%20Of%20Love%20(Remix).mp3
111286,Roc (Extended) (Explicit),The-Dream,,R&B,2022-04-19 07:16:28,0,file:///Volumes/Seagate%20Thunderbolt%20Drive/Music/The-Dream/Unknown%20Album/Roc%20(Extended)%20(Explicit).mp3
111884,Baby-Baby-Baby,TLC,Now & Forever - The Hits,R&B,2022-04-06 08:13:52,0,file:///Volumes/Seagate%20Thunderbolt%20Drive/Music/TLC/Now%20&%20Forever%20-%20The%20Hits/05%20Baby-Baby-Baby.mp3
111888,Creep,Tlc,,R&B,2022-03-30 08:54:36,0,file:///Volumes/Seagate%20Thunderbolt%20Drive/Music/Tlc/Unknown%20Album/1-02%20Creep.mp3
112102,He Wasn't Man Enough,Toni Braxton,Platinum and Gold Collection,R&B,2022-03-25 20:52:57,0,file:///Volumes/Seagate%20Thunderbolt%20Drive/Music/Toni%20Braxton/Platinum%20and%20Gold%20Collection/He%20Wasn't%20Man%20Enough.mp3
115336,Caught Up,Usher,Best Of Usher,R&B,2022-04-04 04:40:14,0,file:///Volumes/Seagate%20Thunderbolt%20Drive/Music/Usher/Best%20Of%20Usher/07%20Caught%20Up.mp3
115324,I Don't Know (Feat. P. Diddy),Usher,Best Of Usher,R&B,2022-04-08 02:35:24,0,file:///Volumes/Seagate%20Thunderbolt%20Drive/Music/Usher/Best%20Of%20Usher/03%20I%20Don't%20Know%20(Feat.%20P.%20Diddy).mp3
115322,Yeah!,Usher,Best Of Usher,R&B,2022-04-22 20:02:34,0,file:///Volumes/Seagate%20Thunderbolt%20Drive/Music/Usher/Best%20Of%20Usher/02%20Yeah!.mp3
115320,U Remind Me,Usher,Best Of Usher,R&B,2022-04-18 15:14:11,0,file:///Volumes/Seagate%20Thunderbolt%20Drive/Music/Usher/Best%20Of%20Usher/02%20U%20Remind%20Me.mp3
114148,I Like Them Girls (Album Version),Tyrese,I Like Them Girls (Cd Single),R&B,2022-04-16 01:11:37,0,file:///Volumes/Seagate%20Thunderbolt%20Drive/Music/Tyrese/I%20Like%20Them%20Girls%20(Cd%20Single)/02%20I%20Like%20Them%20Girls%20(Album%20Version).mp3
112938,Can't Help But Wait,Trey Songz,,R&B,2022-04-02 01:29:11,0,file:///Volumes/Seagate%20Thunderbolt%20Drive/Music/Trey%20Songz/Unknown%20Album/Can't%20Help%20But%20Wait.mp3
113080,Take You Home (Remix),Trey Songz,www.RNBxBeatz.com,R&B,2022-03-26 05:00:57,0,file:///Volumes/Seagate%20Thunderbolt%20Drive/Music/Trey%20Songz/www.RNBxBeatz.com/Take%20You%20Home%20(Remix).mp3
99838,Used to Be Feat. Fabolous,Ryan Leslie,Used to Be,R&B,2022-04-02 15:55:07,0,file:///Volumes/Seagate%20Thunderbolt%20Drive/Music/Ryan%20Leslie/Used%20to%20Be/03%20Used%20to%20Be%20Feat.%20Fabolous.mp3
112930,Cant Help But Wait (Ted Smooth Remix),TREY SONGZ,TREY SONGZ,R&B,2022-04-19 07:56:01,0,file:///Volumes/Seagate%20Thunderbolt%20Drive/Music/TREY%20SONGZ/TREY%20SONGZ/Cant%20Help%20But%20Wait%20(Ted%20Smooth%20Remix).mp3
112902,Bottoms Up (Feat. Nikki Minaj),Trey Songz,Passion Pain And Pleasure,R&B,2022-04-15 13:12:17,0,file:///Volumes/Seagate%20Thunderbolt%20Drive/Music/Trey%20Songz/Passion%20Pain%20And%20Pleasure/06%20Bottoms%20Up%20(Feat.%20Nikki%20Minaj).mp3
112888,Say Aah (Ted Smooth Rmx),Trey Songz,http://www.hiphopgrind.net,R&B,2022-03-25 05:48:18,0,file:///Volumes/Seagate%20Thunderbolt%20Drive/Music/Trey%20Songz/http___www.hiphopgrind.net/Say%20Aah%20(Ted%20Smooth%20Rmx).mp3
45446,Fine China (Radio Edit),Chris Brown,,Urban,2022-03-28 17:21:32,0,file:///Volumes/Seagate%20Thunderbolt%20Drive/Music/Chris%20Brown/Unknown%20Album/Fine%20China%20(Radio%20Edit).mp3
126038,I Gotta Go,Trey Songs,Hot 97 Vol.53,R&B,2022-04-15 11:10:28,0,file:///Volumes/Seagate%20Thunderbolt%20Drive/Music/Various%20Artists/Hot%2097%20Vol.53/07%20I%20Gotta%20Go.mp3
112402,Can't You See,Total,Total,R&B,2022-04-08 15:45:38,0,file:///Volumes/Seagate%20Thunderbolt%20Drive/Music/Total/Total/08%20Can't%20You%20See.mp3
112390,Trippin,Total,"Kima, Keisha And Pam",2022-04-07 10:17:27,2014-08-26 01:59:59,0,"file:///Volumes/Seagate%20Thunderbolt%20Drive/Music/Total/Kima,%20Keisha%20And%20Pam/01%20Trippin.mp3"
112104,Hit the Freeway (Ft. Loon),Toni Braxton,Platinum and Gold Collection,R&B,2022-04-07 22:01:35,0,file:///Volumes/Seagate%20Thunderbolt%20Drive/Music/Toni%20Braxton/Platinum%20and%20Gold%20Collection/Hit%20the%20Freeway%20(Ft.%20Loon).mp3
112916,Unusual (Feat. Drake) - 5A/6A,Trey Songz,Passion Pain And Pleasure,R&B,2022-04-11 00:09:47,0,file:///Volumes/Seagate%20Thunderbolt%20Drive/Music/Trey%20Songz/Passion%20Pain%20And%20Pleasure/13%20Unusual%20(Feat.%20Drake)%20-%205A_6A.mp3
45440,Fine China (DJ Ted Smooth Remix) (Radio Edit),Chris Brown,,Urban,2022-03-28 23:27:22,0,file:///Volumes/Seagate%20Thunderbolt%20Drive/Music/Chris%20Brown/Unknown%20Album/Fine%20China%20(DJ%20Ted%20Smooth%20Remix)%20(Radio%20Edit).mp3
71126,Used To Love You,John Legend,Get Lifted,R&B,2022-03-28 09:08:07,0,file:///Volumes/Seagate%20Thunderbolt%20Drive/Music/John%20Legend/Get%20Lifted/14%20Used%20To%20Love%20You.mp3
71118,Refuge (When It's Cold Outside),John Legend,Get Lifted,R&B,2022-04-02 19:57:39,0,file:///Volumes/Seagate%20Thunderbolt%20Drive/Music/John%20Legend/Get%20Lifted/10%20Refuge%20(When%20It's%20Cold%20Outside).mp3
36974,Sweet Dreams,Beyonce,I Am...Sasha Fierce,R&B,2022-04-03 20:13:33,0,file:///Volumes/Seagate%20Thunderbolt%20Drive/Music/Beyonce/I%20Am...Sasha%20Fierce/04%20Sweet%20Dreams.mp3
37014,Irreplaceable - 6B/5A,Beyonce,The.Singles.Collection,R&B,2022-03-30 23:14:36,0,file:///Volumes/Seagate%20Thunderbolt%20Drive/Music/Beyonce/The.Singles.Collection/Irreplaceable%20-%206B_5A.mp3
37018,Naughty Girl,Beyonce,The.Singles.Collection,R&B,2022-03-29 06:37:42,0,file:///Volumes/Seagate%20Thunderbolt%20Drive/Music/Beyonce/The.Singles.Collection/Naughty%20Girl.mp3
37210,Love On Top,Beyoncé,4,R&B,2022-03-30 06:39:11,0,file:///Volumes/Seagate%20Thunderbolt%20Drive/Music/Beyonce%CC%81/4/08%20Love%20On%20Top.mp3
36880,Love On Top (TedSmooth Remix),Beyonce,4,R&B,2022-03-29 12:12:03,0,file:///Volumes/Seagate%20Thunderbolt%20Drive/Music/Beyonce/4/Love%20On%20Top%20(TedSmooth%20Remix).mp3
37192,Ego (Remix) ,Beyonce ft Kanye West ,,R&B,2022-03-30 04:40:20,0,file:///Volumes/Seagate%20Thunderbolt%20Drive/Music/Beyonce%20ft%20Kanye%20West/Unknown%20Album/Ego%20(Remix).mp3
37194,Move Your Body,Beyonce ft. Swizz Beatz,,R&B,2022-04-13 15:51:23,0,file:///Volumes/Seagate%20Thunderbolt%20Drive/Music/Beyonce%20ft.%20Swizz%20Beatz/Unknown%20Album/Move%20Your%20Body.mp3
71120,She Don't Have To Know,John Legend,Get Lifted,R&B,2022-04-14 02:00:10,0,file:///Volumes/Seagate%20Thunderbolt%20Drive/Music/John%20Legend/Get%20Lifted/11%20She%20Don't%20Have%20To%20Know.mp3
39026,Hit Em Up Style,Blue Cantrell ,,R&B,2022-04-05 17:17:12,0,file:///Volumes/Seagate%20Thunderbolt%20Drive/Music/Blue%20Cantrell/Unknown%20Album/Hit%20Em%20Up%20Style.mp3
40134,Every Little Step (Remix),Bobby Brown,,R&B,2022-04-22 02:35:13,0,file:///Volumes/Seagate%20Thunderbolt%20Drive/Music/Bobby%20Brown/Unknown%20Album/Every%20Little%20Step%20(Remix).mp3
40260,Slow Down,Bobby V,Bobby Valentino,R&B,2022-03-26 13:07:33,0,file:///Volumes/Seagate%20Thunderbolt%20Drive/Music/Bobby%20V/Bobby%20Valentino/02%20Slow%20Down.mp3
40268,Tell Me,Bobby V,Bobby Valentino,R&B,2022-04-04 23:54:35,0,file:///Volumes/Seagate%20Thunderbolt%20Drive/Music/Bobby%20V/Bobby%20Valentino/06%20Tell%20Me.mp3
40890,Motownphilly (Original Version),Boyz II Men,Cooleyhighharmony,R&B,2022-04-22 02:42:31,0,file:///Volumes/Seagate%20Thunderbolt%20Drive/Music/Boyz%20II%20Men/Cooleyhighharmony/13%20Motownphilly%20(Original%20Version).mp3
41236,Who Is She 2 You,Brandy,Afrodisiac,R&B,2022-03-27 07:51:18,0,file:///Volumes/Seagate%20Thunderbolt%20Drive/Music/Brandy/Afrodisiac/03%20Who%20Is%20She%202%20You.mp3
41238,Talk About Our Love (Feat Kanye West),Brandy,Afrodisiac,R&B,2022-04-14 03:39:23,0,file:///Volumes/Seagate%20Thunderbolt%20Drive/Music/Brandy/Afrodisiac/04%20Talk%20About%20Our%20Love%20(Feat%20Kanye%20West).mp3
41372,Baby,Brandy,The Best of Brandy,R&B,2022-04-08 10:32:36,0,file:///Volumes/Seagate%20Thunderbolt%20Drive/Music/Brandy/The%20Best%20of%20Brandy/01%20Baby.mp3
41374,Best Friend,Brandy,The Best of Brandy,R&B,2022-03-27 21:31:42,0,file:///Volumes/Seagate%20Thunderbolt%20Drive/Music/Brandy/The%20Best%20of%20Brandy/02%20Best%20Friend.mp3
41384,Top Of The World (Featruing Mase),Brandy,The Best of Brandy,R&B,2022-04-19 23:36:17,0,file:///Volumes/Seagate%20Thunderbolt%20Drive/Music/Brandy/The%20Best%20of%20Brandy/08%20Top%20Of%20The%20World%20(Featruing%20Mase).mp3
41422,What Is She To You,Brandy,Urban 17,R&B,2022-03-29 09:04:35,0,file:///Volumes/Seagate%20Thunderbolt%20Drive/Music/Brandy/Urban%2017/What%20Is%20She%20To%20You.mp3
43820,Summer Rain,Carl Thomas,Album Sampler,R&B,2022-04-12 20:49:45,1,file:///Volumes/Seagate%20Thunderbolt%20Drive/Music/Carl%20Thomas/Album%20Sampler/06%20Summer%20Rain.mp3
44100,"Touch Me, Tease Me (1996) - 3A/2A",Case ,"""Nutty Professor"" Soundtrack",2022-03-28 16:56:31,2014-08-26 01:59:59,0,"file:///Volumes/Seagate%20Thunderbolt%20Drive/Music/Case/_Nutty%20Professor_%20Soundtrack/Touch%20Me,%20Tease%20Me%20(1996)%20-%203A_2A.mp3"
44210,Me & You (2006),Cassie,,R&B,2022-04-23 05:36:39,0,file:///Volumes/Seagate%20Thunderbolt%20Drive/Music/Cassie/Unknown%20Album/Me%20&%20You%20(2006).mp3
44914,I Love You,Cheri Dennis & Black Rob,2006 Blazin Hip Hop  & R&B Vol53,R&B,2022-04-02 16:54:41,0,file:///Volumes/Seagate%20Thunderbolt%20Drive/Music/Cheri%20Dennis%20&%20Black%20Rob/2006%20Blazin%20Hip%20Hop%20%20&%20R&B%20Vol53/12%20I%20Love%20You.mp3
45066,No Gauranteed,Chico Debarge,,R&B,2022-03-26 14:58:59,0,file:///Volumes/Seagate%20Thunderbolt%20Drive/Music/Chico%20Debarge/Unknown%20Album/No%20Gauranteed.mp3
45068,Listen To Your Man,Chico Debarge Feat. Joe,,R&B,2022-04-22 03:32:14,0,file:///Volumes/Seagate%20Thunderbolt%20Drive/Music/Chico%20Debarge%20Feat.%20Joe/Unknown%20Album/08%20Listen%20To%20Your%20Man.mp3
36970,Diva,Beyonce,I Am...Sasha Fierce,R&B,2022-03-28 14:54:10,0,file:///Volumes/Seagate%20Thunderbolt%20Drive/Music/Beyonce/I%20Am...Sasha%20Fierce/03%20Diva.mp3
45340,Poppin,Chris Brown,Chris Brown,R&B,2022-04-11 05:58:24,0,file:///Volumes/Seagate%20Thunderbolt%20Drive/Music/Chris%20Brown/Chris%20Brown/11%20Poppin.mp3
36934,Baby Boy ft Sean Paul,Beyonce,Dangerously In Love,R&B,2022-04-03 12:01:50,0,file:///Volumes/Seagate%20Thunderbolt%20Drive/Music/Beyonce/Dangerously%20In%20Love/03%20Baby%20Boy%20ft%20Sean%20Paul.mp3
36930,Single Ladies (Ted Smooth Remix),Beyonce,Beyonce,R&B,2022-04-14 03:36:52,0,file:///Volumes/Seagate%20Thunderbolt%20Drive/Music/Beyonce/Beyonce/Single%20Ladies%20(Ted%20Smooth%20Remix).mp3
57892,I Don't Want Her (Radio Edit),Eric Bellinger f. Problem,,Urban,2022-04-01 20:16:44,0,file:///Volumes/Seagate%20Thunderbolt%20Drive/Music/Eric%20Bellinger%20f.%20Problem/Unknown%20Album/I%20Don't%20Want%20Her%20(Radio%20Edit).mp3
30158,Rock The Boat,Aaliyah,Aaliyah,R&B,2022-04-05 22:38:28,0,file:///Volumes/Seagate%20Thunderbolt%20Drive/Music/Aaliyah/Aaliyah/1-03%20Rock%20The%20Boat.mp3
30146,More Than A Women,Aaliyah,Aaliyah,R&B,2022-04-13 12:47:09,0,file:///Volumes/Seagate%20Thunderbolt%20Drive/Music/Aaliyah/Aaliyah/04%20More%20Than%20A%20Women.mp3
30192,Are You That Somebody?,Aaliyah,Doctor Dolittle Soundtrack,R&B,2022-04-03 10:40:40,0,file:///Volumes/Seagate%20Thunderbolt%20Drive/Music/Aaliyah/Doctor%20Dolittle%20Soundtrack/Are%20You%20That%20Somebody_.mp3
30198,Try Again,Aaliyah Feat_Timbaland,Ost Romeo Must Die,R&B,2022-03-26 21:34:55,0,file:///Volumes/Seagate%20Thunderbolt%20Drive/Music/Aaliyah/Ost%20Romeo%20Must%20Die/15%20Try%20Again.mp3
125970,Freak Like Me,Adina Howard ,Album,R&B,2022-03-31 08:38:23,0,file:///Volumes/Seagate%20Thunderbolt%20Drive/Music/Various%20Artists/Album/1-09%20Freak%20Like%20Me.mp3
31070,Seein' Is Believing,Adriana Evans,Seein' Is Beliving,R&B,2022-04-18 05:08:14,0,file:///Volumes/Seagate%20Thunderbolt%20Drive/Music/Adriana%20Evans/Seein'%20Is%20Beliving/01%20Seein'%20Is%20Believing.mp3
31294,Can't Stop,After 7,After 7,R&B,2022-04-17 23:22:06,0,file:///Volumes/Seagate%20Thunderbolt%20Drive/Music/After%207/After%207/03%20Can't%20Stop.mp3
31432,Smack That (Feat. Eminem),Akon,Konvicted,R&B,2022-04-17 11:48:46,0,file:///Volumes/Seagate%20Thunderbolt%20Drive/Music/Akon/Konvicted/03%20Smack%20That%20(Feat.%20Eminem).mp3
32096,Teenage Love Affair,Alicia Keys,Hot 97 Request Line V.25,R&B,2022-03-26 16:07:04,0,file:///Volumes/Seagate%20Thunderbolt%20Drive/Music/Alicia%20Keys/Hot%2097%20Request%20Line%20V.25/15%20Teenage%20Love%20Affair.mp3
32098,No One (Radio Edit),Alicia Keys,No One (Promo CDS),R&B,2022-04-02 10:30:37,0,file:///Volumes/Seagate%20Thunderbolt%20Drive/Music/Alicia%20Keys/No%20One%20(Promo%20CDS)/01%20No%20One%20(Radio%20Edit).mp3
32252,No One (Ted Smooth Remix),Alicia Keys ft Cassidy,,R&B,2022-04-09 05:30:55,0,file:///Volumes/Seagate%20Thunderbolt%20Drive/Music/Alicia%20Keys%20ft%20Cassidy/Unknown%20Album/No%20One%20(Ted%20Smooth%20Remix).mp3
32296,Lionel Richie,All Night Long,,R&B,2022-03-31 17:09:44,0,file:///Volumes/Seagate%20Thunderbolt%20Drive/Music/All%20Night%20Long/Unknown%20Album/Lionel%20Richie.mp3
32546,Why Don't We Fall In Love,Amerie,All I Have,R&B,2022-04-20 11:17:52,0,file:///Volumes/Seagate%20Thunderbolt%20Drive/Music/Amerie/All%20I%20Have/01%20Why%20Don't%20We%20Fall%20In%20Love.mp3
32574,One Thing,Amerie,Touch,R&B,2022-04-02 22:26:45,0,file:///Volumes/Seagate%20Thunderbolt%20Drive/Music/Amerie/Touch/01%20One%20Thing.mp3
32600,Why R U,Amerie,,R&B,2022-04-02 12:36:52,0,file:///Volumes/Seagate%20Thunderbolt%20Drive/Music/Amerie/Unknown%20Album/Why%20R%20U.mp3
32688,Tears Dry On Their Own - 11A/12A,Amy Winehouse,Back To Black ,R&B,2022-03-28 22:48:13,0,file:///Volumes/Seagate%20Thunderbolt%20Drive/Music/Amy%20Winehouse/Back%20To%20Black/07%20Tears%20Dry%20On%20Their%20Own%20-%2011A_12A.mp3
33634,Happy,Ashanti,Ashanti,R&B,2022-03-31 09:40:42,0,file:///Volumes/Seagate%20Thunderbolt%20Drive/Music/Ashanti/Ashanti/03%20Happy.mp3
33686,Rock Wit U (Awww Baby),Ashanti,Chapter2,R&B,2022-04-22 22:50:50,0,file:///Volumes/Seagate%20Thunderbolt%20Drive/Music/Ashanti/Chapter2/Rock%20Wit%20U%20(Awww%20Baby).mp3
33746,Wonderful [Remix][*],Ashanti/Ja Rule,Concrete Rose,R&B,2022-04-04 08:42:41,0,file:///Volumes/Seagate%20Thunderbolt%20Drive/Music/Ashanti/Concrete%20Rose/17%20Wonderful%20%5BRemix%5D%5B_%5D.mp3
35552,Do Me,Bbd,,R&B,2022-04-03 06:26:40,0,file:///Volumes/Seagate%20Thunderbolt%20Drive/Music/Bbd/Unknown%20Album/Do%20Me.mp3
35554,That Girl Is Poison,Bbd,,R&B,2022-03-25 05:24:19,0,file:///Volumes/Seagate%20Thunderbolt%20Drive/Music/Bbd/Unknown%20Album/That%20Girl%20Is%20Poison.mp3
36908,Get Me Bodied [Extended Mix],Beyonce,B Day [Deluxe],R&B,2022-03-26 20:43:08,0,file:///Volumes/Seagate%20Thunderbolt%20Drive/Music/Beyonce/B%20Day%20%5BDeluxe%5D/09%20Get%20Me%20Bodied%20%5BExtended%20Mix%5D.mp3
36910,Freakum Dress,Beyonce,B Day [Deluxe],R&B,2022-04-14 12:53:21,0,file:///Volumes/Seagate%20Thunderbolt%20Drive/Music/Beyonce/B%20Day%20%5BDeluxe%5D/10%20Freakum%20Dress.mp3
36922,Check On It [Ft. Bun B-Slim Thug],Beyonce,B Day [Deluxe],R&B,2022-04-05 11:14:18,0,file:///Volumes/Seagate%20Thunderbolt%20Drive/Music/Beyonce/B%20Day%20%5BDeluxe%5D/17%20Check%20On%20It%20%5BFt.%20Bun%20B-Slim%20Thug%5D.mp3
36932,Crazy In Love ft Jay Z,Beyonce,Dangerously In Love,R&B,2022-03-28 00:42:28,0,file:///Volumes/Seagate%20Thunderbolt%20Drive/Music/Beyonce/Dangerously%20In%20Love/01%20Crazy%20In%20Love%20ft%20Jay%20Z.mp3
45362,She Ain't You,Chris Brown,F.A.M.E.,R&B,2022-04-07 10:45:09,0,file:///Volumes/Seagate%20Thunderbolt%20Drive/Music/Chris%20Brown/F.A.M.E_/05%20She%20Ain't%20You.mp3
38338,Come On,Billy Lawrence,Come On,R&B,2022-03-25 00:31:42,0,file:///Volumes/Seagate%20Thunderbolt%20Drive/Music/Billy%20Lawrence/Come%20On/01%20Come%20On.mp3
45398,Convertible (Radio Edit),Chris Brown,,R&B,2022-04-08 22:45:06,0,file:///Volumes/Seagate%20Thunderbolt%20Drive/Music/Chris%20Brown/Unknown%20Album/Convertible%20(Radio%20Edit).mp3
64136,Dancin',Guy,Dancin' [Single],R&B,2022-04-15 07:58:37,0,file:///Volumes/Seagate%20Thunderbolt%20Drive/Music/Guy/Dancin'%20%5BSingle%5D/01%20Dancin'.mp3
57888,I Don't Want Her (Quick Mix) (Clean),Eric Bellinger f. Problem,,Urban,2022-04-02 07:07:31,0,file:///Volumes/Seagate%20Thunderbolt%20Drive/Music/Eric%20Bellinger%20f.%20Problem/Unknown%20Album/I%20Don't%20Want%20Her%20(Quick%20Mix)%20(Clean).mp3
64150,I Like (1988),Guy,Guy,R&B,2022-03-28 23:27:55,0,file:///Volumes/Seagate%20Thunderbolt%20Drive/Music/Guy/Guy/I%20Like%20(1988).mp3
65080,I Like the Way (The Kissing Game),Hi-Five,Hi-Five,R&B,2022-04-17 16:01:55,0,file:///Volumes/Seagate%20Thunderbolt%20Drive/Music/Hi-Five/Hi-Five/03%20I%20Like%20the%20Way%20(The%20Kissing%20Game).mp3
65774,Whatever,Ideal,,R&B,2022-04-03 21:57:35,0,file:///Volumes/Seagate%20Thunderbolt%20Drive/Music/Ideal/Unknown%20Album/Whatever.mp3
65990,You Will Never Find Another Lover Like Mine,In Essence,,R&B,2022-03-30 04:41:16,0,file:///Volumes/Seagate%20Thunderbolt%20Drive/Music/In%20Essence/Unknown%20Album/You%20Will%20Never%20Find%20Another%20Lover%20Like%20Mine.mp3
126140,Love You Down (1997),INOJ,Ready For The World,R&B,2022-04-22 08:57:46,0,file:///Volumes/Seagate%20Thunderbolt%20Drive/Music/Various%20Artists/Ready%20For%20The%20World/13%20Love%20You%20Down%20(1997).mp3
66496,J From Da Block,J-Lo And Da Lox,DJ Action Pac #13,R&B,2022-04-18 15:07:21,0,file:///Volumes/Seagate%20Thunderbolt%20Drive/Music/J-Lo%20And%20Da%20Lox/DJ%20Action%20Pac%20%2313/11%20J%20From%20Da%20Block.mp3
67358,Just in Case,Jaheim,The Best of ,R&B,2022-04-20 22:05:03,0,file:///Volumes/Seagate%20Thunderbolt%20Drive/Music/Jaheim/The%20Best%20of/Just%20in%20Case.mp3
67366,Put that Woman First,Jaheim,The Best of ,R&B,2022-04-06 06:28:01,0,file:///Volumes/Seagate%20Thunderbolt%20Drive/Music/Jaheim/The%20Best%20of/Put%20that%20Woman%20First.mp3
67398,Diamond In Da Ruff,Jahiem,Still Ghetto,R&B,2022-04-23 05:47:24,0,file:///Volumes/Seagate%20Thunderbolt%20Drive/Music/Jahiem/Still%20Ghetto/Diamond%20In%20Da%20Ruff.mp3
67598,Digital Girl (Feat The Dream),Jamie Foxx,Intuition,R&B,2022-03-26 03:25:09,0,file:///Volumes/Seagate%20Thunderbolt%20Drive/Music/Jamie%20Foxx/Intuition/04%20Digital%20Girl%20(Feat%20The%20Dream).mp3
67600,Blame It (Feat T-Pain),Jamie Foxx,Intuition,R&B,2022-04-06 00:04:32,0,file:///Volumes/Seagate%20Thunderbolt%20Drive/Music/Jamie%20Foxx/Intuition/05%20Blame%20It%20(Feat%20T-Pain).mp3
67624,Extravaganza (Feat. Kanye West),Jamie Foxx,Unpredictable,R&B,2022-04-18 17:46:33,0,file:///Volumes/Seagate%20Thunderbolt%20Drive/Music/Jamie%20Foxx/Unpredictable/07%20Extravaganza%20(Feat.%20Kanye%20West).mp3
67652,Blam It (Ted Smooth Remix),Jamie Foxx Feat T-PainTed Smooth,JAMIE FOXX,R&B,2022-04-11 00:55:12,0,file:///Volumes/Seagate%20Thunderbolt%20Drive/Music/Jamie%20Foxx%20Feat%20T-PainTed%20Smooth/JAMIE%20FOXX/Blam%20It%20(Ted%20Smooth%20Remix).mp3
67590,Winner,Jamie Foxx ft Justin Timberlake ,http://chufloscom.blogspot.com,R&B,2022-03-28 08:22:09,0,file:///Volumes/Seagate%20Thunderbolt%20Drive/Music/Jamie%20Foxx/http___chufloscom.blogspot.com/Winner.mp3
67886,The Pleasure Principle,Janet Jackson,Design of a Decade: 1986-1996,R&B,2022-04-16 05:43:39,0,file:///Volumes/Seagate%20Thunderbolt%20Drive/Music/Janet%20Jackson/Design%20of%20a%20Decade_%201986-1996/10%20The%20Pleasure%20Principle.mp3
45376,Beautiful People (featuring Benny Benassi),Chris Brown,F.A.M.E.,R&B,2022-04-06 16:01:29,0,file:///Volumes/Seagate%20Thunderbolt%20Drive/Music/Chris%20Brown/F.A.M.E_/13%20Beautiful%20People%20(featuring%20Benny%20Benassi).mp3
67888,That's the Way Love Goes,Janet Jackson,Design of a Decade: 1986-1996,R&B,2022-04-20 21:01:08,0,file:///Volumes/Seagate%20Thunderbolt%20Drive/Music/Janet%20Jackson/Design%20of%20a%20Decade_%201986-1996/13%20That's%20the%20Way%20Love%20Goes.mp3
69348,Circles,Jazmine Sullivan,,R&B,2022-04-02 12:56:07,0,file:///Volumes/Seagate%20Thunderbolt%20Drive/Music/Jazmine%20Sullivan/Unknown%20Album/Circles.mp3
69342,Holding You Down (Goin’ In Circles) (Remix),Jazmine Sullivan feat. Mary J. Blige & Swizz Beatz ,Holding You Down (Remix),R&B,2022-04-22 00:46:58,0,file:///Volumes/Seagate%20Thunderbolt%20Drive/Music/Jazmine%20Sullivan/Holding%20You%20Down%20(Remix)/Holding%20You%20Down%20(Goin_%20In%20Circles)%20(Remix).mp3
69574,No One Gonna Love You (Produced By Rich Harris),Jennifer Hudson,I Remember Me,R&B,2022-04-04 01:05:54,0,file:///Volumes/Seagate%20Thunderbolt%20Drive/Music/Jennifer%20Hudson/I%20Remember%20Me/01%20No%20One%20Gonna%20Love%20You%20(Produced%20By%20Rich%20Harris).mp3
70550,Get On Up,Jodeci,Back To The Future: The Very Best Of ,R&B,2022-04-21 02:57:22,0,file:///Volumes/Seagate%20Thunderbolt%20Drive/Music/Jodeci/Back%20To%20The%20Future_%20The%20Very%20Best%20Of/14%20Get%20On%20Up.mp3
70720,Stutter (Remix),Joe Feat Mystical,Hot Joints,R&B,2022-03-26 10:36:13,0,file:///Volumes/Seagate%20Thunderbolt%20Drive/Music/Joe%20Feat%20Mystical/Hot%20Joints/Stutter%20(Remix).mp3
71110,Let's Get Lifted Again,John Legend,Get Lifted,R&B,2022-04-04 10:13:00,0,file:///Volumes/Seagate%20Thunderbolt%20Drive/Music/John%20Legend/Get%20Lifted/05%20Let's%20Get%20Lifted%20Again.mp3
63888,4Sure,Groove Theory,,R&B,2022-04-05 09:10:00,0,file:///Volumes/Seagate%20Thunderbolt%20Drive/Music/Groove%20Theory/Unknown%20Album/4Sure.mp3
63868,Tell Me,Groove Theory,Groove Theory,R&B,2022-03-26 10:07:22,0,file:///Volumes/Seagate%20Thunderbolt%20Drive/Music/Groove%20Theory/Groove%20Theory/06%20Tell%20Me.mp3
67882,When I Think of You,Janet Jackson,Design of a Decade: 1986-1996,R&B,2022-04-21 08:42:38,0,file:///Volumes/Seagate%20Thunderbolt%20Drive/Music/Janet%20Jackson/Design%20of%20a%20Decade_%201986-1996/04%20When%20I%20Think%20of%20You.mp3
62488,Pony,Genuwine,,R&B,2022-04-07 19:04:46,0,file:///Volumes/Seagate%20Thunderbolt%20Drive/Music/Genuwine/Unknown%20Album/Pony.mp3
45452,Gimmie That,Chris Brown,,R&B,2022-04-01 14:16:07,0,file:///Volumes/Seagate%20Thunderbolt%20Drive/Music/Chris%20Brown/Unknown%20Album/Gimmie%20That.mp3
62860,The Things You Do (Bad Boy Remix),Gina Thompson Feat. Missy Elliot,,R&B,2022-04-02 20:36:39,0,file:///Volumes/Seagate%20Thunderbolt%20Drive/Music/Gina%20Thompson%20Feat.%20Missy%20Elliot/Unknown%20Album/The%20Things%20You%20Do%20(Bad%20Boy%20Remix).mp3
45454,Just Fine,Chris Brown,,R&B,2022-04-17 12:10:00,0,file:///Volumes/Seagate%20Thunderbolt%20Drive/Music/Chris%20Brown/Unknown%20Album/Just%20Fine.mp3
45716,Strip,Chris Brown Ft. Kevin McCall,,R&B,2022-04-17 15:00:58,0,file:///Volumes/Seagate%20Thunderbolt%20Drive/Music/Chris%20Brown%20Ft.%20Kevin%20McCall/Unknown%20Album/Strip.mp3
45866,am to pm,Christina Milian,Best Of,R&B,2022-04-05 14:28:08,0,file:///Volumes/Seagate%20Thunderbolt%20Drive/Music/Christina%20Milian/Best%20Of/05%20am%20to%20pm.mp3
45872,Dip It Low,Christina Millian,,R&B,2022-03-30 09:48:47,0,file:///Volumes/Seagate%20Thunderbolt%20Drive/Music/Christina%20Millian/Unknown%20Album/Dip%20It%20Low.mp3
46230,What Would You Do [Edit With Next Episode Interlude],City High,,R&B,2022-04-08 04:59:42,0,file:///Volumes/Seagate%20Thunderbolt%20Drive/Music/City%20High/Unknown%20Album/What%20Would%20You%20Do%20%5BEdit%20With%20Next%20Episode%20Interlude%5D.mp3
125992,I Wanna Sex You Up,Color Me Badd,C.M.B.,R&B,2022-03-26 19:33:29,0,file:///Volumes/Seagate%20Thunderbolt%20Drive/Music/Various%20Artists/C.M.B_/01%20I%20Wanna%20Sex%20You%20Up.mp3
49234,One Woman Man,Dave Hollister,Chicago '85... The Movie,R&B,2022-03-26 19:52:54,0,file:///Volumes/Seagate%20Thunderbolt%20Drive/Music/Dave%20Hollister/Chicago%20'85...%20The%20Movie/04%20One%20Woman%20Man.mp3
49780,Got Me Going (Remix),"DAY 26, Rick Ross & FAT JOE",Hot 97 Request Line V.25,2022-04-18 20:36:12,2014-08-26 01:59:59,0,"file:///Volumes/Seagate%20Thunderbolt%20Drive/Music/DAY%2026,%20Rick%20Ross%20&%20FAT%20JOE/Hot%2097%20Request%20Line%20V.25/09%20Got%20Me%20Going%20(Remix).mp3"
51040,You Gotta Be (1994),Des'ree,I Ain't Movin',R&B,2022-03-28 15:34:06,0,file:///Volumes/Seagate%20Thunderbolt%20Drive/Music/Des'Ree/I%20Ain't%20Movin'/03%20You%20Gotta%20Be%20(1994).mp3
51076,Independent Women Part 1,Destiny's Child,#1's,R&B,2022-04-17 07:48:06,0,file:///Volumes/Seagate%20Thunderbolt%20Drive/Music/Destiny's%20Child/%231's/02%20Independent%20Women%20Part%201.mp3
51080,Jumpin' Jumpin',Destiny's Child,#1's,R&B,2022-04-10 21:58:14,0,file:///Volumes/Seagate%20Thunderbolt%20Drive/Music/Destiny's%20Child/%231's/06%20Jumpin'%20Jumpin'.mp3
45444,Fine China (Quick Mix) (Clean),Chris Brown,,Urban,2022-03-24 17:06:41,0,file:///Volumes/Seagate%20Thunderbolt%20Drive/Music/Chris%20Brown/Unknown%20Album/Fine%20China%20(Quick%20Mix)%20(Clean).mp3
53698,You Know What's Up,Donnell Jones,,R&B,2022-03-30 07:29:30,0,file:///Volumes/Seagate%20Thunderbolt%20Drive/Music/Donnell%20Jones/Unknown%20Album/You%20Know%20What's%20Up.mp3
60856,Rock Me Tonight (For Old Times Sake),Freddie Jackson,Greatest Hits,R&B,2022-04-09 08:10:16,0,file:///Volumes/Seagate%20Thunderbolt%20Drive/Music/Freddie%20Jackson/Greatest%20Hits/01%20Rock%20Me%20Tonight%20(For%20Old%20Times%20Sake).mp3
60864,You Are My Lady,Freddie Jackson,Greatest Hits,R&B,2022-04-14 10:54:47,0,file:///Volumes/Seagate%20Thunderbolt%20Drive/Music/Freddie%20Jackson/Greatest%20Hits/05%20You%20Are%20My%20Lady.mp3
51090,Bootylicious,Destiny's Child,#1's,R&B,2022-04-07 02:02:42,0,file:///Volumes/Seagate%20Thunderbolt%20Drive/Music/Destiny's%20Child/%231's/11%20Bootylicious.mp3
58960,You Gets No Love,Faith Evans,Faithfully,R&B,2022-03-30 04:16:08,0,file:///Volumes/Seagate%20Thunderbolt%20Drive/Music/Faith%20Evans/Faithfully/You%20Gets%20No%20Love.mp3
58946,Burnin' Up,Faith Evans,Faithfully,R&B,2022-03-24 08:22:41,0,file:///Volumes/Seagate%20Thunderbolt%20Drive/Music/Faith%20Evans/Faithfully/Burnin'%20Up.mp3
58938,Can't Believe (Featuring Carl Thomas),Faith Evans,Faithfully,R&B,2022-04-15 02:02:50,0,file:///Volumes/Seagate%20Thunderbolt%20Drive/Music/Faith%20Evans/Faithfully/17%20Can't%20Believe%20(Featuring%20Carl%20Thomas).mp3
59112,Collard Greens And Cornbread,Fantasia,Back To Me,R&B,2022-04-18 06:42:21,0,file:///Volumes/Seagate%20Thunderbolt%20Drive/Music/Fantasia/Back%20To%20Me/05%20Collard%20Greens%20And%20Cornbread.mp3
58904,Fallin' In Love,Faith Evans,Faith,R&B,2022-03-24 07:54:26,0,file:///Volumes/Seagate%20Thunderbolt%20Drive/Music/Faith%20Evans/Faith/03%20Fallin'%20In%20Love.mp3
58106,American Boy,Estelle,Hot 97 Request Line V.25,R&B,2022-04-15 04:12:36,0,file:///Volumes/Seagate%20Thunderbolt%20Drive/Music/Estelle/Hot%2097%20Request%20Line%20V.25/14%20American%20Boy.mp3
55154,Sleeping In My Bed (remix),Dru Hill feat. JD and Da Brat,,R&B,2022-04-08 10:44:45,0,file:///Volumes/Seagate%20Thunderbolt%20Drive/Music/Dru%20Hill%20feat.%20JD%20and%20Da%20Brat/Unknown%20Album/Sleeping%20In%20My%20Bed%20(remix).mp3
108274,Love King,The Dream,Love King,R&B,2022-03-31 22:40:03,0,file:///Volumes/Seagate%20Thunderbolt%20Drive/Music/The%20Dream/Love%20King/02%20Love%20King.mp3
55004,I Luv Ur Girl,Dream,Hot 97 2008 Blazin Hip Hop & RNB 67,R&B,2022-04-16 21:15:50,0,file:///Volumes/Seagate%20Thunderbolt%20Drive/Music/Dream/Hot%2097%202008%20Blazin%20Hip%20Hop%20&%20RNB%2067/21%20I%20Luv%20Ur%20Girl.mp3
58918,You Used To Love Me,Faith Evans,Faith,R&B,2022-03-27 13:58:13,0,file:///Volumes/Seagate%20Thunderbolt%20Drive/Music/Faith%20Evans/Faith/11%20You%20Used%20To%20Love%20Me.mp3
130420,Best Mistake (Radio Edit),Ariana Grande f. Big Sean,,Urban,2022-04-13 06:02:20,0,file:///Volumes/Seagate%20Thunderbolt%20Drive/Music/Ariana%20Grande%20f.%20Big%20Sean/Unknown%20Album/Best%20Mistake%20(Radio%20Edit).mp3
130668,Love For Free (Clean),Rell ft Jay Z,,R&B,2022-04-04 04:51:08,0,file:///Volumes/Seagate%20Thunderbolt%20Drive/Music/Rell%20ft%20Jay%20Z/Unknown%20Album/01%20Love%20For%20Free%20(Clean).mp3
131376,Wall To Wall,Chris Brown,Hot 97 Request Line Vol 19,R&B,2022-04-06 19:10:19,0,file:///Volumes/Seagate%20Thunderbolt%20Drive/Music/Chris%20Brown/Hot%2097%20Request%20Line%20Vol%2019/05%20Wall%20To%20Wall%201.mp3
131394,Move Your Body,Beyonce (ft. Swizz Beatz),,R&B,2022-03-26 07:18:17,0,file:///Volumes/Seagate%20Thunderbolt%20Drive/Music/Beyonce%20(ft.%20Swizz%20Beatz)/Unknown%20Album/Move%20Your%20Body.mp3
131542,Dont Tell Em (No YG Version) (Radio Edit),Jeremih,,R&B,2022-03-26 04:22:33,0,file:///Volumes/Seagate%20Thunderbolt%20Drive/Music/Jeremih/Unknown%20Album/01%20Dont%20Tell%20Em%20(No%20YG%20Version)%20(Radio%20Edit).mp3
131540,Thats Me Right  There (Radio Edit),Jasmine V ft Kendrick Lamar,,R&B,2022-04-16 03:37:39,0,file:///Volumes/Seagate%20Thunderbolt%20Drive/Music/_Jasmine%20V%20ft%20Kendrick%20Lamar/Unknown%20Album/01%20Thats%20Me%20Right%20%20There%20(Radio%20Edit).mp3
133674,I Wanna Be Rich,Calloway,,R&B,2022-04-05 03:10:10,0,file:///Volumes/Seagate%20Thunderbolt%20Drive/Music/Calloway/Unknown%20Album/01%20I%20Wanna%20Be%20Rich.mp3
133538,I Invented Sex (Clean) (HQ),Trey Songz ft Drake,,R&B,2022-04-13 19:41:24,1,file:///Volumes/Seagate%20Thunderbolt%20Drive/Music/Trey%20Songz%20ft%20Drake/Unknown%20Album/01%20I%20Invented%20Sex%20(Clean)%20(HQ).mp3
133556,One Night,Tiara Thomas,,R&B,2022-04-17 19:31:23,0,file:///Volumes/Seagate%20Thunderbolt%20Drive/Music/_Tiara%20Thomas/Unknown%20Album/01%20One%20Night.mp3
133690,Steelo (Radio Edit),702 ft Missy Elliott,,R&B,2022-03-29 22:15:38,0,file:///Volumes/Seagate%20Thunderbolt%20Drive/Music/702%20ft%20Missy%20Elliott/Unknown%20Album/01%20Steelo%20(Radio%20Edit).mp3
133668,Hell Yeah (Clean),DJ Rapture & Jonn Hart ft Milla,,R&B,2022-04-01 08:57:21,0,file:///Volumes/Seagate%20Thunderbolt%20Drive/Music/DJ%20Rapture%20&%20Jonn%20Hart%20ft%20Milla/Unknown%20Album/01%20Hell%20Yeah%20(Clean).mp3
133540,Buy You A Drink (Clean) (HQ),Verse Simmonds,,R&B,2022-03-27 20:52:29,0,file:///Volumes/Seagate%20Thunderbolt%20Drive/Music/Verse%20Simmonds/Unknown%20Album/01%20Buy%20You%20A%20Drink%20(Clean)%20(HQ).mp3
133804,She Knows (Clean),NeYo ft Juicy J,,R&B,2022-04-14 20:29:47,0,file:///Volumes/Seagate%20Thunderbolt%20Drive/Music/NeYo%20ft%20Juicy%20J/Unknown%20Album/01%20She%20Knows%20(Clean).mp3
134324,Party Aint A Party (Clean),Jamie Foxx ft 2 Chainz,,R&B,2022-04-12 12:46:50,0,file:///Volumes/Seagate%20Thunderbolt%20Drive/Music/Jamie%20Foxx%20ft%202%20Chainz/Unknown%20Album/01%20Party%20Aint%20A%20Party%20(Clean).mp3
134458,Came To Do (Clean),Chris Brown ft Akon,,R&B,2022-04-05 23:54:41,0,file:///Volumes/Seagate%20Thunderbolt%20Drive/Music/Chris%20Brown%20ft%20Akon/Unknown%20Album/01%20Came%20To%20Do%20(Clean).mp3
134494,Hey Boy (Remix) (Clean),Goapele ft Snoop Dogg,,R&B,2022-04-01 04:31:52,3,file:///Volumes/Seagate%20Thunderbolt%20Drive/Music/Goapele%20ft%20Snoop%20Dogg/Unknown%20Album/01%20Hey%20Boy%20(Remix)%20(Clean).mp3
134528,Heartbreaker,Jazmin Sisters,,R&B,2022-04-07 19:42:17,0,file:///Volumes/Seagate%20Thunderbolt%20Drive/Music/Jazmin%20Sisters/Unknown%20Album/01%20Heartbreaker.mp3
134812,Breathe (Rap Version) (Radio Mix),Blu Cantrell ft Sean Paul,,R&B,2022-04-19 11:33:01,0,file:///Volumes/Seagate%20Thunderbolt%20Drive/Music/Blu%20Cantrell%20ft%20Sean%20Paul/Unknown%20Album/01%20Breathe%20(Rap%20Version)%20(Radio%20Mix).mp3
135092,Time For Love (Clean),Chris Brown,,R&B,2022-03-30 16:34:58,0,file:///Volumes/Seagate%20Thunderbolt%20Drive/Music/Chris%20Brown/Unknown%20Album/01%20Time%20For%20Love%20(Clean).mp3
135158,That Love (No Rap) (Clean),Audrey Rose,,R&B,2022-04-01 17:35:36,0,file:///Volumes/Seagate%20Thunderbolt%20Drive/Music/Audrey%20Rose/Unknown%20Album/01%20That%20Love%20(No%20Rap)%20(Clean).mp3
135230,Trumpets (Dirty),Jason Derulo,,R&B,2022-04-02 06:32:29,0,file:///Volumes/Seagate%20Thunderbolt%20Drive/Music/Jason%20Derulo/Unknown%20Album/01%20Trumpets%20(Dirty).mp3
135508,No More (Baby Ima Do Right),3LW,,R&B,2022-03-31 16:57:37,0,file:///Volumes/Seagate%20Thunderbolt%20Drive/Music/3Lw/Unknown%20Album/01%20No%20More%20(Baby%20Ima%20Do%20Right).mp3
135738,Liberian touch (Neno Mashup),Trey Songz + MJ,http://djneno.com,R&B,2022-03-31 18:25:02,2,file:///Volumes/Seagate%20Thunderbolt%20Drive/Music/Trey%20Songz%20+%20MJ/http___djneno.com/Liberian%20touch%20(Neno%20Mashup).mp3
135890,Im Not Feeling You (Intro Outro),Yvette Michele,,R&B,2022-03-30 08:44:16,0,file:///Volumes/Seagate%20Thunderbolt%20Drive/Music/Yvette%20Michele/Unknown%20Album/01%20Im%20Not%20Feeling%20You%20(Intro%20Outro).mp3
135852,Change Your World (Main) (Clean),TeeFLii,,R&B,2022-04-14 05:35:22,0,file:///Volumes/Seagate%20Thunderbolt%20Drive/Music/TeeFLii/Unknown%20Album/01%20Change%20Your%20World%20(Main)%20(Clean).mp3
135908,Mine (feat. Drake),Beyoncé,BEYONCÉ,R&B,2022-03-25 23:13:05,0,file:///Volumes/Seagate%20Thunderbolt%20Drive/Music/Beyonce%CC%81/BEYONCE%CC%81/09%20Mine%20(feat.%20Drake).mp3
136122,Post To Be (Clean),Omarion ft Chris Brown & Jhene Aiko,,R&B,2022-03-29 03:39:41,1,file:///Volumes/Seagate%20Thunderbolt%20Drive/Music/Omarion%20ft%20Chris%20Brown%20&%20Jhene%20Aiko/Unknown%20Album/01%20Post%20To%20Be%20(Clean).mp3
136108,Right Now,Mary J. Blige,,R&B,2022-04-05 08:09:42,0,file:///Volumes/Seagate%20Thunderbolt%20Drive/Music/Mary%20J.%20Blige/Unknown%20Album/01%20Right%20Now.mp3
136112,Jealous (Remix) (Clean),Nick Jonas ft Tinashe,,R&B,2022-04-01 15:07:25,0,file:///Volumes/Seagate%20Thunderbolt%20Drive/Music/Nick%20Jonas%20ft%20Tinashe/Unknown%20Album/01%20Jealous%20(Remix)%20(Clean).mp3
136160,Ring Off,Beyonce,,R&B,2022-04-09 22:53:04,0,file:///Volumes/Seagate%20Thunderbolt%20Drive/Music/Beyonce/Unknown%20Album/01%20Ring%20Off.mp3
136182,7 11 (Dirty),Beyonce,,R&B,2022-03-30 15:27:58,0,file:///Volumes/Seagate%20Thunderbolt%20Drive/Music/Beyonce/Unknown%20Album/01%207%2011%20(Dirty).mp3
136178,I Dont Mind (Clean),Usher ft Juicy J,,R&B,2022-03-25 09:46:54,0,file:///Volumes/Seagate%20Thunderbolt%20Drive/Music/Usher%20ft%20Juicy%20J/Unknown%20Album/01%20I%20Dont%20Mind%20(Clean).mp3
136360,Things We Do For Love (Remix),Horace Brown Feat. Jay-Z,The Jigga Duets: Jay-Z & R&B,R&B,2022-04-08 19:52:26,0,file:///Volumes/Seagate%20Thunderbolt%20Drive/Music/Horace%20Brown%20Feat.%20Jay-Z/The%20Jigga%20Duets_%20Jay-Z%20&%20R&B/03%20Things%20We%20Do%20For%20Love%20(Remix).mp3
136370,Invented Sex Remix,Trey Songz Feat Keri Hilson and Usher,Ready in stores now,R&B,2022-03-30 03:55:07,0,file:///Volumes/Seagate%20Thunderbolt%20Drive/Music/Trey%20Songz%20Feat%20Keri%20Hilson%20and%20Usher/Ready%20in%20stores%20now/01%20Invented%20Sex%20Remix.mp3
136460,Freakin' You (Remix),Jodeci,,R&B,2022-03-26 21:20:39,0,file:///Volumes/Seagate%20Thunderbolt%20Drive/Music/Jodeci/Unknown%20Album/Freakin'%20You%20(Remix).mp3
136534,Focused On You (Clean),Eric Bellinger ft 2 Chainz,,R&B,2022-04-05 04:08:53,0,file:///Volumes/Seagate%20Thunderbolt%20Drive/Music/Eric%20Bellinger%20ft%202%20Chainz/Unknown%20Album/01%20Focused%20On%20You%20(Clean).mp3
136538,Caramel (Remix) (Intro Outro) (Clean),City High ft Eve,,R&B,2022-04-04 12:47:05,0,file:///Volumes/Seagate%20Thunderbolt%20Drive/Music/City%20High%20ft%20Eve/Unknown%20Album/01%20Caramel%20(Remix)%20(Intro%20Outro)%20(Clean).mp3
136562,I Wanna Love You Girl,Robin Thicke feat. Pharrell,,R&B,2022-04-12 04:17:09,3,file:///Volumes/Seagate%20Thunderbolt%20Drive/Music/Robin%20Thicke%20feat.%20Pharrell/Unknown%20Album/I%20Wanna%20Love%20You%20Girl.mp3
136742,Don't Think They Know,Chris Brown Feat. Aaliyah,X (Deluxe Version),R&B,2022-04-04 22:05:53,0,file:///Volumes/Seagate%20Thunderbolt%20Drive/Music/Compilations/X%20(Deluxe%20Version)/20%20Don't%20Think%20They%20Know.mp3
137174,Coming With You (Radio Edit),NeYo,,R&B,2022-04-06 22:07:25,0,file:///Volumes/Seagate%20Thunderbolt%20Drive/Music/Neyo/Unknown%20Album/01%20Coming%20With%20You%20(Radio%20Edit).mp3
137166,Friends First (Clean),Quincy ft French Montana,,R&B,2022-04-19 09:04:13,0,file:///Volumes/Seagate%20Thunderbolt%20Drive/Music/Quincy%20ft%20French%20Montana/Unknown%20Album/01%20Friends%20First%20(Clean).mp3
137382,Knockin Da Boots,H-Town,,R&B,2022-04-16 04:33:51,0,file:///Volumes/Seagate%20Thunderbolt%20Drive/Music/H-Town/Unknown%20Album/Knockin%20Da%20Boots.mp3
137384,Dont Stop Your Love,Keith Sweat,Make It Last Forever,R&B,2022-04-03 09:23:21,0,file:///Volumes/Seagate%20Thunderbolt%20Drive/Music/Keith%20Sweat/Make%20It%20Last%20Forever/08%20Dont%20Stop%20Your%20Love%201.mp3
137386,Gotta Make It Feat. Twista,Trey Songz,I Gotta Make It,R&B,2022-03-24 16:36:59,0,file:///Volumes/Seagate%20Thunderbolt%20Drive/Music/Trey%20Songz/I%20Gotta%20Make%20It/02%20Gotta%20Make%20It%20Feat.%20Twista.mp3
137498,Father Can You Hear Me,Tamela Mann,Diary Of A Mad Black Woman,Gospel,2022-04-01 14:12:47,0,file:///Volumes/Seagate%20Thunderbolt%20Drive/Music/Tamela%20Mann/Diary%20Of%20A%20Mad%20Black%20Woman/11%20Father%20Can%20You%20Hear%20Me.mp3
137500,Take Me To The King,Tamela Mann,Best Days,Gospel,2022-04-01 13:16:04,0,file:///Volumes/Seagate%20Thunderbolt%20Drive/Music/Tamela%20Mann/Best%20Days/04%20Take%20Me%20To%20The%20King.mp3
137502,T-Shirt & Panties (DJ Clue Remix),Adina Howard (Ft. Camron & Charli Baltimore),,R&B/ Hip Hop,2022-04-17 03:37:44,1,file:///Volumes/Seagate%20Thunderbolt%20Drive/Music/Adina%20Howard%20(Ft.%20Camron%20&%20Charli%20Baltimore)/Unknown%20Album/T-Shirt%20&%20Panties%20(DJ%20Clue%20Remix).mp3
141018,Hit 'Em Up Style (Oops!) (Extended),Blu Cantrell,,Urban,2022-04-06 16:19:28,0,file:///Volumes/Seagate%20Thunderbolt%20Drive/Music/Blu%20Cantrell/Unknown%20Album/Hit%20'Em%20Up%20Style%20(Oops!)%20(Extended).mp3
141020,Hit 'Em Up Style (Oops!) (Radio Edit),Blu Cantrell,,Urban,2022-03-25 10:37:25,0,file:///Volumes/Seagate%20Thunderbolt%20Drive/Music/Blu%20Cantrell/Unknown%20Album/Hit%20'Em%20Up%20Style%20(Oops!)%20(Radio%20Edit).mp3