Track ID,Name,Artist,Album,Genre,2022-01-16 13:16:23,Play Count,Location
115876,Come And Get My Love,Aby,Freestyle Hits Anthology,Freestyle,2022-02-11 07:24:32,0,file:///Volumes/Seagate%20Thunderbolt%20Drive/Music/Various/Freestyle%20Hits%20Anthology/12%20Come%20And%20Get%20My%20Love.mp3
126026,Over and Over [Hot Party Mix],Pajama Party,Freestyle's Greatest Hits,Freestyle,2022-02-09 22:06:32,0,file:///Volumes/Seagate%20Thunderbolt%20Drive/Music/Various%20Artists/Freestyle's%20Greatest%20Hits/10%20Over%20and%20Over%20%5BHot%20Party%20Mix%5D.mp3
92966,Boom Boom Boom (Lets Go),Paul Lekaki,,Freestyle,2022-02-11 16:28:17,0,file:///Volumes/Seagate%20Thunderbolt%20Drive/Music/Paul%20Lekaki/Unknown%20Album/Boom%20Boom%20Boom%20(Lets%20Go).mp3
126158,Siberian Nights,Planet Patrol,Street Jams- Electric Funk Part 2,Freestyle,2022-01-29 06:12:46,0,file:///Volumes/Seagate%20Thunderbolt%20Drive/Music/Various%20Artists/Street%20Jams-%20Electric%20Funk%20Part%202/01%20Siberian%20Nights.mp3
94388,Dont Stop,Planet Patrol,,Freestyle,2022-01-21 23:26:24,0,file:///Volumes/Seagate%20Thunderbolt%20Drive/Music/Planet%20Patrol/Unknown%20Album/Dont%20Stop.mp3
94380,Cheap Thrills,Planet Patrol,,Freestyle,2022-02-05 16:06:46,0,file:///Volumes/Seagate%20Thunderbolt%20Drive/Music/Planet%20Patrol/Unknown%20Album/01%20Cheap%20Thrills.mp3
94382,Danger Zone,Planet Patrol,,Freestyle,2022-02-05 16:57:57,0,file:///Volumes/Seagate%20Thunderbolt%20Drive/Music/Planet%20Patrol/Unknown%20Album/14%20Danger%20Zone.mp3
94384,Be with you tonight,Planet Patrol ,,Freestyle,2022-01-29 02:37:41,0,file:///Volumes/Seagate%20Thunderbolt%20Drive/Music/Planet%20Patrol/Unknown%20Album/Be%20with%20you%20tonight.mp3
94386,Dont Stop The Rock 2,Planet Patrol ,,Freestyle,2022-01-22 19:41:19,0,file:///Volumes/Seagate%20Thunderbolt%20Drive/Music/Planet%20Patrol/Unknown%20Album/Dont%20Stop%20The%20Rock%202.mp3
94390,Play At Your Own Risk,Planet Patrol ,,Freestyle,2022-01-30 09:03:12,0,file:///Volumes/Seagate%20Thunderbolt%20Drive/Music/Planet%20Patrol/Unknown%20Album/Play%20At%20Your%20Own%20Risk.mp3
126042,catch me (im falling)(ultimix),Pretty Poison,in the beginning-ultimix,Freestyle,2022-01-18 02:44:01,0,file:///Volumes/Seagate%20Thunderbolt%20Drive/Music/Various%20Artists/in%20the%20beginning-ultimix/06%20catch%20me%20(im%20falling)(ultimix).mp3
95476,body mechanic,quadrant six,Old School Electro Funk!,Freestyle,2022-02-12 13:24:01,0,file:///Volumes/Seagate%20Thunderbolt%20Drive/Music/quadrant%20six/Old%20School%20Electro%20Funk!/body%20mechanic.mp3
96324,Freestyle Mega Mix,"Randy Kendall, Cover Girls, Noel,2022-01-21 04:18:39, TKA, George Lamond, Corinna, Sasha",,Freestyle,2014-08-26 01:59:59,0,"file:///Volumes/Seagate%20Thunderbolt%20Drive/Music/Randy%20Kendall,%20Cover%20Girls,%20Noel,%20Judy%20Torres,%20TKA,%20George%20Lamond,%20Corinna,%20Sasha/Unknown%20Album/Freestyle%20Mega%20Mix.MP3"
126240,Yo No Sé [Hot Club Mix],Pajama Party,The Best of Freestyle,Freestyle,2022-02-11 06:52:06,0,file:///Volumes/Seagate%20Thunderbolt%20Drive/Music/Various%20Artists/The%20Best%20of%20Freestyle/02%20Yo%20No%20Se%CC%81%20%5BHot%20Club%20Mix%5D.mp3
99198,A Little bit of Extacy,Rockell,title,Freestyle,2022-02-03 07:59:45,0,file:///Volumes/Seagate%20Thunderbolt%20Drive/Music/Rockell/title/08%20A%20Little%20bit%20of%20Extacy.mp3
99202,I'll Be Loving You,Rockell & Collage,,Freestyle,2022-02-11 10:15:15,0,file:///Volumes/Seagate%20Thunderbolt%20Drive/Music/Rockell%20&%20Collage/Unknown%20Album/I'll%20Be%20Loving%20You.mp3
126010,Dont break my heart,Safire,Freestyle Greatest Beats,Freestyle,2022-01-24 09:25:48,0,file:///Volumes/Seagate%20Thunderbolt%20Drive/Music/Various%20Artists/Freestyle%20Greatest%20Beats/09%20Dont%20break%20my%20heart.mp3
126012,Boy I've Been Told,Safire,"Freestyle Greatest Beats: Complete Collection, Vol. 4",2022-01-23 21:03:54,2014-08-26 01:59:59,0,"file:///Volumes/Seagate%20Thunderbolt%20Drive/Music/Various%20Artists/Freestyle%20Greatest%20Beats_%20Complete%20Collection,%20Vol.%204/01%20Boy%20I've%20Been%20Told.mp3"
126028,Don't Break My Heart [Extended Club Mix],Safire,Freestyle's Greatest Hits,Freestyle,2022-02-11 02:24:33,0,file:///Volumes/Seagate%20Thunderbolt%20Drive/Music/Various%20Artists/Freestyle's%20Greatest%20Hits/11%20Don't%20Break%20My%20Heart%20%5BExtended%20Club%20Mix%5D.mp3
100126,Thinking Of You,Safire,,Freestyle,2022-01-17 08:39:05,0,file:///Volumes/Seagate%20Thunderbolt%20Drive/Music/Safire/Unknown%20Album/Thinking%20Of%20You.mp3
100120,Let me be the one,Safire ,Freestyle Music,Freestyle,2022-02-04 16:02:14,0,file:///Volumes/Seagate%20Thunderbolt%20Drive/Music/Safire/Freestyle%20Music/Let%20me%20be%20the%20one.mp3
100122,Boy I've Been,Safire ,,Freestyle,2022-01-18 12:11:24,0,file:///Volumes/Seagate%20Thunderbolt%20Drive/Music/Safire/Unknown%20Album/Boy%20I've%20Been.mp3
100124,Love At First Sight,Safire ,,Freestyle,2022-01-17 22:18:10,0,file:///Volumes/Seagate%20Thunderbolt%20Drive/Music/Safire/Unknown%20Album/Love%20At%20First%20Sight.mp3
125994,So Good For You,Sasha,Classic Freestyle,Freestyle,2022-01-28 04:33:47,0,file:///Volumes/Seagate%20Thunderbolt%20Drive/Music/Various%20Artists/Classic%20Freestyle/16%20So%20Good%20For%20You.mp3
100672,If You Believe,Sasha,Dedicated To...,Freestyle,2022-02-11 17:41:28,0,file:///Volumes/Seagate%20Thunderbolt%20Drive/Music/Sasha/Dedicated%20To.._/01%20If%20You%20Believe.mp3
101154,Dancing In My Sleep (D,Secret Ties,,Freestyle,2022-01-31 15:20:37,0,file:///Volumes/Seagate%20Thunderbolt%20Drive/Music/Secret%20Ties/Unknown%20Album/Dancing%20In%20My%20Sleep%20(D.mp3
101770,I'd Do Anything for Your Love,Shana,I Want You,Freestyle,2022-02-12 22:51:56,0,file:///Volumes/Seagate%20Thunderbolt%20Drive/Music/Shana/I%20Want%20You/02%20I'd%20Do%20Anything%20for%20Your%20Love.mp3
99200,Cant We Try,Rockell & Collage,Dream,Freestyle,2022-02-07 13:27:27,0,file:///Volumes/Seagate%20Thunderbolt%20Drive/Music/Rockell%20&%20Collage/Dream/Cant%20We%20Try.mp3
92596,Wanna Be Startin' Somethin',P.S.O.,"Miami Dance Classics, Vol. 1: Jam On Me",2022-02-05 17:12:21,2014-08-26 01:59:59,0,"file:///Volumes/Seagate%20Thunderbolt%20Drive/Music/P.S.O_/Miami%20Dance%20Classics,%20Vol.%201_%20Jam%20On%20Me/13%20Wanna%20Be%20Startin'%20Somethin'.mp3"
91772,Now & Forever,Nyasia,,Freestyle,2022-01-20 23:03:18,0,file:///Volumes/Seagate%20Thunderbolt%20Drive/Music/Nyasia/Unknown%20Album/Now%20&%20Forever.mp3
91764,Should I Say Yes,Nu Shooz,Freestyle,Freestyle,2022-02-13 01:18:08,0,file:///Volumes/Seagate%20Thunderbolt%20Drive/Music/Nu%20Shooz/Freestyle/20%20Should%20I%20Say%20Yes.mp3
80892,All Cried Out (The original),Lisa Lisa & Cult Jam ft Full Force,,Freestyle,2022-01-14 17:41:28,0,file:///Volumes/Seagate%20Thunderbolt%20Drive/Music/Lisa%20Lisa%20&%20Cult%20Jam%20ft%20Full%20Force/Unknown%20Album/All%20Cried%20Out%20(The%20original).mp3
80894,Lisa Lisa & Cult Jam ft Full Force -,Lisa Lisa & Cult Jam ft Full Force,,Freestyle,2022-02-05 00:38:53,0,file:///Volumes/Seagate%20Thunderbolt%20Drive/Music/Lisa%20Lisa%20&%20Cult%20Jam%20ft%20Full%20Force/Unknown%20Album/Lisa%20Lisa%20&%20Cult%20Jam%20ft%20Full%20Force%20-.mp3
80910, I Wonder,Lisa Lisa & The Cult Jam,,Freestyle,2022-02-09 08:53:25,0,file:///Volumes/Seagate%20Thunderbolt%20Drive/Music/Lisa%20Lisa%20&%20The%20Cult%20Jam/Unknown%20Album/_I%20Wonder.mp3
80912,I Wonder If I Take You Home,Lisa Lisa & The Cult Jam ,,Freestyle,2022-02-12 16:04:22,0,file:///Volumes/Seagate%20Thunderbolt%20Drive/Music/Lisa%20Lisa%20&%20The%20Cult%20Jam/Unknown%20Album/I%20Wonder%20If%20I%20Take%20You%20Home.mp3
80916,Let the Beat Hit 'Em,Lisa Lisa and Cult Jam,,Freestyle,2022-02-06 11:44:58,0,file:///Volumes/Seagate%20Thunderbolt%20Drive/Music/Lisa%20Lisa%20and%20Cult%20Jam/Unknown%20Album/Let%20the%20Beat%20Hit%20'Em.mp3
80918,I Wonder If I Take You Home (feat. Full Force),Lisa Lisa and The Cult Jam,,Freestyle,2022-02-04 01:12:01,0,file:///Volumes/Seagate%20Thunderbolt%20Drive/Music/Lisa%20Lisa%20and%20The%20Cult%20Jam/Unknown%20Album/I%20Wonder%20If%20I%20Take%20You%20Home%20(feat.%20Full%20Force).mp3
80936,Together Forever,Lissette Melendez,,Freestyle,2022-01-26 16:13:08,0,file:///Volumes/Seagate%20Thunderbolt%20Drive/Music/Lissette%20Melendez/Unknown%20Album/Together%20Forever.mp3
81268,Booming System,LL Cool J,,Freestyle,2022-02-12 11:27:34,0,file:///Volumes/Seagate%20Thunderbolt%20Drive/Music/LL%20Cool%20J/Unknown%20Album/Booming%20System.mp3
83510,Lucky Star,Madonna,,Freestyle,2022-02-12 06:56:19,0,file:///Volumes/Seagate%20Thunderbolt%20Drive/Music/Madonna/Unknown%20Album/Lucky%20Star.mp3
83522,Open your heart to me,Madonna,,Freestyle,2022-02-03 20:23:18,0,file:///Volumes/Seagate%20Thunderbolt%20Drive/Music/Madonna/Unknown%20Album/Open%20your%20heart%20to%20me.mp3
84640,DON'T MAKE ME PROMISES,MARIBELL,micmac CONCERT,Freestyle,2022-01-14 06:50:22,0,file:///Volumes/Seagate%20Thunderbolt%20Drive/Music/MARIBELL/micmac%20CONCERT/09%20DON'T%20MAKE%20ME%20PROMISES.mp3
126360,Boot The Booty,MC Cool Rock & MC Chaszy Chess,Vision Records Booty Bass Disc 3,Freestyle,2022-01-15 14:17:17,0,file:///Volumes/Seagate%20Thunderbolt%20Drive/Music/Various%20Artists%20-%20Vision%20Records/Vision%20Records%20Booty%20Bass%20Disc%203/12%20Boot%20The%20Booty.mp3
86764,Lover Girl,meg,This Is Freestyle / Best Of Electro Freestyle,Freestyle,2022-02-04 16:40:43,0,file:///Volumes/Seagate%20Thunderbolt%20Drive/Music/meg/This%20Is%20Freestyle%20_%20Best%20Of%20Electro%20Freestyle/09%20Lover%20Girl.mp3
87016,We Can Dance If Want To,Men Without Hats,,Freestyle,2022-02-05 20:42:49,0,file:///Volumes/Seagate%20Thunderbolt%20Drive/Music/Men%20Without%20Hats/Unknown%20Album/We%20Can%20Dance%20If%20Want%20To.mp3
89804,For Tonight,Nancy Martinez,"Dance Traxx, Vol. 2",2022-01-18 09:01:42,2014-08-26 01:59:59,0,"file:///Volumes/Seagate%20Thunderbolt%20Drive/Music/Nancy%20Martinez/Dance%20Traxx,%20Vol.%202/06%20For%20Tonight.mp3"
90196,Please don't go,nayobe ,,Freestyle,2022-01-23 13:23:46,0,file:///Volumes/Seagate%20Thunderbolt%20Drive/Music/nayobe/Unknown%20Album/Please%20don't%20go.mp3
90838,Jam On It,Newcleus ,,Freestyle,2022-01-31 22:49:50,0,file:///Volumes/Seagate%20Thunderbolt%20Drive/Music/Newcleus/Unknown%20Album/Jam%20On%20It.mp3
90926,Diamond Girl (Ultimix),Nice & Wild,Club Anthems Vol 4,Freestyle,2022-01-31 04:57:04,0,file:///Volumes/Seagate%20Thunderbolt%20Drive/Music/Nice%20&%20Wild/Club%20Anthems%20Vol%204/Diamond%20Girl%20(Ultimix).mp3
91666,"Summertime,Summertime(ClubMix)",Nocera,"12"" EP",2022-01-31 11:55:20,2014-08-26 01:59:59,0,"file:///Volumes/Seagate%20Thunderbolt%20Drive/Music/Nocera/12_%20EP/Summertime,Summertime(ClubMix).mp3"
91680,In Your Eyes,Noel,Hearts on Fire,Freestyle,2022-02-03 11:35:08,0,file:///Volumes/Seagate%20Thunderbolt%20Drive/Music/Noel/Hearts%20on%20Fire/06%20In%20Your%20Eyes.mp3
91682,Fire to Ice,Noel,Noel,Freestyle,2022-02-07 01:01:11,0,file:///Volumes/Seagate%20Thunderbolt%20Drive/Music/Noel/Noel/02%20Fire%20to%20Ice.mp3
91684,Out of Time,Noel,Noel,Freestyle,2022-01-19 22:54:49,0,file:///Volumes/Seagate%20Thunderbolt%20Drive/Music/Noel/Noel/04%20Out%20of%20Time.mp3
91686,City Streets,Noel,Noel,Freestyle,2022-01-31 16:49:21,0,file:///Volumes/Seagate%20Thunderbolt%20Drive/Music/Noel/Noel/08%20City%20Streets.mp3
91692,The Question,Noel,,Freestyle,2022-01-31 15:07:53,0,file:///Volumes/Seagate%20Thunderbolt%20Drive/Music/Noel/Unknown%20Album/The%20Question.mp3
91690,Silent Morning(12 inch club mix),Noel,,Freestyle,2022-01-16 12:11:01,0,file:///Volumes/Seagate%20Thunderbolt%20Drive/Music/Noel/Unknown%20Album/Silent%20Morning(12%20inch%20club%20mix).mp3
91688,Silent Morning,Noel,,Freestyle,2022-02-03 10:45:29,0,file:///Volumes/Seagate%20Thunderbolt%20Drive/Music/Noel/Unknown%20Album/01%20Silent%20Morning.mp3
91708,Yo! Little Brother,Nolan Thomas,Emergency Records,Freestyle,2022-01-26 16:30:57,0,file:///Volumes/Seagate%20Thunderbolt%20Drive/Music/Nolan%20Thomas/Emergency%20Records/Yo!%20Little%20Brother.mp3
101772,Falling Slowly,Shana,I Want You,Freestyle,2022-01-14 21:47:15,0,file:///Volumes/Seagate%20Thunderbolt%20Drive/Music/Shana/I%20Want%20You/07%20Falling%20Slowly.mp3
101774,I Want You,Shana,"Miami Dance Classics, Vol. 1: Jam On Me",2022-02-03 06:44:21,2014-08-26 01:59:59,0,"file:///Volumes/Seagate%20Thunderbolt%20Drive/Music/Shana/Miami%20Dance%20Classics,%20Vol.%201_%20Jam%20On%20Me/04%20I%20Want%20You.mp3"
101776,You Can't Get Away(Extended Hot Mix),Shana,You Can't Get Away,Freestyle,2022-01-22 22:08:53,0,file:///Volumes/Seagate%20Thunderbolt%20Drive/Music/Shana/You%20Can't%20Get%20Away/26%20You%20Can't%20Get%20Away(Extended%20Hot%20Mix).mp3
101836,Something About You,Shannon,The Best Is Yet to Come,Freestyle,2022-01-26 17:19:21,0,file:///Volumes/Seagate%20Thunderbolt%20Drive/Music/Shannon/The%20Best%20Is%20Yet%20to%20Come/06%20Something%20About%20You.mp3
111852,Something in My Heart,TKA,Louder Than Love,Freestyle,2022-01-18 07:08:51,0,file:///Volumes/Seagate%20Thunderbolt%20Drive/Music/TKA/Louder%20Than%20Love/03%20Something%20in%20My%20Heart.mp3
111854,Louder Than Love (long mix),TKA,Louder Than Love,Freestyle,2022-02-01 06:57:53,0,file:///Volumes/Seagate%20Thunderbolt%20Drive/Music/TKA/Louder%20Than%20Love/10%20Louder%20Than%20Love%20(long%20mix).mp3
111856,X-Ray Vision,TKA,Scars of Love,Freestyle,2022-01-21 23:56:47,0,file:///Volumes/Seagate%20Thunderbolt%20Drive/Music/TKA/Scars%20of%20Love/02%20X-Ray%20Vision.mp3
111858,Tears May Fall,TKA,Scars of Love,Freestyle,2022-01-20 18:45:15,0,file:///Volumes/Seagate%20Thunderbolt%20Drive/Music/TKA/Scars%20of%20Love/06%20Tears%20May%20Fall.mp3
111860,Sending All My Love,Tka ,,Freestyle,2022-01-16 20:34:50,0,file:///Volumes/Seagate%20Thunderbolt%20Drive/Music/Tka/Unknown%20Album/Sending%20All%20My%20Love.mp3
126018,Leave It Behind,Tolga,Freestyle's Best Extended Versions Volumes 1 & 2,Freestyle,2022-02-02 16:03:10,0,file:///Volumes/Seagate%20Thunderbolt%20Drive/Music/Various%20Artists/Freestyle's%20Best%20Extended%20Versions%20Volumes%201%20&%202/1-06%20Leave%20It%20Behind.mp3
111956,Leave It All Behind,Tolga,,Freestyle,2022-01-14 15:15:20,0,file:///Volumes/Seagate%20Thunderbolt%20Drive/Music/Tolga/Unknown%20Album/Leave%20It%20All%20Behind.mp3
105052,Forever and a Day,TPE,T.P.E.,Freestyle,2022-01-20 20:11:24,0,file:///Volumes/Seagate%20Thunderbolt%20Drive/Music/T.P.E_/T.P.E_/02%20Forever%20and%20a%20Day.mp3
113204,Latin Love,Trilogy ,,Freestyle,2022-01-19 21:49:43,0,file:///Volumes/Seagate%20Thunderbolt%20Drive/Music/Trilogy/Unknown%20Album/Latin%20Love.mp3
113232,They're Playing Our Song,Trinere,Forever Yours,Freestyle,2022-01-25 06:06:32,0,file:///Volumes/Seagate%20Thunderbolt%20Drive/Music/Trinere/Forever%20Yours/04%20They're%20Playing%20Our%20Song.mp3
113234,All Night,Trinere,,Freestyle,2022-02-09 04:58:04,0,file:///Volumes/Seagate%20Thunderbolt%20Drive/Music/Trinere/Unknown%20Album/All%20Night.mp3
113236,Ill Be All Youll Eve,Trinere,,Freestyle,2022-01-24 23:34:39,0,file:///Volumes/Seagate%20Thunderbolt%20Drive/Music/Trinere/Unknown%20Album/Ill%20Be%20All%20Youll%20Eve.mp3
113238,How Can We Be Wrong,Trinere & Friends,Greatest Hits [Pandisc],Freestyle,2022-01-14 06:20:47,0,file:///Volumes/Seagate%20Thunderbolt%20Drive/Music/Trinere%20&%20Friends/Greatest%20Hits%20%5BPandisc%5D/06%20How%20Can%20We%20Be%20Wrong.mp3
113632,Boriqua posse,Two Without Hats ,,Freestyle,2022-02-08 15:59:36,0,file:///Volumes/Seagate%20Thunderbolt%20Drive/Music/Two%20Without%20Hats/Unknown%20Album/Boriqua%20posse.mp3
113634,Esa Loca,Two Without Hats ,,Freestyle,2022-01-26 17:34:02,0,file:///Volumes/Seagate%20Thunderbolt%20Drive/Music/Two%20Without%20Hats/Unknown%20Album/Esa%20Loca.mp3
126008,Fantasy Girl,Various Artists,Electricity Freestyle [UK],Freestyle,2022-02-12 09:43:14,0,file:///Volumes/Seagate%20Thunderbolt%20Drive/Music/Various%20Artists/Electricity%20Freestyle%20%5BUK%5D/01%20Fantasy%20Girl.mp3
126052,Freestyle Sampler  (Mixx-It)  (BPM 122),Various Artists,Mixx-It 043,Freestyle,2022-02-12 09:05:24,0,file:///Volumes/Seagate%20Thunderbolt%20Drive/Music/Various%20Artists/Mixx-It%20043/03%20Freestyle%20Sampler%20%20(Mixx-It)%20%20(BPM%20122).mp3
126562,Easy Love,Vikki Benson,Freestyle - Vol. V Heading Out,Freestyle,2022-01-20 19:06:38,0,file:///Volumes/Seagate%20Thunderbolt%20Drive/Music/Vikki%20Benson/Freestyle%20-%20Vol.%20V%20Heading%20Out/01%20Easy%20Love.mp3
127576,Where Are You Tonigh,Where Are You Tonight (Remix),,Freestyle,2022-01-29 16:10:28,0,file:///Volumes/Seagate%20Thunderbolt%20Drive/Music/Where%20Are%20You%20Tonight%20(Remix)/Unknown%20Album/Where%20Are%20You%20Tonigh.mp3
127816,Say It's Gonna Rain Extended 12' Mix,Will To Power,,Freestyle,2022-02-03 00:03:53,0,file:///Volumes/Seagate%20Thunderbolt%20Drive/Music/Will%20To%20Power/Unknown%20Album/02%20Say%20It's%20Gonna%20Rain%20Extended%2012'%20Mix.mp3
127818,Dreamin,Will To Power ,,Freestyle,2022-02-03 06:10:46,0,file:///Volumes/Seagate%20Thunderbolt%20Drive/Music/Will%20To%20Power/Unknown%20Album/Dreamin.mp3
114442,Dance Mix - Old school  Freestyle,,Different Artists,Freestyle,2022-02-02 21:48:26,0,file:///Volumes/Seagate%20Thunderbolt%20Drive/Music/Unknown%20Artist/Different%20Artists/Dance%20Mix%20-%20Old%20school%20%20Freestyle.mp3
114542,Afrika Bambaata & Soul Sonic Force -,,,Freestyle,2022-01-18 11:03:54,0,file:///Volumes/Seagate%20Thunderbolt%20Drive/Music/Unknown%20Artist/Unknown%20Album/Afrika%20Bambaata%20&%20Soul%20Sonic%20Force%20-.mp3
114622,"Cynthia, Stevie B, Tka, Dino,2022-02-05 14:19:09,,,Freestyle,2014-08-26 01:59:59,0,"file:///Volumes/Seagate%20Thunderbolt%20Drive/Music/Unknown%20Artist/Unknown%20Album/Cynthia,%20Stevie%20B,%20Tka,%20Dino,%20Johnny.Mp3"
114640,Don't You Want Me (12 inch Dance Mix),,,Freestyle,2022-02-10 20:14:24,0,file:///Volumes/Seagate%20Thunderbolt%20Drive/Music/Unknown%20Artist/Unknown%20Album/Don't%20You%20Want%20Me%20(12%20inch%20Dance%20Mix).mp3
114468,(Freestyle's_Greatest_Hits)_Volume_3,,,Freestyle,2022-01-23 04:19:56,0,file:///Volumes/Seagate%20Thunderbolt%20Drive/Music/Unknown%20Artist/Unknown%20Album/(Freestyle's_Greatest_Hits)_Volume_3.mp3
114868,Miami Megamix,,,Freestyle,2022-02-01 06:59:47,0,file:///Volumes/Seagate%20Thunderbolt%20Drive/Music/Unknown%20Artist/Unknown%20Album/Miami%20Megamix.mp3
111850,Is It Love?,TKA,Greatest Hits,Freestyle,2022-01-20 15:28:20,0,file:///Volumes/Seagate%20Thunderbolt%20Drive/Music/TKA/Greatest%20Hits/13%20Is%20It%20Love_.mp3
80442,Angel Eyes,Lime,I Love Disco Vol.2 CD2,Freestyle,2022-01-27 01:30:30,0,file:///Volumes/Seagate%20Thunderbolt%20Drive/Music/Lime/I%20Love%20Disco%20Vol.2%20CD2/04%20Angel%20Eyes.mp3
111848,Scars of Love,TKA,Greatest Hits,Freestyle,2022-02-02 03:47:44,0,file:///Volumes/Seagate%20Thunderbolt%20Drive/Music/TKA/Greatest%20Hits/03%20Scars%20of%20Love.mp3
111602,Honey To A Bee (Latin Rascals),Tina B ,,Freestyle,2022-02-04 13:51:09,0,file:///Volumes/Seagate%20Thunderbolt%20Drive/Music/Tina%20B/Unknown%20Album/Honey%20To%20A%20Bee%20(Latin%20Rascals).mp3
126024,Give Me Tonight [Ligosa Mix],Shannon,Freestyle's Greatest Hits,Freestyle,2022-01-21 17:11:27,0,file:///Volumes/Seagate%20Thunderbolt%20Drive/Music/Various%20Artists/Freestyle's%20Greatest%20Hits/08%20Give%20Me%20Tonight%20%5BLigosa%20Mix%5D.mp3
101834,"Let The Music Play (Original 12"" Version)",Shannon,Grand 12 Inches Disc 3 - The Funky Grooves And More,Freestyle,2022-01-15 00:25:34,0,file:///Volumes/Seagate%20Thunderbolt%20Drive/Music/Shannon/Grand%2012%20Inches%20Disc%203%20-%20The%20Funky%20Grooves%20And%20More/05%20Let%20The%20Music%20Play%20(Original%2012_%20Version).mp3
101852,Let The Music Play (Ultimix Remix),Shannon,,Freestyle,2022-02-02 07:50:35,0,file:///Volumes/Seagate%20Thunderbolt%20Drive/Music/Shannon/Unknown%20Album/Let%20The%20Music%20Play%20(Ultimix%20Remix).mp3
101840,Give Me Tonight,Shannon ,,Freestyle,2022-01-30 11:07:26,0,file:///Volumes/Seagate%20Thunderbolt%20Drive/Music/Shannon/Unknown%20Album/Give%20Me%20Tonight.mp3
101854,80'sMegMix  Freestyle,"Shannon, Cover Girls, Sweet Sensation,2022-01-23 22:26:09, Trinere, Dino",Different Artists,Freestyle,2014-08-26 01:59:59,0,"file:///Volumes/Seagate%20Thunderbolt%20Drive/Music/Shannon,%20Cover%20Girls,%20Sweet%20Sensation,%20Company%20B,%20Trinere,%20Dino/Different%20Artists/02%2080'sMegMix%20%20Freestyle.mp3"
101856,Let The Music Play,Shanon,,Freestyle,2022-02-01 14:45:03,0,file:///Volumes/Seagate%20Thunderbolt%20Drive/Music/Shanon/Unknown%20Album/Let%20The%20Music%20Play.mp3
102176,Say You'Re The Only One,Sierra,"Classic Freestyle, Vol 2",2022-01-30 00:56:35,2014-08-26 01:59:59,0,"file:///Volumes/Seagate%20Thunderbolt%20Drive/Music/Sierra/Classic%20Freestyle,%20Vol%202/13%20Say%20You'Re%20The%20Only%20One.mp3"
103096,CRYING OVER YOU,SOAVE,micmac CONCERT,Freestyle,2022-02-11 01:29:18,0,file:///Volumes/Seagate%20Thunderbolt%20Drive/Music/SOAVE/micmac%20CONCERT/07%20CRYING%20OVER%20YOU.mp3
103226,PLANET ROCK (DJ Mix),SOUL SONIC FORCE ,,Freestyle,2022-02-10 18:58:23,0,file:///Volumes/Seagate%20Thunderbolt%20Drive/Music/SOUL%20SONIC%20FORCE/Unknown%20Album/PLANET%20ROCK%20(DJ%20Mix).mp3
103552,Get Away,Stephanie,,Freestyle,2022-01-17 06:29:50,0,file:///Volumes/Seagate%20Thunderbolt%20Drive/Music/Stephanie/Unknown%20Album/01%20Get%20Away.mp3
103732,THE  STEVIE  B.MEGAMIX,STEVIE  B,MEGAMIX  maxi,Freestyle,2022-01-29 22:35:39,0,file:///Volumes/Seagate%20Thunderbolt%20Drive/Music/STEVIE%20%20B/MEGAMIX%20%20maxi/02%20THE%20%20STEVIE%20%20B.MEGAMIX.mp3
103734,Girl I Love Ya,Stevie B,Funky Melody,Freestyle,2022-01-25 08:11:59,0,file:///Volumes/Seagate%20Thunderbolt%20Drive/Music/Stevie%20B/Funky%20Melody/05%20Girl%20I%20Love%20Ya.mp3
103736,Party Your Body,Stevie B,Party Your Body,Freestyle,2022-02-03 19:44:36,0,file:///Volumes/Seagate%20Thunderbolt%20Drive/Music/Stevie%20B/Party%20Your%20Body/Party%20Your%20Body.mp3
103790,Crying Out,Stevie B,Waiting for Your Love,Freestyle,2022-01-20 22:18:58,0,file:///Volumes/Seagate%20Thunderbolt%20Drive/Music/Stevie%20B/Waiting%20for%20Your%20Love/07%20Crying%20Out.mp3
103742,(I Just) Died In Your Arm,Stevie B,,Freestyle,2022-01-16 04:46:46,0,file:///Volumes/Seagate%20Thunderbolt%20Drive/Music/Stevie%20B/Unknown%20Album/(I%20Just)%20Died%20In%20Your%20Arm.Mp3
103788,Spring Love,Stevie B,,Freestyle,2022-02-05 00:04:11,0,file:///Volumes/Seagate%20Thunderbolt%20Drive/Music/Stevie%20B/Unknown%20Album/Spring%20Love.mp3
103772,In my eyes,Stevie B ,,Freestyle,2022-02-10 17:54:17,0,file:///Volumes/Seagate%20Thunderbolt%20Drive/Music/Stevie%20B/Unknown%20Album/In%20my%20eyes.mp3
103738,Forever More,Stevie B.,The Best of Stevie B [1998],Freestyle,2022-01-19 01:53:50,0,file:///Volumes/Seagate%20Thunderbolt%20Drive/Music/Stevie%20B/The%20Best%20of%20Stevie%20B%20%5B1998%5D/10%20Forever%20More.mp3
103740,Party Your Body,Stevie B.,The Best of Stevie B [1998],Freestyle,2022-02-11 17:33:31,0,file:///Volumes/Seagate%20Thunderbolt%20Drive/Music/Stevie%20B/The%20Best%20of%20Stevie%20B%20%5B1998%5D/11%20Party%20Your%20Body.mp3
126248,Hooked on You,Sweet Sensation,The Best of Freestyle,Freestyle,2022-02-02 08:56:26,0,file:///Volumes/Seagate%20Thunderbolt%20Drive/Music/Various%20Artists/The%20Best%20of%20Freestyle/12%20Hooked%20on%20You.mp3
104268,I'm Hooked On You,Sweet sensation,,Freestyle,2022-02-05 11:09:23,0,file:///Volumes/Seagate%20Thunderbolt%20Drive/Music/Sweet%20sensation/Unknown%20Album/I'm%20Hooked%20On%20You.mp3
104500,DJ FBI - Jay And Jane,T-DJ FBI,Different Artists,Freestyle,2022-01-15 01:49:16,0,file:///Volumes/Seagate%20Thunderbolt%20Drive/Music/T-DJ%20FBI/Different%20Artists/DJ%20FBI%20-%20Jay%20And%20Jane.mp3
105488,Tell It To My Heart,Taylor Dayne ,,Freestyle,2022-01-15 16:24:00,0,file:///Volumes/Seagate%20Thunderbolt%20Drive/Music/Taylor%20Dayne/Unknown%20Album/Tell%20It%20To%20My%20Heart.mp3
105846,Electro Old School Miami Bass,Techno ,,Freestyle,2022-01-20 11:55:43,0,file:///Volumes/Seagate%20Thunderbolt%20Drive/Music/Techno/Unknown%20Album/Electro%20Old%20School%20Miami%20Bass.mp3
111446,So Sexual,Thrill Factor,"Freestyle, Vol. 6: Out & About",2022-01-17 01:28:13,2014-08-26 01:59:59,0,"file:///Volumes/Seagate%20Thunderbolt%20Drive/Music/Thrill%20Factor/Freestyle,%20Vol.%206_%20Out%20&%20About/11%20So%20Sexual.mp3"
111464,First True Love,Tiana,Tiana,Freestyle,2022-01-27 05:47:57,0,file:///Volumes/Seagate%20Thunderbolt%20Drive/Music/Tiana/Tiana/09%20First%20True%20Love.mp3
111604,Honey To A Bee,Tina B ,,Freestyle,2022-01-16 21:38:10,0,file:///Volumes/Seagate%20Thunderbolt%20Drive/Music/Tina%20B/Unknown%20Album/Honey%20To%20A%20Bee.mp3
111846,One Way Love,TKA,Greatest Hits,Freestyle,2022-01-30 00:07:28,0,file:///Volumes/Seagate%20Thunderbolt%20Drive/Music/TKA/Greatest%20Hits/01%20One%20Way%20Love.mp3
79984,IN A DREAM,LIL SUZY ,,Freestyle,2022-01-21 22:56:03,0,file:///Volumes/Seagate%20Thunderbolt%20Drive/Music/LIL%20SUZY/Unknown%20Album/IN%20A%20DREAM.mp3
80440,Angel Eyes [Remix],Lime,Greatest Hits,Freestyle,2022-01-31 06:20:10,0,file:///Volumes/Seagate%20Thunderbolt%20Drive/Music/Lime/Greatest%20Hits/01%20Angel%20Eyes%20%5BRemix%5D.mp3
52848,Bootyz In M,DJ Magic Mike Presents ,,Freestyle,2022-01-19 09:02:00,0,file:///Volumes/Seagate%20Thunderbolt%20Drive/Music/DJ%20Magic%20Mike%20Presents/Unknown%20Album/Bootyz%20In%20M.mp3
47766,Baby Baby,Corona ,,Freestyle,2022-01-14 17:03:45,0,file:///Volumes/Seagate%20Thunderbolt%20Drive/Music/Corona/Unknown%20Album/Baby%20Baby.mp3
47770,The Rythm Of The Night,Corona ,,Freestyle,2022-01-18 11:31:11,0,file:///Volumes/Seagate%20Thunderbolt%20Drive/Music/Corona/Unknown%20Album/The%20Rythm%20Of%20The%20Night.mp3
47910,Sincerely Yours,Cover Girls,Cover Girls,Freestyle,2022-02-01 12:18:10,0,file:///Volumes/Seagate%20Thunderbolt%20Drive/Music/Cover%20Girls/Cover%20Girls/06%20Sincerely%20Yours.mp3
108104,Show Me,The Cover Girls,Show Me,Freestyle,2022-01-17 19:39:17,0,file:///Volumes/Seagate%20Thunderbolt%20Drive/Music/The%20Cover%20Girls/Show%20Me/Show%20Me.mp3
108102,Because Of You,The Cover Girls,Show Me,Freestyle,2022-01-23 08:14:32,0,file:///Volumes/Seagate%20Thunderbolt%20Drive/Music/The%20Cover%20Girls/Show%20Me/02%20Because%20Of%20You.mp3
108108,Once Upon A Time,The Cover Girls,We Can't Go Wrong,Freestyle,2022-01-16 20:41:15,0,file:///Volumes/Seagate%20Thunderbolt%20Drive/Music/The%20Cover%20Girls/We%20Can't%20Go%20Wrong/01%20Once%20Upon%20A%20Time.mp3
108110,All That Glitters Isn't Gold,The Cover Girls,We Can't Go Wrong,Freestyle,2022-02-02 01:43:10,0,file:///Volumes/Seagate%20Thunderbolt%20Drive/Music/The%20Cover%20Girls/We%20Can't%20Go%20Wrong/03%20All%20That%20Glitters%20Isn't%20Gold.mp3
108112,Nothing Could Be Better,The Cover Girls,We Can't Go Wrong,Freestyle,2022-01-24 05:19:34,0,file:///Volumes/Seagate%20Thunderbolt%20Drive/Music/The%20Cover%20Girls/We%20Can't%20Go%20Wrong/04%20Nothing%20Could%20Be%20Better.mp3
108100,Inside Outside,Cover Girls,80'S FREESTYLE,Freestyle,2022-02-08 23:50:28,0,file:///Volumes/Seagate%20Thunderbolt%20Drive/Music/The%20Cover%20Girls/80'S%20FREESTYLE/01%20Inside%20Outside.MP3
47914,Summertime,Cover Girls,,Freestyle,2022-02-11 09:07:38,0,file:///Volumes/Seagate%20Thunderbolt%20Drive/Music/Cover%20Girls/Unknown%20Album/Summertime.mp3
108106,Catch Me I'm Falling,the cover girls ,,Freestyle,2022-02-02 04:13:17,0,file:///Volumes/Seagate%20Thunderbolt%20Drive/Music/the%20cover%20girls/Unknown%20Album/Catch%20Me%20I'm%20Falling.mp3
47912,Let Me Be The One ,Cover Girls ,,Freestyle,2022-02-11 16:51:32,0,file:///Volumes/Seagate%20Thunderbolt%20Drive/Music/Cover%20Girls/Unknown%20Album/Let%20Me%20Be%20The%20One.mp3
47762,My Fallen Angel,Coro,,Freestyle,2022-02-01 14:08:05,0,file:///Volumes/Seagate%20Thunderbolt%20Drive/Music/Coro/Unknown%20Album/My%20Fallen%20Angel.mp3
126162,Clear,Cybotron,"Street Jams: Electric Funk, Vols. 1-4",2022-01-18 16:54:51,2014-08-26 01:59:59,0,"file:///Volumes/Seagate%20Thunderbolt%20Drive/Music/Various%20Artists/Street%20Jams_%20Electric%20Funk,%20Vols.%201-4/08%20Clear.mp3"
48442,Endless Nights,Cynthia,Cynthia,Freestyle,2022-01-23 21:03:54,0,file:///Volumes/Seagate%20Thunderbolt%20Drive/Music/Cynthia/Cynthia/02%20Endless%20Nights.mp3
48444,Thief of Hearts,Cynthia,Cynthia,Freestyle,2022-01-29 02:43:53,0,file:///Volumes/Seagate%20Thunderbolt%20Drive/Music/Cynthia/Cynthia/04%20Thief%20of%20Hearts.mp3
48446,What Will It Take,Cynthia,Cynthia - Cynthia II,Freestyle,2022-01-28 23:51:09,0,file:///Volumes/Seagate%20Thunderbolt%20Drive/Music/Cynthia/Cynthia%20-%20Cynthia%20II/01%20What%20Will%20It%20Take.mp3
48454,Dream Boy Dream Girl,Cynthia & Johnny O,,Freestyle,2022-01-20 09:54:37,0,file:///Volumes/Seagate%20Thunderbolt%20Drive/Music/Cynthia%20&%20Johnny%20O/Unknown%20Album/Dream%20Boy%20Dream%20Girl.mp3
50360,It's Automatic,Debbie Deb,,Freestyle,2022-01-18 22:48:45,0,file:///Volumes/Seagate%20Thunderbolt%20Drive/Music/Debbie%20Deb/Unknown%20Album/It's%20Automatic.mp3
50358,When I Hear Music,Debbie Deb ,Greatest Hits [Pandisc],Freestyle,2022-01-17 11:20:31,0,file:///Volumes/Seagate%20Thunderbolt%20Drive/Music/Debbie%20Deb/Greatest%20Hits%20%5BPandisc%5D/07%20When%20I%20Hear%20Music.mp3
50362,Only In My Dreams,Debbie Gibson,,Freestyle,2022-01-30 17:28:23,0,file:///Volumes/Seagate%20Thunderbolt%20Drive/Music/Debbie%20Gibson/Unknown%20Album/Only%20In%20My%20Dreams.mp3
126254,My Destiny (Alex K Mix),Delinquent Feat. Kcat,Ultimate NRG 3 (Mixed By Alex K) Disc 1,Freestyle,2022-02-01 13:56:32,0,file:///Volumes/Seagate%20Thunderbolt%20Drive/Music/Various%20Artists/Ultimate%20NRG%203%20(Mixed%20By%20Alex%20K)%20Disc%201/16%20My%20Destiny%20(Alex%20K%20Mix).mp3
51630,JELLOUS FELL'AS,DIMPLES TEE ,,Freestyle,2022-01-24 21:50:23,0,file:///Volumes/Seagate%20Thunderbolt%20Drive/Music/DIMPLES%20TEE/Unknown%20Album/JELLOUS%20FELL'AS.mp3
51908,Floorfilla Freestyle Mix,DJ Arabia vs. Floorfilla,Different Artists,Freestyle,2022-02-09 22:30:01,0,file:///Volumes/Seagate%20Thunderbolt%20Drive/Music/DJ%20Arabia%20vs.%20Floorfilla/Different%20Artists/Floorfilla%20Freestyle%20Mix.mp3
52822,Boom I got your girlfriend,Dj laz ,,Freestyle,2022-01-20 16:01:17,0,file:///Volumes/Seagate%20Thunderbolt%20Drive/Music/Dj%20laz/Unknown%20Album/Boom%20I%20got%20your%20girlfriend.mp3
52824,Oye morena,DJ Lazz ,,Freestyle,2022-01-17 02:40:32,0,file:///Volumes/Seagate%20Thunderbolt%20Drive/Music/DJ%20Lazz/Unknown%20Album/Oye%20morena.mp3
48440,Change on Me,Cynthia,Cynthia,Freestyle,2022-02-03 11:12:06,0,file:///Volumes/Seagate%20Thunderbolt%20Drive/Music/Cynthia/Cynthia/01%20Change%20on%20Me.mp3
47760,Can't Let You Go,Coro,Coro - Coro,Freestyle,2022-02-10 19:39:17,0,file:///Volumes/Seagate%20Thunderbolt%20Drive/Music/Coro/Coro%20-%20Coro/02%20Can't%20Let%20You%20Go.mp3
47758,Where Are You Tonight,Coro,Coro - Coro,Freestyle,2022-02-08 19:26:26,0,file:///Volumes/Seagate%20Thunderbolt%20Drive/Music/Coro/Coro%20-%20Coro/01%20Where%20Are%20You%20Tonight.mp3
47728,Temptation,Corina,Corina,Freestyle,2022-02-04 08:41:39,0,file:///Volumes/Seagate%20Thunderbolt%20Drive/Music/Corina/Corina/01%20Temptation.mp3
32268,All Night Passion (Extended),Alisha,All Night Passion,Freestyle,2022-01-25 11:50:11,0,file:///Volumes/Seagate%20Thunderbolt%20Drive/Music/Alisha/All%20Night%20Passion/All%20Night%20Passion%20(Extended).MP3
32616,Clave rocks,Amoretto,,Freestyle,2022-01-24 13:35:57,0,file:///Volumes/Seagate%20Thunderbolt%20Drive/Music/Amoretto/Unknown%20Album/Clave%20rocks.mp3
33142,Baby Come to Me,Anita Baker,,Freestyle,2022-02-02 12:38:22,0,file:///Volumes/Seagate%20Thunderbolt%20Drive/Music/Anita%20Baker/Unknown%20Album/Baby%20Come%20to%20Me.mp3
33292,You're the One for Me,April,Magical,Freestyle,2022-02-02 17:30:59,0,file:///Volumes/Seagate%20Thunderbolt%20Drive/Music/April/Magical/05%20You're%20the%20One%20for%20Me.mp3
71032,Security (Midnight Club Mix),The Beat Club ,Choice (CD 1),Freestyle,2022-01-22 22:55:24,0,file:///Volumes/Seagate%20Thunderbolt%20Drive/Music/John%20Digweed/Choice%20(CD%201)/08%20Security%20(Midnight%20Club%20Mix)%202.mp3
107552,Simple Minds,The Breakfast Club,,Freestyle,2022-02-08 15:31:55,0,file:///Volumes/Seagate%20Thunderbolt%20Drive/Music/The%20Breakfast%20Club/Unknown%20Album/Simple%20Minds.mp3
41458,House music,Breakin beats,,Freestyle,2022-02-02 22:27:49,0,file:///Volumes/Seagate%20Thunderbolt%20Drive/Music/Breakin%20beats/Unknown%20Album/House%20music.mp3
126016,I Still Believe,Brenda K Starr,Freestyle Love Songs,Freestyle,2022-02-05 10:28:53,0,file:///Volumes/Seagate%20Thunderbolt%20Drive/Music/Various%20Artists/Freestyle%20Love%20Songs/05%20I%20Still%20Believe.mp3
41478, i still believe(salsa version),brenda k starr,,Freestyle,2022-02-02 09:19:42,0,file:///Volumes/Seagate%20Thunderbolt%20Drive/Music/brenda%20k%20starr/Unknown%20Album/_i%20still%20believe(salsa%20version).mp3
41480,Over And Over,Brenda K. Starr,,Freestyle,2022-02-01 08:39:46,0,file:///Volumes/Seagate%20Thunderbolt%20Drive/Music/Brenda%20K.%20Starr/Unknown%20Album/Over%20And%20Over.mp3
41482,Wishing on a Star,Brenda K. Starr ,,Freestyle,2022-01-16 08:51:49,0,file:///Volumes/Seagate%20Thunderbolt%20Drive/Music/Brenda%20K.%20Starr/Unknown%20Album/Wishing%20on%20a%20Star.mp3
126354,Rock The House,Caly D & Magic Mike,Vision Records Booty Bass Disc 2,Freestyle,2022-01-25 05:48:29,0,file:///Volumes/Seagate%20Thunderbolt%20Drive/Music/Various%20Artists%20-%20Vision%20Records/Vision%20Records%20Booty%20Bass%20Disc%202/11%20Rock%20The%20House.mp3
126356,Ugly People Be Quiet,Caly D & Magic Mike,Vision Records Booty Bass Disc 2,Freestyle,2022-01-26 18:13:53,0,file:///Volumes/Seagate%20Thunderbolt%20Drive/Music/Various%20Artists%20-%20Vision%20Records/Vision%20Records%20Booty%20Bass%20Disc%202/13%20Ugly%20People%20Be%20Quiet.mp3
44744,forget me not,Chase,,Freestyle,2022-01-27 09:41:14,0,file:///Volumes/Seagate%20Thunderbolt%20Drive/Music/Chase/Unknown%20Album/forget%20me%20not.mp3
125976,Calling on Your Love,Cheerokee,Best of G.T. & Friends,Freestyle,2022-01-27 19:20:35,0,file:///Volumes/Seagate%20Thunderbolt%20Drive/Music/Various%20Artists/Best%20of%20G.T.%20&%20Friends/02%20Calling%20on%20Your%20Love.mp3
125978,Don't Go Away,Cheerokee,Best of G.T. & Friends,Freestyle,2022-01-22 02:20:12,0,file:///Volumes/Seagate%20Thunderbolt%20Drive/Music/Various%20Artists/Best%20of%20G.T.%20&%20Friends/04%20Don't%20Go%20Away.mp3
125974,Do Your Duty,Clay D,Best Of Booty Bass Vol. 1,Freestyle,2022-02-03 05:45:22,0,file:///Volumes/Seagate%20Thunderbolt%20Drive/Music/Various%20Artists/Best%20Of%20Booty%20Bass%20Vol.%201/16%20Do%20Your%20Duty.mp3
126358,Put It All The Way Down,Clay D & Prince Raheim,Vision Records Booty Bass Disc 2,Freestyle,2022-02-06 23:52:51,0,file:///Volumes/Seagate%20Thunderbolt%20Drive/Music/Various%20Artists%20-%20Vision%20Records/Vision%20Records%20Booty%20Bass%20Disc%202/14%20Put%20It%20All%20The%20Way%20Down.mp3
46298,Work That Body,Clay D And The New Get Funky Crew,'We're Goin' Off',Freestyle,2022-01-30 01:24:16,0,file:///Volumes/Seagate%20Thunderbolt%20Drive/Music/Clay%20D%20And%20The%20New%20Get%20Funky%20Crew/'We're%20Goin'%20Off'/02%20Work%20That%20Body.mp3
46300,We're Goin' Off,Clay D And The New Get Funky Crew,'We're Goin' Off',Freestyle,2022-01-17 09:35:00,0,file:///Volumes/Seagate%20Thunderbolt%20Drive/Music/Clay%20D%20And%20The%20New%20Get%20Funky%20Crew/'We're%20Goin'%20Off'/03%20We're%20Goin'%20Off.mp3
46302,Give Me A Bottle (Original),Clay D And The New Get Funky Crew,'We're Goin' Off',Freestyle,2022-02-04 08:17:07,0,file:///Volumes/Seagate%20Thunderbolt%20Drive/Music/Clay%20D%20And%20The%20New%20Get%20Funky%20Crew/'We're%20Goin'%20Off'/06%20Give%20Me%20A%20Bottle%20(Original).mp3
46460,reggae latino - el gene,club beats,,Freestyle,2022-01-21 17:40:47,0,file:///Volumes/Seagate%20Thunderbolt%20Drive/Music/club%20beats/Unknown%20Album/reggae%20latino%20-%20el%20gene.mp3
126246,Perfect Lover [Club Mix],Company B,The Best of Freestyle,Freestyle,2022-02-04 08:05:59,0,file:///Volumes/Seagate%20Thunderbolt%20Drive/Music/Various%20Artists/The%20Best%20of%20Freestyle/07%20Perfect%20Lover%20%5BClub%20Mix%5D.mp3
46986,Fascinated (Club Mix),Company B,Fascinated (Maxi),Freestyle,2022-01-23 00:09:50,0,file:///Volumes/Seagate%20Thunderbolt%20Drive/Music/Company%20B/Fascinated%20(Maxi)/01%20Fascinated%20(Club%20Mix).mp3
46988,Full Circle,Company B,Full Circle (Maxi),Freestyle,2022-02-10 12:30:24,0,file:///Volumes/Seagate%20Thunderbolt%20Drive/Music/Company%20B/Full%20Circle%20(Maxi)/01%20Full%20Circle.mp3
47640,Funky Little Beat,Connie,Street Jams: Electric Funk Part 2,Freestyle,2022-01-27 22:46:06,0,file:///Volumes/Seagate%20Thunderbolt%20Drive/Music/Connie/Street%20Jams_%20Electric%20Funk%20Part%202/11%20Funky%20Little%20Beat.mp3
126242,Give Me Back My Heart [Extended Club Mix],Corina,The Best of Freestyle,Freestyle,2022-01-25 08:25:29,0,file:///Volumes/Seagate%20Thunderbolt%20Drive/Music/Various%20Artists/The%20Best%20of%20Freestyle/04%20Give%20Me%20Back%20My%20Heart%20%5BExtended%20Club%20Mix%5D.mp3
79982,Take Me In Your Arms,Lil Suzy,                              ,Freestyle,2022-01-15 14:59:09,0,file:///Volumes/Seagate%20Thunderbolt%20Drive/Music/Lil%20Suzy/_%20%20%20%20%20%20%20%20%20%20%20%20%20%20%20%20%20%20%20%20%20%20%20%20%20%20%20%20_/Take%20Me%20In%20Your%20Arms.mp3
52850,Drop The Bass,DJ Majic Mike ,,Freestyle,2022-01-29 17:56:06,0,file:///Volumes/Seagate%20Thunderbolt%20Drive/Music/DJ%20Majic%20Mike/Unknown%20Album/Drop%20The%20Bass.MP3
55978, Egypt Egypt,Egypt,,Freestyle,2022-01-20 16:01:35,0,file:///Volumes/Seagate%20Thunderbolt%20Drive/Music/Egypt/Unknown%20Album/_Egypt%20Egypt.mp3
55984,Egyptian Lover,Egypt Egypt ,,Freestyle,2022-01-28 04:48:00,0,file:///Volumes/Seagate%20Thunderbolt%20Drive/Music/Egypt%20Egypt/Unknown%20Album/Egyptian%20Lover.mp3
66106,Running,Information Society,Information Society,Freestyle,2022-02-06 20:22:19,0,file:///Volumes/Seagate%20Thunderbolt%20Drive/Music/Information%20Society/Information%20Society/09%20Running.mp3
66108,What's On Your Mind (pure Energy) (club Mix),information society,,Freestyle,2022-02-09 07:19:22,0,file:///Volumes/Seagate%20Thunderbolt%20Drive/Music/information%20society/Unknown%20Album/What's%20On%20Your%20Mind%20(pure%20Energy)%20(club%20Mix).mp3
118194,Good Life,Inner City,Now Thats What I Call Music - 14,Freestyle,2022-02-12 20:29:12,0,file:///Volumes/Seagate%20Thunderbolt%20Drive/Music/Various%20Artiist/Now%20Thats%20What%20I%20Call%20Music%20-%2014/02%20Good%20Life.mp3
118248,Do You Love What You Feel,Inner City,Now Thats What I Call Music - 15,Freestyle,2022-02-03 04:21:40,0,file:///Volumes/Seagate%20Thunderbolt%20Drive/Music/Various%20Artiist/Now%20Thats%20What%20I%20Call%20Music%20-%2015/04%20Do%20You%20Love%20What%20You%20Feel.mp3
118146,Big Fun,Inner City Feat Kevin Saunderson,Now Thats What I Call Music - 13,Freestyle,2022-01-20 18:11:30,0,file:///Volumes/Seagate%20Thunderbolt%20Drive/Music/Various%20Artiist/Now%20Thats%20What%20I%20Call%20Music%20-%2013/05%20Big%20Fun.mp3
68376,Once is enough,Jasmin,Jasmin,Freestyle,2022-01-20 06:09:16,0,file:///Volumes/Seagate%20Thunderbolt%20Drive/Music/Jasmin/Jasmin/01%20Once%20is%20enough.mp3
69430,The Mexican,Jellybean Benitez,,Freestyle,2022-01-29 17:40:06,0,file:///Volumes/Seagate%20Thunderbolt%20Drive/Music/Jellybean%20Benitez/Unknown%20Album/The%20Mexican.mp3
70436,SUPERSONIC,JJ FAD,,Freestyle,2022-01-18 01:38:46,0,file:///Volumes/Seagate%20Thunderbolt%20Drive/Music/JJ%20FAD/Unknown%20Album/SUPERSONIC.mp3
71030,Security (Midnight Club Mix),John Digweed,Choice (CD 1),Freestyle,2022-01-26 02:52:29,0,file:///Volumes/Seagate%20Thunderbolt%20Drive/Music/John%20Digweed/Choice%20(CD%201)/08%20Security%20(Midnight%20Club%20Mix).mp3
71578,I'll Be Loving You All My,Johnny O,,Freestyle,2022-01-14 07:57:39,0,file:///Volumes/Seagate%20Thunderbolt%20Drive/Music/Johnny%20O/Unknown%20Album/I'll%20Be%20Loving%20You%20All%20My.mp3
71576,I'll Be Loving You All My Life,Johnny O,,Freestyle,2022-01-26 15:20:21,0,file:///Volumes/Seagate%20Thunderbolt%20Drive/Music/Johnny%20O/Unknown%20Album/I'll%20Be%20Loving%20You%20All%20My%20Life.mp3
71916,Fantasy Girl,Jonny O,,Freestyle,2022-02-03 06:39:07,0,file:///Volumes/Seagate%20Thunderbolt%20Drive/Music/Jonny%20O/Unknown%20Album/Fantasy%20Girl.mp3
71970,Forgive Me [Power Version],Jose Bohn,"US Dance Party, Vol. 4 (1 of 2)",2022-01-21 14:47:24,2014-08-26 01:59:59,0,"file:///Volumes/Seagate%20Thunderbolt%20Drive/Music/Jose%20Bohn/US%20Dance%20Party,%20Vol.%204%20(1%20of%202)/02%20Forgive%20Me%20%5BPower%20Version%5D.mp3"
126022,No Reason to Cry [Hot Extended Mix],Judy Torres,Freestyle's Greatest Hits,Freestyle,2022-01-30 11:19:01,0,file:///Volumes/Seagate%20Thunderbolt%20Drive/Music/Various%20Artists/Freestyle's%20Greatest%20Hits/01%20No%20Reason%20to%20Cry%20%5BHot%20Extended%20Mix%5D.mp3
72594,No Reason to Cry,Judy Torres,The Greatest Hits,Freestyle,2022-01-16 09:36:54,0,file:///Volumes/Seagate%20Thunderbolt%20Drive/Music/Judy%20Torres/The%20Greatest%20Hits/12%20No%20Reason%20to%20Cry.mp3
72596,Come Into My Arms,Judy Torres,,Freestyle,2022-01-17 17:51:32,0,file:///Volumes/Seagate%20Thunderbolt%20Drive/Music/Judy%20Torres/Unknown%20Album/Come%20Into%20My%20Arms.mp3
74002,Body Rock,K7,Swing Batta Swing,Freestyle,2022-01-25 01:16:28,0,file:///Volumes/Seagate%20Thunderbolt%20Drive/Music/K7/Swing%20Batta%20Swing/05%20Body%20Rock.mp3
77472,Arts' in D Minor/Harry Houdini,Kon Kan,Move to Move,Freestyle,2022-01-22 05:32:24,0,file:///Volumes/Seagate%20Thunderbolt%20Drive/Music/Kon%20Kan/Move%20to%20Move/01%20Arts'%20in%20D%20Minor_Harry%20Houdini.mp3
78570,To Be Your Arms [Club Mix],Laissez Faire,Hands Off,Freestyle,2022-02-03 00:01:21,0,file:///Volumes/Seagate%20Thunderbolt%20Drive/Music/Laissez%20Faire/Hands%20Off/10%20To%20Be%20Your%20Arms%20%5BClub%20Mix%5D.mp3
78572,80s' freestyle-Laissez Faire -,Laissez Faire,,Freestyle,2022-01-25 01:07:14,0,file:///Volumes/Seagate%20Thunderbolt%20Drive/Music/Laissez%20Faire/Unknown%20Album/80s'%20freestyle-Laissez%20Faire%20-.mp3
78670,Forever Amore ,latin freestyle,,Freestyle,2022-02-10 08:55:50,0,file:///Volumes/Seagate%20Thunderbolt%20Drive/Music/latin%20freestyle/Unknown%20Album/Forever%20Amore.mp3
78668,Forever Amore (Old,latin freestyle,,Freestyle,2022-02-09 07:24:50,0,file:///Volumes/Seagate%20Thunderbolt%20Drive/Music/latin%20freestyle/Unknown%20Album/Forever%20Amore%20(Old.mp3
78676,ON THE EDGE,LATIN RASCALS,WHEN SHE GOES,Freestyle,2022-01-15 04:03:39,0,file:///Volumes/Seagate%20Thunderbolt%20Drive/Music/Latin%20Rascals/WHEN%20SHE%20GOES/07%20ON%20THE%20EDGE.mp3
78674,Arabian nights,Latin Rascals ,,Freestyle,2022-02-05 02:05:31,0,file:///Volumes/Seagate%20Thunderbolt%20Drive/Music/Latin%20Rascals/Unknown%20Album/Arabian%20nights.mp3
78720,If I could turn back the hands of time,Laura Enea,Laura Enea,Freestyle,2022-01-19 17:23:39,0,file:///Volumes/Seagate%20Thunderbolt%20Drive/Music/Laura%20Enea/Laura%20Enea/02%20If%20I%20could%20turn%20back%20the%20hands%20of%20time.mp3
79756,Freestlye Mega Mix,"Lil Johanna, Lil Suzy, Corina,2022-01-23 09:54:03,,Freestyle,2014-08-26 01:59:59,0,"file:///Volumes/Seagate%20Thunderbolt%20Drive/Music/Lil%20Johanna,%20Lil%20Suzy,%20Corina,%20Lisse/Unknown%20Album/Freestlye%20Mega%20Mix.mp3"
79758,"Lil Johanna, Lil Suzy, Corina, Lisse",2022-02-09 03:45:27, Lil Suzy, Corina, Lisse",,Freestyle,2014-08-26 01:59:59,0,"file:///Volumes/Seagate%20Thunderbolt%20Drive/Music/Lil%20Johanna,%20Lil%20Suzy,%20Corina,%20Lisse/Unknown%20Album/Lil%20Johanna,%20Lil%20Suzy,%20Corina,%20Lisse.mp3"
66104,Walking Away,Information Society,Billboard Top 20,Freestyle,2022-02-04 09:33:27,0,file:///Volumes/Seagate%20Thunderbolt%20Drive/Music/Information%20Society/Billboard%20Top%2020/Walking%20Away.mp3
31212,Planet Rock,Afrika Bambaataa & Soul Sonic Force,"12""",Freestyle,2022-01-27 22:28:07,0,file:///Volumes/Seagate%20Thunderbolt%20Drive/Music/Afrika%20Bambaataa/12_/04%20Planet%20Rock.mp3
66058, Mirage,India &  jellybean,Tommy Boy Records Freestyle,Freestyle,2022-02-06 07:58:22,0,file:///Volumes/Seagate%20Thunderbolt%20Drive/Music/India%20&%20%20jellybean/Tommy%20Boy%20Records%20Freestyle/_Mirage.mp3
66050,Dancing On The Fire (Heartthr,India,Indian Music,Freestyle,2022-02-08 11:57:55,0,file:///Volumes/Seagate%20Thunderbolt%20Drive/Music/India/Indian%20Music/Dancing%20On%20The%20Fire%20(Heartthr.mp3
56068,reggae latino - club beats ,el gene,,Freestyle,2022-02-11 07:23:07,0,file:///Volumes/Seagate%20Thunderbolt%20Drive/Music/el%20gene/Unknown%20Album/reggae%20latino%20-%20club%20beats.mp3
56456,Suavemente,Elvis Crespo,Suavemente,Freestyle,2022-02-09 09:52:24,0,file:///Volumes/Seagate%20Thunderbolt%20Drive/Music/Elvis%20Crespo/Suavemente/01%20Suavemente.mp3
126020,Heart's Desire,Exaltation,Freestyle's Best Extended Versions Volumes 1 & 2,Freestyle,2022-01-14 12:12:19,0,file:///Volumes/Seagate%20Thunderbolt%20Drive/Music/Various%20Artists/Freestyle's%20Best%20Extended%20Versions%20Volumes%201%20&%202/1-10%20Heart's%20Desire.mp3
58510,Come Go With Me (Extended Mix),Exposé,Come Go With Me (Maxi),Freestyle,2022-02-09 22:01:24,0,file:///Volumes/Seagate%20Thunderbolt%20Drive/Music/Expose%CC%81/Come%20Go%20With%20Me%20(Maxi)/01%20Come%20Go%20With%20Me%20(Extended%20Mix).mp3
58512,Love Is Our Destiny,Exposé,Exposure,Freestyle,2022-01-14 10:42:48,0,file:///Volumes/Seagate%20Thunderbolt%20Drive/Music/Expose%CC%81/Exposure/07%20Love%20Is%20Our%20Destiny.mp3
58514,I Know You Know,Exposé,Exposure,Freestyle,2022-01-21 16:42:30,0,file:///Volumes/Seagate%20Thunderbolt%20Drive/Music/Expose%CC%81/Exposure/08%20I%20Know%20You%20Know.mp3
58480,Come go with me,Expose,,Freestyle,2022-02-03 17:52:23,0,file:///Volumes/Seagate%20Thunderbolt%20Drive/Music/Expose/Unknown%20Album/Come%20go%20with%20me.mp3
58506,Point Of No Return,Expose,,Freestyle,2022-02-02 17:55:17,0,file:///Volumes/Seagate%20Thunderbolt%20Drive/Music/Expose/Unknown%20Album/Point%20Of%20No%20Return.mp3
58492,Point of no return ( PWL mix ),Expose,,Freestyle,2022-01-28 17:09:14,0,file:///Volumes/Seagate%20Thunderbolt%20Drive/Music/Expose/Unknown%20Album/Point%20of%20no%20return%20(%20PWL%20mix%20).mp3
58488,I'll Never Get Over,Expose ,,Freestyle,2022-01-28 10:07:46,0,file:///Volumes/Seagate%20Thunderbolt%20Drive/Music/Expose/Unknown%20Album/I'll%20Never%20Get%20Over.mp3
58486,I'll Never Get Over You Get,Expose ,,Freestyle,2022-02-09 02:04:32,0,file:///Volumes/Seagate%20Thunderbolt%20Drive/Music/Expose/Unknown%20Album/I'll%20Never%20Get%20Over%20You%20Get.mp3
58508,Seasons Change,Expose ,,Freestyle,2022-01-19 10:09:52,0,file:///Volumes/Seagate%20Thunderbolt%20Drive/Music/Expose/Unknown%20Album/Seasons%20Change.mp3
60252,Touch Me,Fonda Rae,Tuch Me,Freestyle,2022-01-14 03:41:50,0,file:///Volumes/Seagate%20Thunderbolt%20Drive/Music/Fonda%20Rae/Tuch%20Me/Touch%20Me.mp3
60904,I.o.u. (Wicked Mix),Freeez,Club Anthems Vol 1,Freestyle,2022-02-06 17:10:23,0,file:///Volumes/Seagate%20Thunderbolt%20Drive/Music/Freeez/Club%20Anthems%20Vol%201/I.o.u.%20(Wicked%20Mix).mp3
60914,Don't Break My Heart,Freestyle Safire ,,Freestyle,2022-01-31 23:08:38,0,file:///Volumes/Seagate%20Thunderbolt%20Drive/Music/Freestyle%20Safire/Unknown%20Album/Don't%20Break%20My%20Heart.mp3
60916,It's Automatic (remix),Freestylers,,Freestyle,2022-02-01 05:11:47,0,file:///Volumes/Seagate%20Thunderbolt%20Drive/Music/Freestylers/Unknown%20Album/It's%20Automatic%20(remix).mp3
126244,Did It Feel Like Love [Miami Mix],Genuine Parts,The Best of Freestyle,Freestyle,2022-02-09 11:43:46,0,file:///Volumes/Seagate%20Thunderbolt%20Drive/Music/Various%20Artists/The%20Best%20of%20Freestyle/05%20Did%20It%20Feel%20Like%20Love%20%5BMiami%20Mix%5D.mp3
62540,Bad of the Heart,George Lamond,Bad of the Heart,Freestyle,2022-02-06 01:24:13,0,file:///Volumes/Seagate%20Thunderbolt%20Drive/Music/George%20Lamond/Bad%20of%20the%20Heart/01%20Bad%20of%20the%20Heart.mp3
62542,Look into My Eyes,George Lamond,Bad of the Heart,Freestyle,2022-01-24 03:23:31,0,file:///Volumes/Seagate%20Thunderbolt%20Drive/Music/George%20Lamond/Bad%20of%20the%20Heart/08%20Look%20into%20My%20Eyes.mp3
62544,Bad of the Heart [George Lamon,George Lamond,Freestyle Greatest Beats- Volu,Freestyle,2022-02-10 12:30:41,0,file:///Volumes/Seagate%20Thunderbolt%20Drive/Music/George%20Lamond/Freestyle%20Greatest%20Beats-%20Volu/Bad%20of%20the%20Heart%20%5BGeorge%20Lamon.mp3
62546,Where Does That Leave Love,George Lamond,Freestyle Greatest Beats-The,Freestyle,2022-01-21 11:52:41,0,file:///Volumes/Seagate%20Thunderbolt%20Drive/Music/George%20Lamond/Freestyle%20Greatest%20Beats-The/04%20Where%20Does%20That%20Leave%20Love.mp3
62550,You'll Never Find Another Love,George Lamond,,Freestyle,2022-01-26 14:58:49,0,file:///Volumes/Seagate%20Thunderbolt%20Drive/Music/George%20Lamond/Unknown%20Album/You'll%20Never%20Find%20Another%20Love.mp3
125996,I Need You,Gt,Classic Freestyle Vol. 2,Freestyle,2022-02-06 08:49:45,0,file:///Volumes/Seagate%20Thunderbolt%20Drive/Music/Various%20Artists/Classic%20Freestyle%20Vol.%202/02%20I%20Need%20You.mp3
64128,Freestyle,Guru,The Best Of Doo Wop Freestyle Sessions Volume One,Freestyle,2022-02-12 13:04:06,0,file:///Volumes/Seagate%20Thunderbolt%20Drive/Music/Guru/The%20Best%20Of%20Doo%20Wop%20Freestyle%20Sessions%20Volume%20One/09%20Freestyle.mp3
64696,Hungry for your love,Hanson & Davis ,,Freestyle,2022-02-11 00:39:46,0,file:///Volumes/Seagate%20Thunderbolt%20Drive/Music/Hanson%20&%20Davis/Unknown%20Album/Hungry%20for%20your%20love.mp3
64930,I'll Never Stop Loving You,Heartbreak,,Freestyle,2022-02-09 17:52:15,0,file:///Volumes/Seagate%20Thunderbolt%20Drive/Music/Heartbreak/Unknown%20Album/10%20I'll%20Never%20Stop%20Loving%20You.mp3
66048,Dancing On The Fire (Extended Dance Mix),India,Breaking Night,Freestyle,2022-01-16 10:04:31,0,file:///Volumes/Seagate%20Thunderbolt%20Drive/Music/India/Breaking%20Night/11%20Dancing%20On%20The%20Fire%20(Extended%20Dance%20Mix).mp3
66052,Dancing On The Fire,India ,,Freestyle,2022-02-06 09:24:37,0,file:///Volumes/Seagate%20Thunderbolt%20Drive/Music/India/Unknown%20Album/Dancing%20On%20The%20Fire.mp3
133682,(You Are My) All And All (Extended Version),Joyce Sims,,Freestyle,2022-02-08 03:21:07,0,file:///Volumes/Seagate%20Thunderbolt%20Drive/Music/Joyce%20Sims/Unknown%20Album/01%20(You%20Are%20My)%20All%20And%20All%20(Extended%20Version).mp3
133678,(You Are My) All And All (Radio Edit),Joyce Sims,,Freestyle,2022-01-22 07:32:43,0,file:///Volumes/Seagate%20Thunderbolt%20Drive/Music/Joyce%20Sims/Unknown%20Album/01%20(You%20Are%20My)%20All%20And%20All%20(Radio%20Edit).mp3
133638,(You Are My) All And All (Dub),Joyce Sims,,Freestyle,2022-02-02 20:50:46,0,file:///Volumes/Seagate%20Thunderbolt%20Drive/Music/Joyce%20Sims/Unknown%20Album/01%20(You%20Are%20My)%20All%20And%20All%20(Dub).mp3
133684,(You Are My) All And All (U.K. Dub),Joyce Sims,,Freestyle,2022-02-06 01:39:45,0,file:///Volumes/Seagate%20Thunderbolt%20Drive/Music/Joyce%20Sims/Unknown%20Album/01%20(You%20Are%20My)%20All%20And%20All%20(U.K.%20Dub).mp3