Track ID,Name,Artist,Album,Genre,2019-12-30 13:26:13,Play Count,Location
31708,I'm The Meanest Meanest Pumpkin In The Land (Theme From Mean Pumpkin),Alan Kirk,,Halloween,2020-01-06 23:12:55,0,file:///Volumes/Seagate%20Thunderbolt%20Drive/Music/Alan%20Kirk/Unknown%20Album/I'm%20The%20Meanest%20Meanest%20Pumpkin%20In%20The%20Land%20(Theme%20From%20Mean%20Pumpkin).mp3
64630,Wolves Baying,Halloween Sound Effects,,Halloween,2019-12-27 15:08:36,0,file:///Volumes/Seagate%20Thunderbolt%20Drive/Music/Halloween%20Sound%20Effects/Unknown%20Album/Wolves%20Baying.mp3
64632,You Want Some Candy,Halloween Sound Effects,,Halloween,2019-12-24 06:26:32,0,file:///Volumes/Seagate%20Thunderbolt%20Drive/Music/Halloween%20Sound%20Effects/Unknown%20Album/You%20Want%20Some%20Candy.mp3
64634,You're Here For Holloween Treats,Halloween Sound Effects,,Halloween,2020-01-19 10:27:42,0,file:///Volumes/Seagate%20Thunderbolt%20Drive/Music/Halloween%20Sound%20Effects/Unknown%20Album/You're%20Here%20For%20Holloween%20Treats.mp3
65026,Experiment In Terror (Theme From Creature Features),Henry Mancini,,Halloween,2020-01-15 03:08:04,0,file:///Volumes/Seagate%20Thunderbolt%20Drive/Music/Henry%20Mancini/Unknown%20Album/Experiment%20In%20Terror%20(Theme%20From%20Creature%20Features).mp3
66332,Good Guy Doll (Chucky - Child's Play) (Original Mix),Irving D. Carlos,,Halloween,2019-12-28 03:43:20,0,file:///Volumes/Seagate%20Thunderbolt%20Drive/Music/Irving%20D.%20Carlos/Unknown%20Album/Good%20Guy%20Doll%20(Chucky%20-%20Child's%20Play)%20(Original%20Mix).mp3
66990,The Munsters (Theme From The Munsters),Jack Marshall,,Halloween,2020-01-15 14:20:25,0,file:///Volumes/Seagate%20Thunderbolt%20Drive/Music/Jack%20Marshall/Unknown%20Album/The%20Munsters%20(Theme%20From%20The%20Munsters).mp3
69926,Casper The Friendly Ghost (Theme From Casper The Friendly Ghost),Jerry Livingston,,Halloween,2019-12-30 09:58:03,0,file:///Volumes/Seagate%20Thunderbolt%20Drive/Music/Jerry%20Livingston/Unknown%20Album/Casper%20The%20Friendly%20Ghost%20(Theme%20From%20Casper%20The%20Friendly%20Ghost).mp3
70968,Christine (Theme From Christine),John Carpenter,,Halloween,2020-01-18 22:25:46,0,file:///Volumes/Seagate%20Thunderbolt%20Drive/Music/John%20Carpenter/Unknown%20Album/Christine%20(Theme%20From%20Christine).mp3
70970,Christine Attacks 'Plymouth Fury' (From Christine),John Carpenter,,Halloween,2020-01-03 03:35:35,0,file:///Volumes/Seagate%20Thunderbolt%20Drive/Music/John%20Carpenter/Unknown%20Album/Christine%20Attacks%20'Plymouth%20Fury'%20(From%20Christine).mp3
70998,The Fog (Theme From The Fog),John Carpenter,,Halloween,2020-01-03 13:11:03,0,file:///Volumes/Seagate%20Thunderbolt%20Drive/Music/John%20Carpenter/Unknown%20Album/The%20Fog%20(Theme%20From%20The%20Fog).mp3
70972,Football Run - Kill Your Kids (From Christine),John Carpenter,,Halloween,2020-01-19 11:50:03,0,file:///Volumes/Seagate%20Thunderbolt%20Drive/Music/John%20Carpenter/Unknown%20Album/Football%20Run%20-%20Kill%20Your%20Kids%20(From%20Christine).mp3
70974,Halloween (Main) (Theme From Halloween I),John Carpenter,,Halloween,2020-01-20 09:56:15,0,file:///Volumes/Seagate%20Thunderbolt%20Drive/Music/John%20Carpenter/Unknown%20Album/Halloween%20(Main)%20(Theme%20From%20Halloween%20I).mp3
70976,Halloween (Main) (Theme From Halloween II),John Carpenter,,Halloween,2020-01-12 22:12:00,0,file:///Volumes/Seagate%20Thunderbolt%20Drive/Music/John%20Carpenter/Unknown%20Album/Halloween%20(Main)%20(Theme%20From%20Halloween%20II).mp3
70978,Halloween 1963 (From Halloween I),John Carpenter,,Halloween,2019-12-21 20:28:41,0,file:///Volumes/Seagate%20Thunderbolt%20Drive/Music/John%20Carpenter/Unknown%20Album/Halloween%201963%20(From%20Halloween%20I).mp3
70980,Halloween 1978 (From Halloween I),John Carpenter,,Halloween,2020-01-03 19:38:02,0,file:///Volumes/Seagate%20Thunderbolt%20Drive/Music/John%20Carpenter/Unknown%20Album/Halloween%201978%20(From%20Halloween%20I).mp3
70982,Halloween Haunted House (From Halloween I),John Carpenter,,Halloween,2020-01-04 21:43:23,0,file:///Volumes/Seagate%20Thunderbolt%20Drive/Music/John%20Carpenter/Unknown%20Album/Halloween%20Haunted%20House%20(From%20Halloween%20I).mp3
70984,Halloween I (End Credits) (From Halloween I),John Carpenter,,Halloween,2020-01-08 10:08:13,0,file:///Volumes/Seagate%20Thunderbolt%20Drive/Music/John%20Carpenter/Unknown%20Album/Halloween%20I%20(End%20Credits)%20(From%20Halloween%20I).mp3
70986,Halloween Theme (Mix 1),John Carpenter,,Halloween,2019-12-22 17:38:48,0,file:///Volumes/Seagate%20Thunderbolt%20Drive/Music/John%20Carpenter/Unknown%20Album/Halloween%20Theme%20(Mix%201).mp3
70988,Halloween Theme (Mix 2),John Carpenter,,Halloween,2020-01-18 17:31:11,0,file:///Volumes/Seagate%20Thunderbolt%20Drive/Music/John%20Carpenter/Unknown%20Album/Halloween%20Theme%20(Mix%202).mp3
70990,He Knows Where She Is (From Halloween II),John Carpenter,,Halloween,2020-01-09 10:30:31,0,file:///Volumes/Seagate%20Thunderbolt%20Drive/Music/John%20Carpenter/Unknown%20Album/He%20Knows%20Where%20She%20Is%20(From%20Halloween%20II).mp3
70992,Laurie's Theme (From Halloween II),John Carpenter,,Halloween,2019-12-22 09:33:05,0,file:///Volumes/Seagate%20Thunderbolt%20Drive/Music/John%20Carpenter/Unknown%20Album/Laurie's%20Theme%20(From%20Halloween%20II).mp3
70994,Moochie's Death (From Christine),John Carpenter,,Halloween,2020-01-10 08:52:42,0,file:///Volumes/Seagate%20Thunderbolt%20Drive/Music/John%20Carpenter/Unknown%20Album/Moochie's%20Death%20(From%20Christine).mp3
70996,Regeneration (From Christine),John Carpenter,,Halloween,2020-01-01 03:44:43,0,file:///Volumes/Seagate%20Thunderbolt%20Drive/Music/John%20Carpenter/Unknown%20Album/Regeneration%20(From%20Christine).mp3
71000,The Shape Stalks Again (From Halloween II),John Carpenter,,Halloween,2020-01-15 18:20:28,0,file:///Volumes/Seagate%20Thunderbolt%20Drive/Music/John%20Carpenter/Unknown%20Album/The%20Shape%20Stalks%20Again%20(From%20Halloween%20II).mp3
71002,Halloween Montage (Happy Happy Halloween) (Theme From Halloween III),John Carpenter f. Tommy Lee Wallace,,Halloween,2020-01-12 05:25:15,0,file:///Volumes/Seagate%20Thunderbolt%20Drive/Music/John%20Carpenter%20f.%20Tommy%20Lee%20Wallace/Unknown%20Album/Halloween%20Montage%20(Happy%20Happy%20Halloween)%20(Theme%20From%20Halloween%20III).mp3
71366,Dance Of The Witches (End) (From The Witches Of Eastwick),John Williams,,Halloween,2020-01-13 18:43:12,0,file:///Volumes/Seagate%20Thunderbolt%20Drive/Music/John%20Williams/Unknown%20Album/Dance%20Of%20The%20Witches%20(End)%20(From%20The%20Witches%20Of%20Eastwick).mp3
71370,Jaws (Theme From Jaws),John Williams,,Halloween,2019-12-25 00:53:08,0,file:///Volumes/Seagate%20Thunderbolt%20Drive/Music/John%20Williams/Unknown%20Album/Jaws%20(Theme%20From%20Jaws).mp3
71384,Devil's Dance (From The Witches Of Eastwick),John Williams & Gil Shaham,,Halloween,2019-12-29 14:07:36,0,file:///Volumes/Seagate%20Thunderbolt%20Drive/Music/John%20Williams%20&%20Gil%20Shaham/Unknown%20Album/Devil's%20Dance%20(From%20The%20Witches%20Of%20Eastwick).mp3
72912,Haunted House (Radio Edit),Jumpin' Gene Simmons,,Halloween,2020-01-11 14:45:51,0,file:///Volumes/Seagate%20Thunderbolt%20Drive/Music/Jumpin'%20Gene%20Simmons/Unknown%20Album/Haunted%20House%20(Radio%20Edit).mp3
64628,Wolfman Growls 2,Halloween Sound Effects,,Halloween,2019-12-30 05:40:39,0,file:///Volumes/Seagate%20Thunderbolt%20Drive/Music/Halloween%20Sound%20Effects/Unknown%20Album/Wolfman%20Growls%202.mp3
64626,Wolfman Growls 1,Halloween Sound Effects,,Halloween,2020-01-12 23:16:45,0,file:///Volumes/Seagate%20Thunderbolt%20Drive/Music/Halloween%20Sound%20Effects/Unknown%20Album/Wolfman%20Growls%201.mp3
64624,Wolf Howl,Halloween Sound Effects,,Halloween,2019-12-31 21:40:29,0,file:///Volumes/Seagate%20Thunderbolt%20Drive/Music/Halloween%20Sound%20Effects/Unknown%20Album/Wolf%20Howl.mp3
64622,Witches Sabbat,Halloween Sound Effects,,Halloween,2019-12-28 01:21:15,0,file:///Volumes/Seagate%20Thunderbolt%20Drive/Music/Halloween%20Sound%20Effects/Unknown%20Album/Witches%20Sabbat.mp3
64558,"Sorry, Short Circuit",Halloween Sound Effects,,2020-01-07 23:32:59,2014-08-26 01:59:59,0,"file:///Volumes/Seagate%20Thunderbolt%20Drive/Music/Halloween%20Sound%20Effects/Unknown%20Album/Sorry,%20Short%20Circuit.mp3"
64560,Space Gas,Halloween Sound Effects,,Halloween,2020-01-05 01:11:40,0,file:///Volumes/Seagate%20Thunderbolt%20Drive/Music/Halloween%20Sound%20Effects/Unknown%20Album/Space%20Gas.mp3
64562,Spirits Everywhere Music,Halloween Sound Effects,,Halloween,2020-01-05 18:22:31,0,file:///Volumes/Seagate%20Thunderbolt%20Drive/Music/Halloween%20Sound%20Effects/Unknown%20Album/Spirits%20Everywhere%20Music.mp3
64564,Spooks Amoung Us Music 1,Halloween Sound Effects,,Halloween,2019-12-28 04:28:40,0,file:///Volumes/Seagate%20Thunderbolt%20Drive/Music/Halloween%20Sound%20Effects/Unknown%20Album/Spooks%20Amoung%20Us%20Music%201.mp3
64566,Spooks Amoung Us Music 2,Halloween Sound Effects,,Halloween,2020-01-08 13:56:30,0,file:///Volumes/Seagate%20Thunderbolt%20Drive/Music/Halloween%20Sound%20Effects/Unknown%20Album/Spooks%20Amoung%20Us%20Music%202.mp3
64568,Spooks Everywhere Music,Halloween Sound Effects,,Halloween,2019-12-29 15:30:48,0,file:///Volumes/Seagate%20Thunderbolt%20Drive/Music/Halloween%20Sound%20Effects/Unknown%20Album/Spooks%20Everywhere%20Music.mp3
64570,Steps Down Echoing Hall,Halloween Sound Effects,,Halloween,2019-12-24 10:25:01,0,file:///Volumes/Seagate%20Thunderbolt%20Drive/Music/Halloween%20Sound%20Effects/Unknown%20Album/Steps%20Down%20Echoing%20Hall.mp3
64572,Stoner Devil,Halloween Sound Effects,,Halloween,2020-01-17 07:46:41,0,file:///Volumes/Seagate%20Thunderbolt%20Drive/Music/Halloween%20Sound%20Effects/Unknown%20Album/Stoner%20Devil.mp3
64590,The Storm,Halloween Sound Effects,,Halloween,2020-01-06 06:05:51,0,file:///Volumes/Seagate%20Thunderbolt%20Drive/Music/Halloween%20Sound%20Effects/Unknown%20Album/The%20Storm.mp3
64574,Supernatural Swirl,Halloween Sound Effects,,Halloween,2020-01-17 10:00:49,0,file:///Volumes/Seagate%20Thunderbolt%20Drive/Music/Halloween%20Sound%20Effects/Unknown%20Album/Supernatural%20Swirl.mp3
64576,Supernatural Wind,Halloween Sound Effects,,Halloween,2020-01-01 03:54:22,0,file:///Volumes/Seagate%20Thunderbolt%20Drive/Music/Halloween%20Sound%20Effects/Unknown%20Album/Supernatural%20Wind.mp3
64578,Suprise Killing,Halloween Sound Effects,,Halloween,2019-12-28 05:27:32,0,file:///Volumes/Seagate%20Thunderbolt%20Drive/Music/Halloween%20Sound%20Effects/Unknown%20Album/Suprise%20Killing.mp3
64580,Suspence Heart Racing Music 1,Halloween Sound Effects,,Halloween,2019-12-31 06:10:01,0,file:///Volumes/Seagate%20Thunderbolt%20Drive/Music/Halloween%20Sound%20Effects/Unknown%20Album/Suspence%20Heart%20Racing%20Music%201.mp3
64582,Suspence Heart Racing Music 2,Halloween Sound Effects,,Halloween,2020-01-12 23:26:04,0,file:///Volumes/Seagate%20Thunderbolt%20Drive/Music/Halloween%20Sound%20Effects/Unknown%20Album/Suspence%20Heart%20Racing%20Music%202.mp3
109434,Vampire Horror - Haunted House - Dracula's Castle (Toccata In D - Bach),The London Fox Players,,Halloween,2020-01-07 23:51:09,0,file:///Volumes/Seagate%20Thunderbolt%20Drive/Music/The%20London%20Fox%20Players/Unknown%20Album/Vampire%20Horror%20-%20Haunted%20House%20-%20Dracula's%20Castle%20(Toccata%20In%20D%20-%20Bach).mp3
64584,Suspense Music,Halloween Sound Effects,,Halloween,2020-01-06 14:02:48,0,file:///Volumes/Seagate%20Thunderbolt%20Drive/Music/Halloween%20Sound%20Effects/Unknown%20Album/Suspense%20Music.mp3
64594,Torture Chamber,Halloween Sound Effects,,Halloween,2019-12-29 01:43:34,0,file:///Volumes/Seagate%20Thunderbolt%20Drive/Music/Halloween%20Sound%20Effects/Unknown%20Album/Torture%20Chamber.mp3
64596,Trick Or Treat,Halloween Sound Effects,,Halloween,2020-01-09 22:22:27,0,file:///Volumes/Seagate%20Thunderbolt%20Drive/Music/Halloween%20Sound%20Effects/Unknown%20Album/Trick%20Or%20Treat.mp3
64598,Unacceptable Human Specimen,Halloween Sound Effects,,Halloween,2020-01-19 23:18:53,0,file:///Volumes/Seagate%20Thunderbolt%20Drive/Music/Halloween%20Sound%20Effects/Unknown%20Album/Unacceptable%20Human%20Specimen.mp3
64600,Vampire Bats Are Waiting,Halloween Sound Effects,,Halloween,2019-12-24 12:16:28,0,file:///Volumes/Seagate%20Thunderbolt%20Drive/Music/Halloween%20Sound%20Effects/Unknown%20Album/Vampire%20Bats%20Are%20Waiting.mp3
64602,Very Scary Mansion,Halloween Sound Effects,,Halloween,2020-01-18 21:34:16,0,file:///Volumes/Seagate%20Thunderbolt%20Drive/Music/Halloween%20Sound%20Effects/Unknown%20Album/Very%20Scary%20Mansion.mp3
64604,Violent Thunderstorm,Halloween Sound Effects,,Halloween,2020-01-17 02:41:30,0,file:///Volumes/Seagate%20Thunderbolt%20Drive/Music/Halloween%20Sound%20Effects/Unknown%20Album/Violent%20Thunderstorm.mp3
64606,We're Digging Up Your Treats,Halloween Sound Effects,,Halloween,2019-12-24 11:33:15,0,file:///Volumes/Seagate%20Thunderbolt%20Drive/Music/Halloween%20Sound%20Effects/Unknown%20Album/We're%20Digging%20Up%20Your%20Treats.mp3
64608,Welcome To Our House,Halloween Sound Effects,,Halloween,2020-01-19 07:26:02,0,file:///Volumes/Seagate%20Thunderbolt%20Drive/Music/Halloween%20Sound%20Effects/Unknown%20Album/Welcome%20To%20Our%20House.mp3
64610,Welcome We Have Been Expecting You,Halloween Sound Effects,,Halloween,2020-01-04 04:49:09,0,file:///Volumes/Seagate%20Thunderbolt%20Drive/Music/Halloween%20Sound%20Effects/Unknown%20Album/Welcome%20We%20Have%20Been%20Expecting%20You.mp3
64612,Whirling Dream Funnel,Halloween Sound Effects,,Halloween,2020-01-09 17:43:37,0,file:///Volumes/Seagate%20Thunderbolt%20Drive/Music/Halloween%20Sound%20Effects/Unknown%20Album/Whirling%20Dream%20Funnel.mp3
64614,Wicked Witch,Halloween Sound Effects,,Halloween,2020-01-15 12:45:07,0,file:///Volumes/Seagate%20Thunderbolt%20Drive/Music/Halloween%20Sound%20Effects/Unknown%20Album/Wicked%20Witch.mp3
64616,Wind & Flutes,Halloween Sound Effects,,Halloween,2020-01-05 00:41:56,0,file:///Volumes/Seagate%20Thunderbolt%20Drive/Music/Halloween%20Sound%20Effects/Unknown%20Album/Wind%20&%20Flutes.mp3
64618,Wind Chimes & Finger Cymbals,Halloween Sound Effects,,Halloween,2020-01-06 04:22:46,0,file:///Volumes/Seagate%20Thunderbolt%20Drive/Music/Halloween%20Sound%20Effects/Unknown%20Album/Wind%20Chimes%20&%20Finger%20Cymbals.mp3
64620,Witches Brew,Halloween Sound Effects,,Halloween,2019-12-26 01:29:42,0,file:///Volumes/Seagate%20Thunderbolt%20Drive/Music/Halloween%20Sound%20Effects/Unknown%20Album/Witches%20Brew.mp3
64592,The Theremin Orchestra,Halloween Sound Effects,,Halloween,2019-12-24 02:53:11,0,file:///Volumes/Seagate%20Thunderbolt%20Drive/Music/Halloween%20Sound%20Effects/Unknown%20Album/The%20Theremin%20Orchestra.mp3
82196,This Is The Night (From Garfield's Halloween Adventure),Lou Rawls,,Halloween,2020-01-18 14:42:17,0,file:///Volumes/Seagate%20Thunderbolt%20Drive/Music/Lou%20Rawls/Unknown%20Album/This%20Is%20The%20Night%20(From%20Garfield's%20Halloween%20Adventure).mp3
82206,Scaredy Cat (From Garfield's Halloween Adventure),Lou Rawls f. Desiree Goyette,,Halloween,2019-12-30 08:08:49,0,file:///Volumes/Seagate%20Thunderbolt%20Drive/Music/Lou%20Rawls%20f.%20Desiree%20Goyette/Unknown%20Album/Scaredy%20Cat%20(From%20Garfield's%20Halloween%20Adventure).mp3
84088,Night On Bald Mountain,Mannheim Steamroller,,Halloween,2020-01-02 05:13:16,0,file:///Volumes/Seagate%20Thunderbolt%20Drive/Music/Mannheim%20Steamroller/Unknown%20Album/Night%20On%20Bald%20Mountain.mp3
90684,Buffy The Vampire Slayer (Theme From Buffy The Vampire Slayer),Nerf Herder,,Halloween,2020-01-06 07:10:50,0,file:///Volumes/Seagate%20Thunderbolt%20Drive/Music/Nerf%20Herder/Unknown%20Album/Buffy%20The%20Vampire%20Slayer%20(Theme%20From%20Buffy%20The%20Vampire%20Slayer).mp3
94550,Haunted Ghost (Da Flip Mix),Polycarpus,,Halloween,2019-12-21 20:52:48,0,file:///Volumes/Seagate%20Thunderbolt%20Drive/Music/Polycarpus/Unknown%20Album/Haunted%20Ghost%20(Da%20Flip%20Mix).mp3
94552,Haunted Ghost (Original Mix),Polycarpus,,Halloween,2020-01-07 19:08:10,0,file:///Volumes/Seagate%20Thunderbolt%20Drive/Music/Polycarpus/Unknown%20Album/Haunted%20Ghost%20(Original%20Mix).mp3
96584,Ghostbusters (Extended),Ray Parker Jr.,,Halloween,2020-01-01 19:35:15,0,file:///Volumes/Seagate%20Thunderbolt%20Drive/Music/Ray%20Parker%20Jr_/Unknown%20Album/Ghostbusters%20(Extended).mp3
96586,Ghostbusters (Instrumental),Ray Parker Jr.,,Halloween,2020-01-17 03:13:50,0,file:///Volumes/Seagate%20Thunderbolt%20Drive/Music/Ray%20Parker%20Jr_/Unknown%20Album/Ghostbusters%20(Instrumental).mp3
96588,Ghostbusters (Radio Edit),Ray Parker Jr.,,Halloween,2020-01-13 11:07:31,0,file:///Volumes/Seagate%20Thunderbolt%20Drive/Music/Ray%20Parker%20Jr_/Unknown%20Album/Ghostbusters%20(Radio%20Edit).mp3
96590,Ghostbusters (Remix) (Extended),Ray Parker Jr.,,Halloween,2019-12-23 18:04:20,0,file:///Volumes/Seagate%20Thunderbolt%20Drive/Music/Ray%20Parker%20Jr_/Unknown%20Album/Ghostbusters%20(Remix)%20(Extended).mp3
96592,Ghostbusters 2013 (DJ Primetyme Club Mix),"Ray Parker, Jr.",,2020-01-17 15:06:29,2014-08-26 01:59:59,0,"file:///Volumes/Seagate%20Thunderbolt%20Drive/Music/Ray%20Parker,%20Jr_/Unknown%20Album/Ghostbusters%202013%20(DJ%20Primetyme%20Club%20Mix).mp3"
96594,Ghostbusters 2013 (DJ ReedStreets Moombahton Mix),"Ray Parker, Jr.",,2020-01-13 02:51:51,2014-08-26 01:59:59,0,"file:///Volumes/Seagate%20Thunderbolt%20Drive/Music/Ray%20Parker,%20Jr_/Unknown%20Album/Ghostbusters%202013%20(DJ%20ReedStreets%20Moombahton%20Mix).mp3"
99298,Somebody's Watching Me (Extended),Rockwell f. Michael Jackson,,Halloween,2020-01-18 02:03:20,0,file:///Volumes/Seagate%20Thunderbolt%20Drive/Music/Rockwell%20f.%20Michael%20Jackson/Unknown%20Album/Somebody's%20Watching%20Me%20(Extended).mp3
99300,Somebody's Watching Me (Instrumental),Rockwell f. Michael Jackson,,Halloween,2019-12-26 20:49:54,0,file:///Volumes/Seagate%20Thunderbolt%20Drive/Music/Rockwell%20f.%20Michael%20Jackson/Unknown%20Album/Somebody's%20Watching%20Me%20(Instrumental).mp3
99302,Somebody's Watching Me (Radio Edit),Rockwell f. Michael Jackson,,Halloween,2019-12-25 20:07:19,0,file:///Volumes/Seagate%20Thunderbolt%20Drive/Music/Rockwell%20f.%20Michael%20Jackson/Unknown%20Album/Somebody's%20Watching%20Me%20(Radio%20Edit).mp3
99304,Somebody's Watching Me (Remix),Rockwell f. Michael Jackson,,Halloween,2020-01-01 23:07:27,0,file:///Volumes/Seagate%20Thunderbolt%20Drive/Music/Rockwell%20f.%20Michael%20Jackson/Unknown%20Album/Somebody's%20Watching%20Me%20(Remix).mp3
99306,Somebody's Watching Me 2011 (Lanfree Club Mix),Rockwell f. Michael Jackson,,Halloween,2020-01-15 05:31:25,0,file:///Volumes/Seagate%20Thunderbolt%20Drive/Music/Rockwell%20f.%20Michael%20Jackson/Unknown%20Album/Somebody's%20Watching%20Me%202011%20(Lanfree%20Club%20Mix).mp3
88164,Every Day Is Halloween (Remix) (Extended),Ministry,,Halloween,2020-01-08 04:08:24,0,file:///Volumes/Seagate%20Thunderbolt%20Drive/Music/Ministry/Unknown%20Album/Every%20Day%20Is%20Halloween%20(Remix)%20(Extended).mp3
110320,The Time Warp (Extended),The Rocky Horror Picture Show (Original Cast),,Halloween,2020-01-09 05:14:27,0,file:///Volumes/Seagate%20Thunderbolt%20Drive/Music/The%20Rocky%20Horror%20Picture%20Show%20(Original%20Cast)/Unknown%20Album/The%20Time%20Warp%20(Extended).mp3
110322,The Time Warp (Movie Version) (Instrumental),The Rocky Horror Picture Show (Original Cast),,Halloween,2019-12-30 17:20:11,0,file:///Volumes/Seagate%20Thunderbolt%20Drive/Music/The%20Rocky%20Horror%20Picture%20Show%20(Original%20Cast)/Unknown%20Album/The%20Time%20Warp%20(Movie%20Version)%20(Instrumental).mp3
110326,The Time Warp (Radio Edit),The Rocky Horror Picture Show (Original Cast),,Halloween,2020-01-01 12:16:43,0,file:///Volumes/Seagate%20Thunderbolt%20Drive/Music/The%20Rocky%20Horror%20Picture%20Show%20(Original%20Cast)/Unknown%20Album/The%20Time%20Warp%20(Radio%20Edit).mp3
101398,Witch Doctor (Radio Edit),Sha Na Na,,Halloween,2020-01-09 21:57:11,0,file:///Volumes/Seagate%20Thunderbolt%20Drive/Music/Sha%20Na%20Na/Unknown%20Album/Witch%20Doctor%20(Radio%20Edit).mp3
101976,The Purple People Eater (Radio Edit),Sheb Wooley,,Halloween,2020-01-08 09:49:36,0,file:///Volumes/Seagate%20Thunderbolt%20Drive/Music/Sheb%20Wooley/Unknown%20Album/The%20Purple%20People%20Eater%20(Radio%20Edit).mp3
103724,Happy Halloween Music,Steven Cravis,,Halloween,2020-01-02 08:44:00,0,file:///Volumes/Seagate%20Thunderbolt%20Drive/Music/Steven%20Cravis/Unknown%20Album/Happy%20Halloween%20Music.mp3
104176,Ghostbusters (Original Club Mix),Superbad Deejay,,Halloween,2020-01-01 13:48:42,0,file:///Volumes/Seagate%20Thunderbolt%20Drive/Music/Superbad%20Deejay/Unknown%20Album/Ghostbusters%20(Original%20Club%20Mix).mp3
104178,Ghostbusters (Original Dub Mix),Superbad Deejay,,Halloween,2020-01-12 03:25:26,0,file:///Volumes/Seagate%20Thunderbolt%20Drive/Music/Superbad%20Deejay/Unknown%20Album/Ghostbusters%20(Original%20Dub%20Mix).mp3
104180,Ghostbusters (Original Radio Mix),Superbad Deejay,,Halloween,2020-01-09 04:33:35,0,file:///Volumes/Seagate%20Thunderbolt%20Drive/Music/Superbad%20Deejay/Unknown%20Album/Ghostbusters%20(Original%20Radio%20Mix).mp3
114054,Halloween (Main) (Theme From Halloween Evil Has A Destiny),Tyler Bates,,Halloween,2019-12-24 17:05:14,0,file:///Volumes/Seagate%20Thunderbolt%20Drive/Music/Tyler%20Bates/Unknown%20Album/Halloween%20(Main)%20(Theme%20From%20Halloween%20Evil%20Has%20A%20Destiny).mp3
126258,Megamix Halloween Hits (X-MIX Remix Service),Various Artists,,Halloween,2019-12-26 11:03:54,0,file:///Volumes/Seagate%20Thunderbolt%20Drive/Music/Various%20Artists/Unknown%20Album/Megamix%20Halloween%20Hits%20(X-MIX%20Remix%20Service).mp3
126498,The Addams Family (Theme From The Addams Family),Vic Mizzy,,Halloween,2020-01-03 16:38:00,0,file:///Volumes/Seagate%20Thunderbolt%20Drive/Music/Vic%20Mizzy/Unknown%20Album/The%20Addams%20Family%20(Theme%20From%20The%20Addams%20Family).mp3
126632,"Great Pumpkin Waltz (From It's The Great Pumpkin, Charlie Brown)",Vince Guaraldi Trio,,2020-01-16 11:03:05,2014-08-26 01:59:59,0,"file:///Volumes/Seagate%20Thunderbolt%20Drive/Music/Vince%20Guaraldi%20Trio/Unknown%20Album/Great%20Pumpkin%20Waltz%20(From%20It's%20The%20Great%20Pumpkin,%20Charlie%20Brown).mp3"
127756,Freaks Come Out At Night (Extended),Whodini,,Halloween,2020-01-03 07:34:26,0,file:///Volumes/Seagate%20Thunderbolt%20Drive/Music/Whodini/Unknown%20Album/Freaks%20Come%20Out%20At%20Night%20(Extended).mp3
127758,The Haunted House Of Rock (Extended),Whodini,,Halloween,2019-12-21 21:12:52,0,file:///Volumes/Seagate%20Thunderbolt%20Drive/Music/Whodini/Unknown%20Album/The%20Haunted%20House%20Of%20Rock%20(Extended).mp3
110324,The Time Warp (Movie Version),The Rocky Horror Picture Show (Original Cast),,Halloween,2020-01-04 01:47:06,0,file:///Volumes/Seagate%20Thunderbolt%20Drive/Music/The%20Rocky%20Horror%20Picture%20Show%20(Original%20Cast)/Unknown%20Album/The%20Time%20Warp%20(Movie%20Version).mp3
64556,Slow Walk With Limp In Echo,Halloween Sound Effects,,Halloween,2020-01-03 14:31:07,0,file:///Volumes/Seagate%20Thunderbolt%20Drive/Music/Halloween%20Sound%20Effects/Unknown%20Album/Slow%20Walk%20With%20Limp%20In%20Echo.mp3
88162,Every Day Is Halloween (Extended),Ministry,,Halloween,2020-01-09 14:50:08,0,file:///Volumes/Seagate%20Thunderbolt%20Drive/Music/Ministry/Unknown%20Album/Every%20Day%20Is%20Halloween%20(Extended).mp3
87412,Thriller 2013 (Jordan Crisp Club Mix),Michael Jackson f. Vincent Price,,Halloween,2020-01-11 13:01:28,0,file:///Volumes/Seagate%20Thunderbolt%20Drive/Music/Michael%20Jackson%20f.%20Vincent%20Price/Unknown%20Album/Thriller%202013%20(Jordan%20Crisp%20Club%20Mix).mp3
84658,This Is Halloween (Radio Edit),Marilyn Manson,,Halloween,2020-01-18 13:08:31,0,file:///Volumes/Seagate%20Thunderbolt%20Drive/Music/Marilyn%20Manson/Unknown%20Album/This%20Is%20Halloween%20(Radio%20Edit).mp3
84788,The Twilight Zone (Theme From The Twilight Zone),Marius Constant & Bernard Herrmann,,Halloween,2020-01-16 22:36:29,0,file:///Volumes/Seagate%20Thunderbolt%20Drive/Music/Marius%20Constant%20&%20Bernard%20Herrmann/Unknown%20Album/The%20Twilight%20Zone%20(Theme%20From%20The%20Twilight%20Zone).mp3
86278,Addams Groove (From The Addams Family) (Instrumental),MC Hammer,,Halloween,2020-01-16 16:37:47,0,file:///Volumes/Seagate%20Thunderbolt%20Drive/Music/MC%20Hammer/Unknown%20Album/Addams%20Groove%20(From%20The%20Addams%20Family)%20(Instrumental).mp3
86280,Addams Groove (From The Addams Family) (Radio Edit),MC Hammer,,Halloween,2019-12-29 23:18:46,0,file:///Volumes/Seagate%20Thunderbolt%20Drive/Music/MC%20Hammer/Unknown%20Album/Addams%20Groove%20(From%20The%20Addams%20Family)%20(Radio%20Edit).mp3
86776,Megamix - Mastermix Grandmaster (Halloween),Megamix,,Halloween,2019-12-26 02:06:29,0,file:///Volumes/Seagate%20Thunderbolt%20Drive/Music/Megamix/Unknown%20Album/Megamix%20-%20Mastermix%20Grandmaster%20(Halloween).mp3
87362,Thriller '02 (Add 2 Basket Mix),Michael Jackson f. Vincent Price,,Halloween,2020-01-14 03:18:02,0,file:///Volumes/Seagate%20Thunderbolt%20Drive/Music/Michael%20Jackson%20f.%20Vincent%20Price/Unknown%20Album/Thriller%20'02%20(Add%202%20Basket%20Mix).mp3
87364,Thriller '02 (DJ KC Dream Mix),Michael Jackson f. Vincent Price,,Halloween,2020-01-13 21:31:07,0,file:///Volumes/Seagate%20Thunderbolt%20Drive/Music/Michael%20Jackson%20f.%20Vincent%20Price/Unknown%20Album/Thriller%20'02%20(DJ%20KC%20Dream%20Mix).mp3
87366,Thriller '02 (Jonathan Peters Mix),Michael Jackson f. Vincent Price,,Halloween,2020-01-02 06:12:16,0,file:///Volumes/Seagate%20Thunderbolt%20Drive/Music/Michael%20Jackson%20f.%20Vincent%20Price/Unknown%20Album/Thriller%20'02%20(Jonathan%20Peters%20Mix).mp3
87368,Thriller '02 (Poison Dwarf Mix),Michael Jackson f. Vincent Price,,Halloween,2020-01-18 14:27:49,0,file:///Volumes/Seagate%20Thunderbolt%20Drive/Music/Michael%20Jackson%20f.%20Vincent%20Price/Unknown%20Album/Thriller%20'02%20(Poison%20Dwarf%20Mix).mp3
87370,Thriller '02 (X-MIX vs. DMC Trackmaster Mix),Michael Jackson f. Vincent Price,,Halloween,2019-12-30 01:41:13,0,file:///Volumes/Seagate%20Thunderbolt%20Drive/Music/Michael%20Jackson%20f.%20Vincent%20Price/Unknown%20Album/Thriller%20'02%20(X-MIX%20vs.%20DMC%20Trackmaster%20Mix).mp3
87372,Thriller '07 (Arcade2600 Mix),Michael Jackson f. Vincent Price,,Halloween,2019-12-28 01:37:54,0,file:///Volumes/Seagate%20Thunderbolt%20Drive/Music/Michael%20Jackson%20f.%20Vincent%20Price/Unknown%20Album/Thriller%20'07%20(Arcade2600%20Mix).mp3
87374,Thriller '07 (Casto's Creepy Club Mix),Michael Jackson f. Vincent Price,,Halloween,2019-12-31 18:39:47,0,file:///Volumes/Seagate%20Thunderbolt%20Drive/Music/Michael%20Jackson%20f.%20Vincent%20Price/Unknown%20Album/Thriller%20'07%20(Casto's%20Creepy%20Club%20Mix).mp3
87376,Thriller '07 (Casto's Extra Electro Mix),Michael Jackson f. Vincent Price,,Halloween,2020-01-09 09:13:36,0,file:///Volumes/Seagate%20Thunderbolt%20Drive/Music/Michael%20Jackson%20f.%20Vincent%20Price/Unknown%20Album/Thriller%20'07%20(Casto's%20Extra%20Electro%20Mix).mp3
87378,Thriller '07 (Casto's Hounds Of Hell Club Mix),Michael Jackson f. Vincent Price,,Halloween,2019-12-29 00:01:50,0,file:///Volumes/Seagate%20Thunderbolt%20Drive/Music/Michael%20Jackson%20f.%20Vincent%20Price/Unknown%20Album/Thriller%20'07%20(Casto's%20Hounds%20Of%20Hell%20Club%20Mix).mp3
87814,Tubular Bells (Them From The Exorcist),Mike Oldfield,,Halloween,2020-01-01 19:47:35,0,file:///Volumes/Seagate%20Thunderbolt%20Drive/Music/Mike%20Oldfield/Unknown%20Album/Tubular%20Bells%20(Them%20From%20The%20Exorcist).mp3
87380,Thriller '07 (David 'Chicago' Casto Radio Mix),Michael Jackson f. Vincent Price,,Halloween,2020-01-17 06:21:35,0,file:///Volumes/Seagate%20Thunderbolt%20Drive/Music/Michael%20Jackson%20f.%20Vincent%20Price/Unknown%20Album/Thriller%20'07%20(David%20'Chicago'%20Casto%20Radio%20Mix).mp3
87384,Thriller '07 (Ron's Electro House Mix),Michael Jackson f. Vincent Price,,Halloween,2020-01-06 01:37:36,0,file:///Volumes/Seagate%20Thunderbolt%20Drive/Music/Michael%20Jackson%20f.%20Vincent%20Price/Unknown%20Album/Thriller%20'07%20(Ron's%20Electro%20House%20Mix).mp3
87386,Thriller '07 (Shahi Vox Mix),Michael Jackson f. Vincent Price,,Halloween,2019-12-29 19:44:31,0,file:///Volumes/Seagate%20Thunderbolt%20Drive/Music/Michael%20Jackson%20f.%20Vincent%20Price/Unknown%20Album/Thriller%20'07%20(Shahi%20Vox%20Mix).mp3
87388,Thriller '08 (David 'Chicago' Casto STFU No Vocal Just Beats #1 Mix),Michael Jackson f. Vincent Price,,Halloween,2019-12-25 14:37:43,0,file:///Volumes/Seagate%20Thunderbolt%20Drive/Music/Michael%20Jackson%20f.%20Vincent%20Price/Unknown%20Album/Thriller%20'08%20(David%20'Chicago'%20Casto%20STFU%20No%20Vocal%20Just%20Beats%20%231%20Mix).mp3
87390,Thriller '08 (David 'Chicago' Casto STFU No Vocal Just Beats #2 Mix),Michael Jackson f. Vincent Price,,Halloween,2019-12-24 08:18:31,0,file:///Volumes/Seagate%20Thunderbolt%20Drive/Music/Michael%20Jackson%20f.%20Vincent%20Price/Unknown%20Album/Thriller%20'08%20(David%20'Chicago'%20Casto%20STFU%20No%20Vocal%20Just%20Beats%20%232%20Mix).mp3
87392,Thriller (Extended),Michael Jackson f. Vincent Price,,Halloween,2020-01-02 01:17:19,0,file:///Volumes/Seagate%20Thunderbolt%20Drive/Music/Michael%20Jackson%20f.%20Vincent%20Price/Unknown%20Album/Thriller%20(Extended).mp3
87394,Thriller (Instrumental),Michael Jackson f. Vincent Price,,Halloween,2020-01-12 09:47:11,0,file:///Volumes/Seagate%20Thunderbolt%20Drive/Music/Michael%20Jackson%20f.%20Vincent%20Price/Unknown%20Album/Thriller%20(Instrumental).mp3
87396,Thriller (Radio Edit),Michael Jackson f. Vincent Price,,Halloween,2019-12-30 00:57:03,0,file:///Volumes/Seagate%20Thunderbolt%20Drive/Music/Michael%20Jackson%20f.%20Vincent%20Price/Unknown%20Album/Thriller%20(Radio%20Edit).mp3
87398,Thriller 2011 (J. Casablanca Club Mix 1),Michael Jackson f. Vincent Price,,Halloween,2020-01-15 20:54:56,0,file:///Volumes/Seagate%20Thunderbolt%20Drive/Music/Michael%20Jackson%20f.%20Vincent%20Price/Unknown%20Album/Thriller%202011%20(J.%20Casablanca%20Club%20Mix%201).mp3
87400,Thriller 2011 (J. Casablanca Club Mix 2),Michael Jackson f. Vincent Price,,Halloween,2019-12-27 03:26:17,0,file:///Volumes/Seagate%20Thunderbolt%20Drive/Music/Michael%20Jackson%20f.%20Vincent%20Price/Unknown%20Album/Thriller%202011%20(J.%20Casablanca%20Club%20Mix%202).mp3
87402,Thriller 2011 (J. Casablanca Instrumental Mix),Michael Jackson f. Vincent Price,,Halloween,2020-01-16 07:10:10,0,file:///Volumes/Seagate%20Thunderbolt%20Drive/Music/Michael%20Jackson%20f.%20Vincent%20Price/Unknown%20Album/Thriller%202011%20(J.%20Casablanca%20Instrumental%20Mix).mp3
87404,Thriller 2011 (J. Casablanca Mix Dub Mix),Michael Jackson f. Vincent Price,,Halloween,2020-01-12 18:45:43,0,file:///Volumes/Seagate%20Thunderbolt%20Drive/Music/Michael%20Jackson%20f.%20Vincent%20Price/Unknown%20Album/Thriller%202011%20(J.%20Casablanca%20Mix%20Dub%20Mix).mp3
87406,Thriller 2011 (J. Casablanca Radio Mix),Michael Jackson f. Vincent Price,,Halloween,2020-01-01 17:41:57,0,file:///Volumes/Seagate%20Thunderbolt%20Drive/Music/Michael%20Jackson%20f.%20Vincent%20Price/Unknown%20Album/Thriller%202011%20(J.%20Casablanca%20Radio%20Mix).mp3
87408,Thriller 2012 (J. Casablanca Club Mix),Michael Jackson f. Vincent Price,,Halloween,2019-12-27 10:48:34,0,file:///Volumes/Seagate%20Thunderbolt%20Drive/Music/Michael%20Jackson%20f.%20Vincent%20Price/Unknown%20Album/Thriller%202012%20(J.%20Casablanca%20Club%20Mix).mp3
87410,Thriller 2013 (DJ Brazzabelle Festival Mix),Michael Jackson f. Vincent Price,,Halloween,2020-01-18 07:49:45,0,file:///Volumes/Seagate%20Thunderbolt%20Drive/Music/Michael%20Jackson%20f.%20Vincent%20Price/Unknown%20Album/Thriller%202013%20(DJ%20Brazzabelle%20Festival%20Mix).mp3
87382,Thriller '07 (Dime Store Cowboys Mix),Michael Jackson f. Vincent Price,,Halloween,2020-01-18 20:18:18,0,file:///Volumes/Seagate%20Thunderbolt%20Drive/Music/Michael%20Jackson%20f.%20Vincent%20Price/Unknown%20Album/Thriller%20'07%20(Dime%20Store%20Cowboys%20Mix).mp3
64554,Slow Cloud Cluster,Halloween Sound Effects,,Halloween,2019-12-24 00:08:23,0,file:///Volumes/Seagate%20Thunderbolt%20Drive/Music/Halloween%20Sound%20Effects/Unknown%20Album/Slow%20Cloud%20Cluster.mp3
64552,Seen Your World,Halloween Sound Effects,,Halloween,2019-12-24 00:23:22,0,file:///Volumes/Seagate%20Thunderbolt%20Drive/Music/Halloween%20Sound%20Effects/Unknown%20Album/Seen%20Your%20World.mp3
64550,Searching Music,Halloween Sound Effects,,Halloween,2019-12-23 03:28:12,0,file:///Volumes/Seagate%20Thunderbolt%20Drive/Music/Halloween%20Sound%20Effects/Unknown%20Album/Searching%20Music.mp3
63946,It's Halloween (Instrumental),GT,,Halloween,2020-01-18 06:02:12,0,file:///Volumes/Seagate%20Thunderbolt%20Drive/Music/GT/Unknown%20Album/It's%20Halloween%20(Instrumental).mp3
63948,It's Halloween (Radio Edit),GT,,Halloween,2019-12-22 13:24:36,0,file:///Volumes/Seagate%20Thunderbolt%20Drive/Music/GT/Unknown%20Album/It's%20Halloween%20(Radio%20Edit).mp3
64366,Bubbles In Water,Halloween Sound Effects,,Halloween,2020-01-18 07:16:42,0,file:///Volumes/Seagate%20Thunderbolt%20Drive/Music/Halloween%20Sound%20Effects/Unknown%20Album/Bubbles%20In%20Water.mp3
64368,Chain Dragging Slowly,Halloween Sound Effects,,Halloween,2020-01-09 06:11:16,0,file:///Volumes/Seagate%20Thunderbolt%20Drive/Music/Halloween%20Sound%20Effects/Unknown%20Album/Chain%20Dragging%20Slowly.mp3
64370,Chainsaw Killing,Halloween Sound Effects,,Halloween,2020-01-19 00:58:23,0,file:///Volumes/Seagate%20Thunderbolt%20Drive/Music/Halloween%20Sound%20Effects/Unknown%20Album/Chainsaw%20Killing.mp3
64372,Clock Ticks Then Explosion,Halloween Sound Effects,,Halloween,2020-01-02 18:30:53,0,file:///Volumes/Seagate%20Thunderbolt%20Drive/Music/Halloween%20Sound%20Effects/Unknown%20Album/Clock%20Ticks%20Then%20Explosion.mp3
64376,Creaking Door,Halloween Sound Effects,,Halloween,2020-01-13 00:12:36,0,file:///Volumes/Seagate%20Thunderbolt%20Drive/Music/Halloween%20Sound%20Effects/Unknown%20Album/Creaking%20Door.mp3
64374,Creaking Door Closes,Halloween Sound Effects,,Halloween,2019-12-24 07:07:02,0,file:///Volumes/Seagate%20Thunderbolt%20Drive/Music/Halloween%20Sound%20Effects/Unknown%20Album/Creaking%20Door%20Closes.mp3
64378,Creaking Wood,Halloween Sound Effects,,Halloween,2020-01-07 18:25:58,0,file:///Volumes/Seagate%20Thunderbolt%20Drive/Music/Halloween%20Sound%20Effects/Unknown%20Album/Creaking%20Wood.mp3
64380,Dear Guest Do Come In,Halloween Sound Effects,,Halloween,2019-12-30 04:04:57,0,file:///Volumes/Seagate%20Thunderbolt%20Drive/Music/Halloween%20Sound%20Effects/Unknown%20Album/Dear%20Guest%20Do%20Come%20In.mp3
64382,Decapitate Head With Sword,Halloween Sound Effects,,Halloween,2020-01-09 20:07:16,0,file:///Volumes/Seagate%20Thunderbolt%20Drive/Music/Halloween%20Sound%20Effects/Unknown%20Album/Decapitate%20Head%20With%20Sword.mp3
64384,Demonic Language In Different Voices,Halloween Sound Effects,,Halloween,2019-12-27 18:22:04,0,file:///Volumes/Seagate%20Thunderbolt%20Drive/Music/Halloween%20Sound%20Effects/Unknown%20Album/Demonic%20Language%20In%20Different%20Voices.mp3
64386,Demonic Laughter With Wind,Halloween Sound Effects,,Halloween,2020-01-10 08:19:45,0,file:///Volumes/Seagate%20Thunderbolt%20Drive/Music/Halloween%20Sound%20Effects/Unknown%20Album/Demonic%20Laughter%20With%20Wind.mp3
64388,Digging In Earth With Spade,Halloween Sound Effects,,Halloween,2019-12-28 04:49:51,0,file:///Volumes/Seagate%20Thunderbolt%20Drive/Music/Halloween%20Sound%20Effects/Unknown%20Album/Digging%20In%20Earth%20With%20Spade.mp3
63944,It's Halloween (Dirty),GT,,Halloween,2020-01-11 20:22:06,0,file:///Volumes/Seagate%20Thunderbolt%20Drive/Music/GT/Unknown%20Album/It's%20Halloween%20(Dirty).mp3
64390,Dimension X Paranormal Audio Activites 1,Halloween Sound Effects,,Halloween,2020-01-14 13:16:24,0,file:///Volumes/Seagate%20Thunderbolt%20Drive/Music/Halloween%20Sound%20Effects/Unknown%20Album/Dimension%20X%20Paranormal%20Audio%20Activites%201.mp3
64394,Do Come In,Halloween Sound Effects,,Halloween,2020-01-04 15:18:40,0,file:///Volumes/Seagate%20Thunderbolt%20Drive/Music/Halloween%20Sound%20Effects/Unknown%20Album/Do%20Come%20In.mp3
64396,Don't Ring That Door Bell,Halloween Sound Effects,,Halloween,2019-12-27 20:26:42,0,file:///Volumes/Seagate%20Thunderbolt%20Drive/Music/Halloween%20Sound%20Effects/Unknown%20Album/Don't%20Ring%20That%20Door%20Bell.mp3
64398,Eerie Music,Halloween Sound Effects,,Halloween,2019-12-24 01:01:34,0,file:///Volumes/Seagate%20Thunderbolt%20Drive/Music/Halloween%20Sound%20Effects/Unknown%20Album/Eerie%20Music.mp3
64400,Eerie Wind,Halloween Sound Effects,,Halloween,2020-01-20 05:17:21,0,file:///Volumes/Seagate%20Thunderbolt%20Drive/Music/Halloween%20Sound%20Effects/Unknown%20Album/Eerie%20Wind.mp3
64402,Electric Van De Graf Wend,Halloween Sound Effects,,Halloween,2019-12-29 19:38:57,0,file:///Volumes/Seagate%20Thunderbolt%20Drive/Music/Halloween%20Sound%20Effects/Unknown%20Album/Electric%20Van%20De%20Graf%20Wend.mp3
64404,Evil Laugh 1,Halloween Sound Effects,,Halloween,2020-01-06 23:47:10,0,file:///Volumes/Seagate%20Thunderbolt%20Drive/Music/Halloween%20Sound%20Effects/Unknown%20Album/Evil%20Laugh%201.mp3
64406,Evil Laugh 2,Halloween Sound Effects,,Halloween,2020-01-13 18:04:51,0,file:///Volumes/Seagate%20Thunderbolt%20Drive/Music/Halloween%20Sound%20Effects/Unknown%20Album/Evil%20Laugh%202.mp3
64408,Evil Laugh 3,Halloween Sound Effects,,Halloween,2019-12-22 10:09:24,0,file:///Volumes/Seagate%20Thunderbolt%20Drive/Music/Halloween%20Sound%20Effects/Unknown%20Album/Evil%20Laugh%203.mp3
64410,Evil Laughs,Halloween Sound Effects,,Halloween,2020-01-14 04:31:54,0,file:///Volumes/Seagate%20Thunderbolt%20Drive/Music/Halloween%20Sound%20Effects/Unknown%20Album/Evil%20Laughs.mp3
64412,Falling Down A Deep Pit,Halloween Sound Effects,,Halloween,2020-01-02 16:35:11,0,file:///Volumes/Seagate%20Thunderbolt%20Drive/Music/Halloween%20Sound%20Effects/Unknown%20Album/Falling%20Down%20A%20Deep%20Pit.mp3
64414,Flying Saucer Landing,Halloween Sound Effects,,Halloween,2019-12-25 02:25:55,0,file:///Volumes/Seagate%20Thunderbolt%20Drive/Music/Halloween%20Sound%20Effects/Unknown%20Album/Flying%20Saucer%20Landing.mp3
64416,Flying Saucer Taking Off,Halloween Sound Effects,,Halloween,2019-12-25 11:58:26,0,file:///Volumes/Seagate%20Thunderbolt%20Drive/Music/Halloween%20Sound%20Effects/Unknown%20Album/Flying%20Saucer%20Taking%20Off.mp3
64418,Flying Saucer War In Hyper Space,Halloween Sound Effects,,Halloween,2019-12-25 08:01:06,0,file:///Volumes/Seagate%20Thunderbolt%20Drive/Music/Halloween%20Sound%20Effects/Unknown%20Album/Flying%20Saucer%20War%20In%20Hyper%20Space.mp3
64420,Flying Saucer War In Outer Space,Halloween Sound Effects,,Halloween,2019-12-27 10:53:14,0,file:///Volumes/Seagate%20Thunderbolt%20Drive/Music/Halloween%20Sound%20Effects/Unknown%20Album/Flying%20Saucer%20War%20In%20Outer%20Space.mp3
64392,Dimension X Paranormal Audio Activites 2,Halloween Sound Effects,,Halloween,2019-12-30 06:20:57,0,file:///Volumes/Seagate%20Thunderbolt%20Drive/Music/Halloween%20Sound%20Effects/Unknown%20Album/Dimension%20X%20Paranormal%20Audio%20Activites%202.mp3
64422,Footsteps With Wind,Halloween Sound Effects,,Halloween,2020-01-04 23:54:49,0,file:///Volumes/Seagate%20Thunderbolt%20Drive/Music/Halloween%20Sound%20Effects/Unknown%20Album/Footsteps%20With%20Wind.mp3
108708,Thirteen Frights Of Halloween (Radio Edit),The Frankenstein Files,,Halloween,2020-01-19 13:55:07,0,file:///Volumes/Seagate%20Thunderbolt%20Drive/Music/The%20Frankenstein%20Files/Unknown%20Album/Thirteen%20Frights%20Of%20Halloween%20(Radio%20Edit).mp3
57576,The Thing (Main) (Theme From John Carpenter The Thing),Ennio Morricone & Dominik Hauser,,Halloween,2020-01-19 19:25:44,0,file:///Volumes/Seagate%20Thunderbolt%20Drive/Music/Ennio%20Morricone%20&%20Dominik%20Hauser/Unknown%20Album/The%20Thing%20(Main)%20(Theme%20From%20John%20Carpenter%20The%20Thing).mp3
32858,Spooky Scary Skeletons (Radio Edit),Andrew Gold,,Halloween,2020-01-17 12:28:28,0,file:///Volumes/Seagate%20Thunderbolt%20Drive/Music/Andrew%20Gold/Unknown%20Album/Spooky%20Scary%20Skeletons%20(Radio%20Edit).mp3
36786,Psycho (Theme From Psycho),Bernard Hermann,,Halloween,2019-12-24 17:07:54,0,file:///Volumes/Seagate%20Thunderbolt%20Drive/Music/Bernard%20Hermann/Unknown%20Album/Psycho%20(Theme%20From%20Psycho).mp3
38488,Headless Horseman Song (From Disney's The Legend Of Sleepy Hollow),Bing Crosby f. The Rhythmaires,,Halloween,2019-12-30 23:14:29,0,file:///Volumes/Seagate%20Thunderbolt%20Drive/Music/Bing%20Crosby%20f.%20The%20Rhythmaires/Unknown%20Album/Headless%20Horseman%20Song%20(From%20Disney's%20The%20Legend%20Of%20Sleepy%20Hollow).mp3
40064,Monster Mash (Radio Edit),Bobby 'Boris' Pickett & The Crypt-Kickers,,Halloween,2020-01-07 13:09:11,0,file:///Volumes/Seagate%20Thunderbolt%20Drive/Music/Bobby%20'Boris'%20Pickett%20&%20The%20Crypt-Kickers/Unknown%20Album/Monster%20Mash%20(Radio%20Edit).mp3
42304,Grim Grinning Ghosts (From Disney's Haunted Mansion),Buddy Baker,,Halloween,2019-12-30 10:50:23,0,file:///Volumes/Seagate%20Thunderbolt%20Drive/Music/Buddy%20Baker/Unknown%20Album/Grim%20Grinning%20Ghosts%20(From%20Disney's%20Haunted%20Mansion).mp3
44622,A Nightmare On Elm Street (Theme From A Nightmare On Elm Street),Charles Bernstein,,Halloween,2020-01-18 10:50:22,0,file:///Volumes/Seagate%20Thunderbolt%20Drive/Music/Charles%20Bernstein/Unknown%20Album/A%20Nightmare%20On%20Elm%20Street%20(Theme%20From%20A%20Nightmare%20On%20Elm%20Street).mp3
107832,This Is Halloween (From The Nightmare Before Christmas),The Citizens Of Halloween,,Halloween,2020-01-03 21:18:09,0,file:///Volumes/Seagate%20Thunderbolt%20Drive/Music/The%20Citizens%20Of%20Halloween/Unknown%20Album/This%20Is%20Halloween%20(From%20The%20Nightmare%20Before%20Christmas).mp3
107836,Psycho (Theme From Psycho),The City Of Prague Philharmonic,,Halloween,2020-01-15 10:06:45,0,file:///Volumes/Seagate%20Thunderbolt%20Drive/Music/The%20City%20Of%20Prague%20Philharmonic/Unknown%20Album/Psycho%20(Theme%20From%20Psycho).mp3
107834,Psycho (Theme From Psycho) (Extended),The City Of Prague Philharmonic,,Halloween,2020-01-16 10:49:47,0,file:///Volumes/Seagate%20Thunderbolt%20Drive/Music/The%20City%20Of%20Prague%20Philharmonic/Unknown%20Album/Psycho%20(Theme%20From%20Psycho)%20(Extended).mp3
49034,Tales From The Crypt (Theme From Tales From The Crypt),Danny Elfman,,Halloween,2019-12-31 08:19:19,0,file:///Volumes/Seagate%20Thunderbolt%20Drive/Music/Danny%20Elfman/Unknown%20Album/Tales%20From%20The%20Crypt%20(Theme%20From%20Tales%20From%20The%20Crypt).mp3
49046,The Chase (From Sleepy Hollow),Danny Elfman & The London Oratory School Schola f. The Metro Voices,,Halloween,2019-12-22 11:06:24,0,file:///Volumes/Seagate%20Thunderbolt%20Drive/Music/Danny%20Elfman%20&%20The%20London%20Oratory%20School%20Schola%20f.%20The%20Metro%20Voices/Unknown%20Album/The%20Chase%20(From%20Sleepy%20Hollow).mp3
49048,The Church Battle (From Sleepy Hollow),Danny Elfman & The London Oratory School Schola f. The Metro Voices,,Halloween,2019-12-21 18:57:22,0,file:///Volumes/Seagate%20Thunderbolt%20Drive/Music/Danny%20Elfman%20&%20The%20London%20Oratory%20School%20Schola%20f.%20The%20Metro%20Voices/Unknown%20Album/The%20Church%20Battle%20(From%20Sleepy%20Hollow).mp3
49050,The Final Confrontation (From Sleepy Hollow),Danny Elfman & The London Oratory School Schola f. The Metro Voices,,Halloween,2020-01-09 22:24:47,0,file:///Volumes/Seagate%20Thunderbolt%20Drive/Music/Danny%20Elfman%20&%20The%20London%20Oratory%20School%20Schola%20f.%20The%20Metro%20Voices/Unknown%20Album/The%20Final%20Confrontation%20(From%20Sleepy%20Hollow).mp3
49036,Into The Woods - The Witch (From Sleepy Hollow),Danny Elfman & The London Oratory School Schola f. The Metro Voices,,Halloween,2020-01-14 02:10:27,0,file:///Volumes/Seagate%20Thunderbolt%20Drive/Music/Danny%20Elfman%20&%20The%20London%20Oratory%20School%20Schola%20f.%20The%20Metro%20Voices/Unknown%20Album/Into%20The%20Woods%20-%20The%20Witch%20(From%20Sleepy%20Hollow).mp3
58464,Halloween (Original Club Mix),Evil Jokes,,Halloween,2020-01-19 19:56:15,0,file:///Volumes/Seagate%20Thunderbolt%20Drive/Music/Evil%20Jokes/Unknown%20Album/Halloween%20(Original%20Club%20Mix).mp3
49038,Masbath's Terrible Death (From Sleepy Hollow),Danny Elfman & The London Oratory School Schola f. The Metro Voices,,Halloween,2020-01-01 18:59:40,0,file:///Volumes/Seagate%20Thunderbolt%20Drive/Music/Danny%20Elfman%20&%20The%20London%20Oratory%20School%20Schola%20f.%20The%20Metro%20Voices/Unknown%20Album/Masbath's%20Terrible%20Death%20(From%20Sleepy%20Hollow).mp3
49042,Sleppy Hallow (Introduction) (From Sleepy Hollow),Danny Elfman & The London Oratory School Schola f. The Metro Voices,,Halloween,2020-01-20 12:39:16,0,file:///Volumes/Seagate%20Thunderbolt%20Drive/Music/Danny%20Elfman%20&%20The%20London%20Oratory%20School%20Schola%20f.%20The%20Metro%20Voices/Unknown%20Album/Sleppy%20Hallow%20(Introduction)%20(From%20Sleepy%20Hollow).mp3
49044,Sleppy Hallow (Main Title) (From Sleepy Hollow),Danny Elfman & The London Oratory School Schola f. The Metro Voices,,Halloween,2019-12-30 08:57:35,0,file:///Volumes/Seagate%20Thunderbolt%20Drive/Music/Danny%20Elfman%20&%20The%20London%20Oratory%20School%20Schola%20f.%20The%20Metro%20Voices/Unknown%20Album/Sleppy%20Hallow%20(Main%20Title)%20(From%20Sleepy%20Hollow).mp3
49062,Halloween Resurrection (Main) (Theme From Halloween Resurrection),Danny Lux,,Halloween,2019-12-28 23:32:57,0,file:///Volumes/Seagate%20Thunderbolt%20Drive/Music/Danny%20Lux/Unknown%20Album/Halloween%20Resurrection%20(Main)%20(Theme%20From%20Halloween%20Resurrection).mp3
49536,Halloween October 31st (Trick Or Treat Mix),David 'Chicago' Casto,,Halloween,2019-12-29 19:54:38,0,file:///Volumes/Seagate%20Thunderbolt%20Drive/Music/David%20'Chicago'%20Casto/Unknown%20Album/Halloween%20October%2031st%20(Trick%20Or%20Treat%20Mix).mp3
49542,The Haunted House (No Turning Back Now Mix),David 'Chicago' Casto,,Halloween,2020-01-19 13:19:50,0,file:///Volumes/Seagate%20Thunderbolt%20Drive/Music/David%20'Chicago'%20Casto/Unknown%20Album/The%20Haunted%20House%20(No%20Turning%20Back%20Now%20Mix).mp3
49538,Michael Myers (Halloween Horror Mix),David 'Chicago' Casto,,Halloween,2019-12-24 15:07:07,0,file:///Volumes/Seagate%20Thunderbolt%20Drive/Music/David%20'Chicago'%20Casto/Unknown%20Album/Michael%20Myers%20(Halloween%20Horror%20Mix).mp3
49540,Night On Bald Mountain (Terrifying Transylvania Mix),David 'Chicago' Casto,,Halloween,2020-01-02 05:09:41,0,file:///Volumes/Seagate%20Thunderbolt%20Drive/Music/David%20'Chicago'%20Casto/Unknown%20Album/Night%20On%20Bald%20Mountain%20(Terrifying%20Transylvania%20Mix).mp3
108188,"Batman, Wolfman, Frankenstein or Dracula (Radio Edit)",The Diamonds,2020-01-04 10:02:08,Halloween,2014-08-26 01:59:59,0,"file:///Volumes/Seagate%20Thunderbolt%20Drive/Music/The%20Diamonds/Unknown%20Album/Batman,%20Wolfman,%20Frankenstein%20or%20Dracula%20(Radio%20Edit).mp3"
52126,Halloween (Radio Edit),DJ Deville,,Halloween,2020-01-04 02:47:41,0,file:///Volumes/Seagate%20Thunderbolt%20Drive/Music/DJ%20Deville/Unknown%20Album/Halloween%20(Radio%20Edit).mp3
52462,A Nightmare On My Street (Radio Edit),DJ Jazzy Jeff & The Fresh Prince,,Halloween,2020-01-07 10:10:46,0,file:///Volumes/Seagate%20Thunderbolt%20Drive/Music/DJ%20Jazzy%20Jeff%20&%20The%20Fresh%20Prince/Unknown%20Album/A%20Nightmare%20On%20My%20Street%20(Radio%20Edit).mp3
54120,The Haunted Hoedown,Dr. Elmo,,Halloween,2020-01-09 08:38:45,0,file:///Volumes/Seagate%20Thunderbolt%20Drive/Music/Dr.%20Elmo/Unknown%20Album/The%20Haunted%20Hoedown.mp3
54118,Redneck Dracula,Dr. Elmo,,Halloween,2020-01-18 16:26:14,0,file:///Volumes/Seagate%20Thunderbolt%20Drive/Music/Dr.%20Elmo/Unknown%20Album/Redneck%20Dracula.mp3
56336,Ghostbusters Main Title (Theme From Ghostbusters),Elmer Bernstein,,Halloween,2019-12-22 11:47:02,0,file:///Volumes/Seagate%20Thunderbolt%20Drive/Music/Elmer%20Bernstein/Unknown%20Album/Ghostbusters%20Main%20Title%20(Theme%20From%20Ghostbusters).mp3
56450,Here Comes The Bride (The Bride Of Frankenstein) (Radio Edit),Elvira,,Halloween,2019-12-22 18:52:50,0,file:///Volumes/Seagate%20Thunderbolt%20Drive/Music/Elvira/Unknown%20Album/Here%20Comes%20The%20Bride%20(The%20Bride%20Of%20Frankenstein)%20(Radio%20Edit).mp3
49040,Sleppy Hallow (End Credits) (From Sleepy Hollow),Danny Elfman & The London Oratory School Schola f. The Metro Voices,,Halloween,2020-01-15 05:12:35,0,file:///Volumes/Seagate%20Thunderbolt%20Drive/Music/Danny%20Elfman%20&%20The%20London%20Oratory%20School%20Schola%20f.%20The%20Metro%20Voices/Unknown%20Album/Sleppy%20Hallow%20(End%20Credits)%20(From%20Sleepy%20Hollow).mp3
127760,The Haunted House Of Rock (Vocoder Mix),Whodini,,Halloween,2019-12-28 07:07:19,0,file:///Volumes/Seagate%20Thunderbolt%20Drive/Music/Whodini/Unknown%20Album/The%20Haunted%20House%20Of%20Rock%20(Vocoder%20Mix).mp3
64362,A Full Moon,Halloween Sound Effects,,Halloween,2020-01-02 16:22:38,0,file:///Volumes/Seagate%20Thunderbolt%20Drive/Music/Halloween%20Sound%20Effects/Unknown%20Album/A%20Full%20Moon.mp3
64424,Gate Closing With Bolt Lock,Halloween Sound Effects,,Halloween,2020-01-09 23:10:07,0,file:///Volumes/Seagate%20Thunderbolt%20Drive/Music/Halloween%20Sound%20Effects/Unknown%20Album/Gate%20Closing%20With%20Bolt%20Lock.mp3
64492,Moans & Screams,Halloween Sound Effects,,Halloween,2020-01-04 02:37:17,0,file:///Volumes/Seagate%20Thunderbolt%20Drive/Music/Halloween%20Sound%20Effects/Unknown%20Album/Moans%20&%20Screams.mp3
64494,Monster Belch 1,Halloween Sound Effects,,Halloween,2020-01-13 02:39:59,0,file:///Volumes/Seagate%20Thunderbolt%20Drive/Music/Halloween%20Sound%20Effects/Unknown%20Album/Monster%20Belch%201.mp3
64496,Monster Belch 2,Halloween Sound Effects,,Halloween,2020-01-04 16:31:52,0,file:///Volumes/Seagate%20Thunderbolt%20Drive/Music/Halloween%20Sound%20Effects/Unknown%20Album/Monster%20Belch%202.mp3
64498,Monster Comedy Club,Halloween Sound Effects,,Halloween,2020-01-09 09:44:16,0,file:///Volumes/Seagate%20Thunderbolt%20Drive/Music/Halloween%20Sound%20Effects/Unknown%20Album/Monster%20Comedy%20Club.mp3
64500,Monster Eating & Belch,Halloween Sound Effects,,Halloween,2019-12-25 02:15:00,0,file:///Volumes/Seagate%20Thunderbolt%20Drive/Music/Halloween%20Sound%20Effects/Unknown%20Album/Monster%20Eating%20&%20Belch.mp3
64502,Monster Gloating 1,Halloween Sound Effects,,Halloween,2020-01-03 09:35:22,0,file:///Volumes/Seagate%20Thunderbolt%20Drive/Music/Halloween%20Sound%20Effects/Unknown%20Album/Monster%20Gloating%201.mp3
64504,Monster Gloating 2,Halloween Sound Effects,,Halloween,2020-01-17 01:04:03,0,file:///Volumes/Seagate%20Thunderbolt%20Drive/Music/Halloween%20Sound%20Effects/Unknown%20Album/Monster%20Gloating%202.mp3
64506,Monster Laugh 1,Halloween Sound Effects,,Halloween,2020-01-12 15:06:51,0,file:///Volumes/Seagate%20Thunderbolt%20Drive/Music/Halloween%20Sound%20Effects/Unknown%20Album/Monster%20Laugh%201.mp3
64508,Monster Laugh 2,Halloween Sound Effects,,Halloween,2020-01-08 08:25:15,0,file:///Volumes/Seagate%20Thunderbolt%20Drive/Music/Halloween%20Sound%20Effects/Unknown%20Album/Monster%20Laugh%202.mp3
64510,Monster Laugh 3,Halloween Sound Effects,,Halloween,2019-12-26 07:34:18,0,file:///Volumes/Seagate%20Thunderbolt%20Drive/Music/Halloween%20Sound%20Effects/Unknown%20Album/Monster%20Laugh%203.mp3
64512,Monster Sex,Halloween Sound Effects,,Halloween,2020-01-07 11:33:27,0,file:///Volumes/Seagate%20Thunderbolt%20Drive/Music/Halloween%20Sound%20Effects/Unknown%20Album/Monster%20Sex.mp3
64514,Monsters In The Bat Cave 1,Halloween Sound Effects,,Halloween,2020-01-15 11:26:40,0,file:///Volumes/Seagate%20Thunderbolt%20Drive/Music/Halloween%20Sound%20Effects/Unknown%20Album/Monsters%20In%20The%20Bat%20Cave%201.mp3
64516,Monsters In The Bat Cave 2,Halloween Sound Effects,,Halloween,2019-12-29 22:44:02,0,file:///Volumes/Seagate%20Thunderbolt%20Drive/Music/Halloween%20Sound%20Effects/Unknown%20Album/Monsters%20In%20The%20Bat%20Cave%202.mp3
64518,Moving Objects,Halloween Sound Effects,,Halloween,2020-01-15 10:09:55,0,file:///Volumes/Seagate%20Thunderbolt%20Drive/Music/Halloween%20Sound%20Effects/Unknown%20Album/Moving%20Objects.mp3
64490,Midnight In Graveyard With Clock Chime,Halloween Sound Effects,,Halloween,2020-01-06 21:24:42,0,file:///Volumes/Seagate%20Thunderbolt%20Drive/Music/Halloween%20Sound%20Effects/Unknown%20Album/Midnight%20In%20Graveyard%20With%20Clock%20Chime.mp3
64520,Off With Your Head,Halloween Sound Effects,,Halloween,2020-01-05 00:55:36,0,file:///Volumes/Seagate%20Thunderbolt%20Drive/Music/Halloween%20Sound%20Effects/Unknown%20Album/Off%20With%20Your%20Head.mp3
64524,Oh What Wonderful Costumes,Halloween Sound Effects,,Halloween,2019-12-21 19:42:11,0,file:///Volumes/Seagate%20Thunderbolt%20Drive/Music/Halloween%20Sound%20Effects/Unknown%20Album/Oh%20What%20Wonderful%20Costumes.mp3
64526,Only A Fool Would Go There At,Halloween Sound Effects,,Halloween,2019-12-28 05:27:03,0,file:///Volumes/Seagate%20Thunderbolt%20Drive/Music/Halloween%20Sound%20Effects/Unknown%20Album/Only%20A%20Fool%20Would%20Go%20There%20At.mp3
64588,The Phantom Theremin Orchestra,Halloween Sound Effects,,Halloween,2020-01-01 11:49:51,0,file:///Volumes/Seagate%20Thunderbolt%20Drive/Music/Halloween%20Sound%20Effects/Unknown%20Album/The%20Phantom%20Theremin%20Orchestra.mp3
64528,Pipe Organ & Bassoon,Halloween Sound Effects,,Halloween,2019-12-24 06:41:12,0,file:///Volumes/Seagate%20Thunderbolt%20Drive/Music/Halloween%20Sound%20Effects/Unknown%20Album/Pipe%20Organ%20&%20Bassoon.mp3
64530,Pipe Organ & Ghost,Halloween Sound Effects,,Halloween,2020-01-20 10:28:59,0,file:///Volumes/Seagate%20Thunderbolt%20Drive/Music/Halloween%20Sound%20Effects/Unknown%20Album/Pipe%20Organ%20&%20Ghost.mp3
64532,Ponderous Organ Pipes,Halloween Sound Effects,,Halloween,2020-01-17 10:33:46,0,file:///Volumes/Seagate%20Thunderbolt%20Drive/Music/Halloween%20Sound%20Effects/Unknown%20Album/Ponderous%20Organ%20Pipes.mp3
64534,Prehistoric Catfight,Halloween Sound Effects,,Halloween,2020-01-09 19:36:10,0,file:///Volumes/Seagate%20Thunderbolt%20Drive/Music/Halloween%20Sound%20Effects/Unknown%20Album/Prehistoric%20Catfight.mp3
64536,Psychout,Halloween Sound Effects,,Halloween,2020-01-13 12:48:09,0,file:///Volumes/Seagate%20Thunderbolt%20Drive/Music/Halloween%20Sound%20Effects/Unknown%20Album/Psychout.mp3
64538,Rattlesnake,Halloween Sound Effects,,Halloween,2020-01-05 10:08:23,0,file:///Volumes/Seagate%20Thunderbolt%20Drive/Music/Halloween%20Sound%20Effects/Unknown%20Album/Rattlesnake.mp3
64540,Scared Little Funnel,Halloween Sound Effects,,Halloween,2020-01-16 13:53:22,0,file:///Volumes/Seagate%20Thunderbolt%20Drive/Music/Halloween%20Sound%20Effects/Unknown%20Album/Scared%20Little%20Funnel.mp3
64542,Scary Harmonica,Halloween Sound Effects,,Halloween,2020-01-09 13:55:43,0,file:///Volumes/Seagate%20Thunderbolt%20Drive/Music/Halloween%20Sound%20Effects/Unknown%20Album/Scary%20Harmonica.mp3
64544,Scary Music With Demented Laughter,Halloween Sound Effects,,Halloween,2020-01-18 02:43:09,0,file:///Volumes/Seagate%20Thunderbolt%20Drive/Music/Halloween%20Sound%20Effects/Unknown%20Album/Scary%20Music%20With%20Demented%20Laughter.mp3
64546,Scary Nursery Rhymes,Halloween Sound Effects,,Halloween,2019-12-27 23:00:18,0,file:///Volumes/Seagate%20Thunderbolt%20Drive/Music/Halloween%20Sound%20Effects/Unknown%20Album/Scary%20Nursery%20Rhymes.mp3
64548,Scream,Halloween Sound Effects,,Halloween,2019-12-31 01:19:07,0,file:///Volumes/Seagate%20Thunderbolt%20Drive/Music/Halloween%20Sound%20Effects/Unknown%20Album/Scream.mp3
64522,"Oh Goodie, A Dead Brain",Halloween Sound Effects,,2019-12-26 23:21:33,2014-08-26 01:59:59,0,"file:///Volumes/Seagate%20Thunderbolt%20Drive/Music/Halloween%20Sound%20Effects/Unknown%20Album/Oh%20Goodie,%20A%20Dead%20Brain.mp3"
64426,Gate Closing,Halloween Sound Effects,,Halloween,2020-01-14 15:51:21,0,file:///Volumes/Seagate%20Thunderbolt%20Drive/Music/Halloween%20Sound%20Effects/Unknown%20Album/Gate%20Closing.mp3
64488,Meteorites,Halloween Sound Effects,,Halloween,2019-12-22 18:58:12,0,file:///Volumes/Seagate%20Thunderbolt%20Drive/Music/Halloween%20Sound%20Effects/Unknown%20Album/Meteorites.mp3
64484,Lunatics Are Loose,Halloween Sound Effects,,Halloween,2020-01-04 16:34:31,0,file:///Volumes/Seagate%20Thunderbolt%20Drive/Music/Halloween%20Sound%20Effects/Unknown%20Album/Lunatics%20Are%20Loose.mp3
64428,Get Away From Here,Halloween Sound Effects,,Halloween,2020-01-06 05:00:27,0,file:///Volumes/Seagate%20Thunderbolt%20Drive/Music/Halloween%20Sound%20Effects/Unknown%20Album/Get%20Away%20From%20Here.mp3
64430,Ghostly Music,Halloween Sound Effects,,Halloween,2019-12-25 20:27:49,0,file:///Volumes/Seagate%20Thunderbolt%20Drive/Music/Halloween%20Sound%20Effects/Unknown%20Album/Ghostly%20Music.mp3
64432,Gigantic Scary Pipes Theme,Halloween Sound Effects,,Halloween,2019-12-24 04:10:59,0,file:///Volumes/Seagate%20Thunderbolt%20Drive/Music/Halloween%20Sound%20Effects/Unknown%20Album/Gigantic%20Scary%20Pipes%20Theme.mp3
64434,Go Home,Halloween Sound Effects,,Halloween,2020-01-18 14:39:32,0,file:///Volumes/Seagate%20Thunderbolt%20Drive/Music/Halloween%20Sound%20Effects/Unknown%20Album/Go%20Home.mp3
64436,Gotcha,Halloween Sound Effects,,Halloween,2020-01-03 02:37:24,0,file:///Volumes/Seagate%20Thunderbolt%20Drive/Music/Halloween%20Sound%20Effects/Unknown%20Album/Gotcha.mp3
64438,Grave Digger,Halloween Sound Effects,,Halloween,2020-01-02 09:35:46,0,file:///Volumes/Seagate%20Thunderbolt%20Drive/Music/Halloween%20Sound%20Effects/Unknown%20Album/Grave%20Digger.mp3
64586,The Gravediggers,Halloween Sound Effects,,Halloween,2020-01-10 21:21:34,0,file:///Volumes/Seagate%20Thunderbolt%20Drive/Music/Halloween%20Sound%20Effects/Unknown%20Album/The%20Gravediggers.mp3
64440,Graverobbing Gone Wrong,Halloween Sound Effects,,Halloween,2020-01-18 11:05:46,0,file:///Volumes/Seagate%20Thunderbolt%20Drive/Music/Halloween%20Sound%20Effects/Unknown%20Album/Graverobbing%20Gone%20Wrong.mp3
64442,Guts Falling On The Ground,Halloween Sound Effects,,Halloween,2020-01-13 09:29:54,0,file:///Volumes/Seagate%20Thunderbolt%20Drive/Music/Halloween%20Sound%20Effects/Unknown%20Album/Guts%20Falling%20On%20The%20Ground.mp3
64444,Harpies Grooving,Halloween Sound Effects,,Halloween,2020-01-01 17:37:25,0,file:///Volumes/Seagate%20Thunderbolt%20Drive/Music/Halloween%20Sound%20Effects/Unknown%20Album/Harpies%20Grooving.mp3
64446,Haunted Cue Music,Halloween Sound Effects,,Halloween,2020-01-11 14:07:40,0,file:///Volumes/Seagate%20Thunderbolt%20Drive/Music/Halloween%20Sound%20Effects/Unknown%20Album/Haunted%20Cue%20Music.mp3
64448,Haunted Hoedown Music,Halloween Sound Effects,,Halloween,2019-12-31 11:55:15,0,file:///Volumes/Seagate%20Thunderbolt%20Drive/Music/Halloween%20Sound%20Effects/Unknown%20Album/Haunted%20Hoedown%20Music.mp3
64364,A Haunted House,Halloween Sound Effects,,Halloween,2020-01-13 17:49:50,0,file:///Volumes/Seagate%20Thunderbolt%20Drive/Music/Halloween%20Sound%20Effects/Unknown%20Album/A%20Haunted%20House.mp3
64450,Haunted Jamboree,Halloween Sound Effects,,Halloween,2019-12-28 22:35:50,0,file:///Volumes/Seagate%20Thunderbolt%20Drive/Music/Halloween%20Sound%20Effects/Unknown%20Album/Haunted%20Jamboree.mp3
64486,Manic Halloween Music,Halloween Sound Effects,,Halloween,2020-01-05 22:00:29,0,file:///Volumes/Seagate%20Thunderbolt%20Drive/Music/Halloween%20Sound%20Effects/Unknown%20Album/Manic%20Halloween%20Music.mp3
64452,Heavy Solution Boiling,Halloween Sound Effects,,Halloween,2020-01-20 05:47:48,0,file:///Volumes/Seagate%20Thunderbolt%20Drive/Music/Halloween%20Sound%20Effects/Unknown%20Album/Heavy%20Solution%20Boiling.mp3
64456,Hell 2,Halloween Sound Effects,,Halloween,2019-12-27 23:52:32,0,file:///Volumes/Seagate%20Thunderbolt%20Drive/Music/Halloween%20Sound%20Effects/Unknown%20Album/Hell%202.mp3
64458,Hell 3,Halloween Sound Effects,,Halloween,2020-01-13 08:24:15,0,file:///Volumes/Seagate%20Thunderbolt%20Drive/Music/Halloween%20Sound%20Effects/Unknown%20Album/Hell%203.mp3
64460,Hello Children,Halloween Sound Effects,,Halloween,2020-01-04 23:27:45,0,file:///Volumes/Seagate%20Thunderbolt%20Drive/Music/Halloween%20Sound%20Effects/Unknown%20Album/Hello%20Children.mp3
64462,How Nice To Drop By,Halloween Sound Effects,,Halloween,2020-01-14 21:09:45,0,file:///Volumes/Seagate%20Thunderbolt%20Drive/Music/Halloween%20Sound%20Effects/Unknown%20Album/How%20Nice%20To%20Drop%20By.mp3
64464,Howling At The Moon,Halloween Sound Effects,,Halloween,2020-01-06 17:40:44,0,file:///Volumes/Seagate%20Thunderbolt%20Drive/Music/Halloween%20Sound%20Effects/Unknown%20Album/Howling%20At%20The%20Moon.mp3
64466,Howling Wind,Halloween Sound Effects,,Halloween,2020-01-18 23:09:12,0,file:///Volumes/Seagate%20Thunderbolt%20Drive/Music/Halloween%20Sound%20Effects/Unknown%20Album/Howling%20Wind.mp3
64468,I'll Self Destruct,Halloween Sound Effects,,Halloween,2020-01-07 02:15:02,0,file:///Volumes/Seagate%20Thunderbolt%20Drive/Music/Halloween%20Sound%20Effects/Unknown%20Album/I'll%20Self%20Destruct.mp3
64470,"Igor, You Fool",Halloween Sound Effects,,2020-01-10 17:08:32,2014-08-26 01:59:59,0,"file:///Volumes/Seagate%20Thunderbolt%20Drive/Music/Halloween%20Sound%20Effects/Unknown%20Album/Igor,%20You%20Fool.mp3"
64472,It's Alive,Halloween Sound Effects,,Halloween,2020-01-12 09:16:50,0,file:///Volumes/Seagate%20Thunderbolt%20Drive/Music/Halloween%20Sound%20Effects/Unknown%20Album/It's%20Alive.mp3
64474,It's Melt Down Time,Halloween Sound Effects,,Halloween,2020-01-02 19:04:29,0,file:///Volumes/Seagate%20Thunderbolt%20Drive/Music/Halloween%20Sound%20Effects/Unknown%20Album/It's%20Melt%20Down%20Time.mp3
64476,Killer Bees,Halloween Sound Effects,,Halloween,2020-01-09 06:21:50,0,file:///Volumes/Seagate%20Thunderbolt%20Drive/Music/Halloween%20Sound%20Effects/Unknown%20Album/Killer%20Bees.mp3
64478,Knife Stabbing Body Several Times,Halloween Sound Effects,,Halloween,2019-12-27 16:24:30,0,file:///Volumes/Seagate%20Thunderbolt%20Drive/Music/Halloween%20Sound%20Effects/Unknown%20Album/Knife%20Stabbing%20Body%20Several%20Times.mp3
64480,Knocking On My Door,Halloween Sound Effects,,Halloween,2019-12-30 12:09:27,0,file:///Volumes/Seagate%20Thunderbolt%20Drive/Music/Halloween%20Sound%20Effects/Unknown%20Album/Knocking%20On%20My%20Door.mp3
64482,Little Girl Walking,Halloween Sound Effects,,Halloween,2020-01-19 02:44:51,0,file:///Volumes/Seagate%20Thunderbolt%20Drive/Music/Halloween%20Sound%20Effects/Unknown%20Album/Little%20Girl%20Walking.mp3
64454,Hell 1,Halloween Sound Effects,,Halloween,2019-12-26 07:29:32,0,file:///Volumes/Seagate%20Thunderbolt%20Drive/Music/Halloween%20Sound%20Effects/Unknown%20Album/Hell%201.mp3
29194,Destruction (Halloween) (Original Dubstep Mix),4 El3ments,,Halloween,2019-12-29 02:10:14,0,file:///Volumes/Seagate%20Thunderbolt%20Drive/Music/4%20El3ments/Unknown%20Album/Destruction%20(Halloween)%20(Original%20Dubstep%20Mix).mp3