Track ID,Name,Artist,Album,Genre,2010-04-09 06:58:09,Play Count,Location
31648,Here In My Heart (Radio Edit),Al Martino,,Classic 50's Music,2010-03-30 08:14:21,0,file:///Volumes/Seagate%20Thunderbolt%20Drive/Music/Al%20Martino/Unknown%20Album/Here%20In%20My%20Heart%20(Radio%20Edit).mp3
80950,Tears On My Pellow (Radio Edit),Little Anthony & The Imperials,,Classic 50's Music,2010-03-16 10:21:03,0,file:///Volumes/Seagate%20Thunderbolt%20Drive/Music/Little%20Anthony%20&%20The%20Imperials/Unknown%20Album/Tears%20On%20My%20Pellow%20(Radio%20Edit).mp3
80992,Tutti Frutti (Radio Edit),Little Richard,,Classic 50's Music,2010-04-05 12:18:44,0,file:///Volumes/Seagate%20Thunderbolt%20Drive/Music/Little%20Richard/Unknown%20Album/Tutti%20Frutti%20(Radio%20Edit).mp3
80994,You Make Me Wanna Shout (Radio Edit),Little Richard,,Classic 50's Music,2010-04-03 13:27:36,0,file:///Volumes/Seagate%20Thunderbolt%20Drive/Music/Little%20Richard/Unknown%20Album/You%20Make%20Me%20Wanna%20Shout%20(Radio%20Edit).mp3
81004,"Talk To Me, Talk To Me (Radio Edit)",Little Willie John,,2010-03-28 15:13:54,2014-08-26 01:59:59,0,"file:///Volumes/Seagate%20Thunderbolt%20Drive/Music/Little%20Willie%20John/Unknown%20Album/Talk%20To%20Me,%20Talk%20To%20Me%20(Radio%20Edit).mp3"
81638,Personality (Radio Edit),Lloyd Price,,Classic 50's Music,2010-03-24 07:11:40,0,file:///Volumes/Seagate%20Thunderbolt%20Drive/Music/Lloyd%20Price/Unknown%20Album/Personality%20(Radio%20Edit).mp3
81640,Stagger Lee (Radio Edit),Lloyd Price,,Classic 50's Music,2010-04-10 16:07:15,0,file:///Volumes/Seagate%20Thunderbolt%20Drive/Music/Lloyd%20Price/Unknown%20Album/Stagger%20Lee%20(Radio%20Edit).mp3
84662,I Wanna Be Loved By You (Radio Edit),Marilyn Monroe,,Classic 50's Music,2010-04-04 11:04:01,0,file:///Volumes/Seagate%20Thunderbolt%20Drive/Music/Marilyn%20Monroe/Unknown%20Album/I%20Wanna%20Be%20Loved%20By%20You%20(Radio%20Edit).mp3
80948,"Shimmy, Shimmy, Ko-Ko-Bop (Radio Edit)",Little Anthony & The Imperials,2010-03-29 05:05:03,Classic 50's Music,2014-08-26 01:59:59,0,"file:///Volumes/Seagate%20Thunderbolt%20Drive/Music/Little%20Anthony%20&%20The%20Imperials/Unknown%20Album/Shimmy,%20Shimmy,%20Ko-Ko-Bop%20(Radio%20Edit).mp3"
84706,Be My Love (Radio Edit),Mario Lanza,,Classic 50's Music,2010-03-18 21:14:44,0,file:///Volumes/Seagate%20Thunderbolt%20Drive/Music/Mario%20Lanza/Unknown%20Album/Be%20My%20Love%20(Radio%20Edit).mp3
85858,Stay (Radio Edit),Maurice Williams & The Zodiacs,,Classic 50's Music,2010-03-15 07:17:45,0,file:///Volumes/Seagate%20Thunderbolt%20Drive/Music/Maurice%20Williams%20&%20The%20Zodiacs/Unknown%20Album/Stay%20(Radio%20Edit).mp3
87500,Love Is Strange (Radio Edit),Mickey & Sylvia,,Classic 50's Music,2010-03-15 00:47:12,0,file:///Volumes/Seagate%20Thunderbolt%20Drive/Music/Mickey%20&%20Sylvia/Unknown%20Album/Love%20Is%20Strange%20(Radio%20Edit).mp3
109698,Book Of Love (Radio Edit),The Monotones,,Classic 50's Music,2010-03-20 03:54:58,0,file:///Volumes/Seagate%20Thunderbolt%20Drive/Music/The%20Monotones/Unknown%20Album/Book%20Of%20Love%20(Radio%20Edit).mp3
109702,Sincerely (Radio Edit),The Moonglows,,Classic 50's Music,2010-03-19 19:44:50,0,file:///Volumes/Seagate%20Thunderbolt%20Drive/Music/The%20Moonglows/Unknown%20Album/Sincerely%20(Radio%20Edit).mp3
90082,Mona Lisa (Radio Edit),Nat 'King' Cole,,Classic 50's Music,2010-03-14 00:14:20,0,file:///Volumes/Seagate%20Thunderbolt%20Drive/Music/Nat%20'King'%20Cole/Unknown%20Album/Mona%20Lisa%20(Radio%20Edit).mp3
90100,Too Young (Radio Edit),Nat 'King' Cole,,Classic 50's Music,2010-04-12 16:18:33,0,file:///Volumes/Seagate%20Thunderbolt%20Drive/Music/Nat%20'King'%20Cole/Unknown%20Album/Too%20Young%20(Radio%20Edit).mp3
110058,Western Movies (Radio Edit),The Olympics,,Classic 50's Music,2010-03-14 08:36:55,0,file:///Volumes/Seagate%20Thunderbolt%20Drive/Music/The%20Olympics/Unknown%20Album/Western%20Movies%20(Radio%20Edit).mp3
84708,The Loveliest Night Of The Year (Radio Edit),Mario Lanza,,Classic 50's Music,2010-03-22 14:12:52,0,file:///Volumes/Seagate%20Thunderbolt%20Drive/Music/Mario%20Lanza/Unknown%20Album/The%20Loveliest%20Night%20Of%20The%20Year%20(Radio%20Edit).mp3
92842,Love Letters In The Sand (Radio Edit),Pat Boone,,Classic 50's Music,2010-03-16 18:23:24,0,file:///Volumes/Seagate%20Thunderbolt%20Drive/Music/Pat%20Boone/Unknown%20Album/Love%20Letters%20In%20The%20Sand%20(Radio%20Edit).mp3
79560,Vaya Con Dios (Radio Edit),Les Paul & Mary Ford,,Classic 50's Music,2010-03-15 06:19:13,0,file:///Volumes/Seagate%20Thunderbolt%20Drive/Music/Les%20Paul%20&%20Mary%20Ford/Unknown%20Album/Vaya%20Con%20Dios%20(Radio%20Edit).mp3
79542,Blue Tango (Radio Edit),Leroy Anderson,,Classic 50's Music,2010-04-09 01:58:50,0,file:///Volumes/Seagate%20Thunderbolt%20Drive/Music/Leroy%20Anderson/Unknown%20Album/Blue%20Tango%20(Radio%20Edit).mp3
64802,Ten Commandments Of Love (Radio Edit),Harvey & The Moonglows,,Classic 50's Music,2010-03-25 22:08:29,0,file:///Volumes/Seagate%20Thunderbolt%20Drive/Music/Harvey%20&%20The%20Moonglows/Unknown%20Album/Ten%20Commandments%20Of%20Love%20(Radio%20Edit).mp3
65434,Don't You Just Know It (Radio Edit),Huey 'Piano' Smith & The Clowns,,Classic 50's Music,2010-04-12 06:02:37,0,file:///Volumes/Seagate%20Thunderbolt%20Drive/Music/Huey%20'Piano'%20Smith%20&%20The%20Clowns/Unknown%20Album/Don't%20You%20Just%20Know%20It%20(Radio%20Edit).mp3
109192,Sorry (I Ran All The Way Home) (Radio Edit),The Impalas,,Classic 50's Music,2010-03-28 19:10:16,0,file:///Volumes/Seagate%20Thunderbolt%20Drive/Music/The%20Impalas/Unknown%20Album/Sorry%20(I%20Ran%20All%20The%20Way%20Home)%20(Radio%20Edit).mp3
66372,Since I Met You Baby (Radio Edit),Ivory Joe Hunter,,Classic 50's Music,2010-04-04 16:53:31,0,file:///Volumes/Seagate%20Thunderbolt%20Drive/Music/Ivory%20Joe%20Hunter/Unknown%20Album/Since%20I%20Met%20You%20Baby%20(Radio%20Edit).mp3
67030,Lonely Teardrops (Radio Edit),Jackie Wilson,,Classic 50's Music,2010-03-27 06:04:18,0,file:///Volumes/Seagate%20Thunderbolt%20Drive/Music/Jackie%20Wilson/Unknown%20Album/Lonely%20Teardrops%20(Radio%20Edit).mp3
69910,For Your Precious Love (Radio Edit),Jerry Butler & The Impressions,,Classic 50's Music,2010-03-29 18:23:05,0,file:///Volumes/Seagate%20Thunderbolt%20Drive/Music/Jerry%20Butler%20&%20The%20Impressions/Unknown%20Album/For%20Your%20Precious%20Love%20(Radio%20Edit).mp3
69920,Great Balls Of Fire (Radio Edit),Jerry Lee Lewis,,Classic 50's Music,2010-04-11 11:16:59,0,file:///Volumes/Seagate%20Thunderbolt%20Drive/Music/Jerry%20Lee%20Lewis/Unknown%20Album/Great%20Balls%20Of%20Fire%20(Radio%20Edit).mp3
79558,How High The Moon (Radio Edit),Les Paul & Mary Ford,,Classic 50's Music,2010-04-06 16:05:47,0,file:///Volumes/Seagate%20Thunderbolt%20Drive/Music/Les%20Paul%20&%20Mary%20Ford/Unknown%20Album/How%20High%20The%20Moon%20(Radio%20Edit).mp3
69922,Whole Lotta Shakin' Goin' On (Radio Edit),Jerry Lee Lewis,,Classic 50's Music,2010-03-17 14:55:51,0,file:///Volumes/Seagate%20Thunderbolt%20Drive/Music/Jerry%20Lee%20Lewis/Unknown%20Album/Whole%20Lotta%20Shakin'%20Goin'%20On%20(Radio%20Edit).mp3
70468,You Belong To Me (Radio Edit),Jo Stafford,,Classic 50's Music,2010-04-01 23:10:13,0,file:///Volumes/Seagate%20Thunderbolt%20Drive/Music/Jo%20Stafford/Unknown%20Album/You%20Belong%20To%20Me%20(Radio%20Edit).mp3
71386,"Over The Mountain, Across The Sea (Radio Edit)",Johnnie & Joe,,2010-04-07 12:42:49,2014-08-26 01:59:59,0,"file:///Volumes/Seagate%20Thunderbolt%20Drive/Music/Johnnie%20&%20Joe/Unknown%20Album/Over%20The%20Mountain,%20Across%20The%20Sea%20(Radio%20Edit).mp3"
109358,When (Radio Edit),The Kalin Twins,,Classic 50's Music,2010-03-30 22:12:09,0,file:///Volumes/Seagate%20Thunderbolt%20Drive/Music/The%20Kalin%20Twins/Unknown%20Album/When%20(Radio%20Edit).mp3
75262,Wheel Of Fortune (Radio Edit),Kay Starr,,Classic 50's Music,2010-03-31 03:02:29,0,file:///Volumes/Seagate%20Thunderbolt%20Drive/Music/Kay%20Starr/Unknown%20Album/Wheel%20Of%20Fortune%20(Radio%20Edit).mp3
78772,I Cried A Tear (Radio Edit),LaVern Baker,,Classic 50's Music,2010-04-01 20:41:48,0,file:///Volumes/Seagate%20Thunderbolt%20Drive/Music/LaVern%20Baker/Unknown%20Album/I%20Cried%20A%20Tear%20(Radio%20Edit).mp3
78962,Teardrops (Radio Edit),Lee Andrews & The Hearts,,Classic 50's Music,2010-03-23 18:24:13,0,file:///Volumes/Seagate%20Thunderbolt%20Drive/Music/Lee%20Andrews%20&%20The%20Hearts/Unknown%20Album/Teardrops%20(Radio%20Edit).mp3
78964,Try The Impossible (Radio Edit),Lee Andrews & The Hearts,,Classic 50's Music,2010-04-01 03:48:38,0,file:///Volumes/Seagate%20Thunderbolt%20Drive/Music/Lee%20Andrews%20&%20The%20Hearts/Unknown%20Album/Try%20The%20Impossible%20(Radio%20Edit).mp3
70332,Kisses Sweeter Than Wine (Radio Edit),Jimmie Rodgers,,Classic 50's Music,2010-03-17 19:29:19,0,file:///Volumes/Seagate%20Thunderbolt%20Drive/Music/Jimmie%20Rodgers/Unknown%20Album/Kisses%20Sweeter%20Than%20Wine%20(Radio%20Edit).mp3
92894,(How Much Is) That Doggie In The Window (Radio Edit),Patti Page,,Classic 50's Music,2010-03-29 20:07:48,0,file:///Volumes/Seagate%20Thunderbolt%20Drive/Music/Patti%20Page/Unknown%20Album/(How%20Much%20Is)%20That%20Doggie%20In%20The%20Window%20(Radio%20Edit).mp3
92898,I Went To Your Wedding (Radio Edit),Patti Page,,Classic 50's Music,2010-03-19 09:40:47,0,file:///Volumes/Seagate%20Thunderbolt%20Drive/Music/Patti%20Page/Unknown%20Album/I%20Went%20To%20Your%20Wedding%20(Radio%20Edit).mp3
92902,Tennessee Waltz (Radio Edit),Patti Page,,Classic 50's Music,2010-03-18 04:51:20,0,file:///Volumes/Seagate%20Thunderbolt%20Drive/Music/Patti%20Page/Unknown%20Album/Tennessee%20Waltz%20(Radio%20Edit).mp3
100452,Harbor Lights (Radio Edit),Sammy Kaye,,Classic 50's Music,2010-03-22 19:56:02,0,file:///Volumes/Seagate%20Thunderbolt%20Drive/Music/Sammy%20Kaye/Unknown%20Album/Harbor%20Lights%20(Radio%20Edit).mp3
100454,It Isn't Fair For You To Want Me (Radio Edit),Sammy Kaye & Don Cornell,,Classic 50's Music,2010-03-26 18:55:59,0,file:///Volumes/Seagate%20Thunderbolt%20Drive/Music/Sammy%20Kaye%20&%20Don%20Cornell/Unknown%20Album/It%20Isn't%20Fair%20For%20You%20To%20Want%20Me%20(Radio%20Edit).mp3
100600,Sleep Walk (Radio Edit),Santo & Johnny,,Classic 50's Music,2010-04-01 17:54:04,0,file:///Volumes/Seagate%20Thunderbolt%20Drive/Music/Santo%20&%20Johnny/Unknown%20Album/Sleep%20Walk%20(Radio%20Edit).mp3
110502,Island Of Love (Radio Edit),The Sheppards,,Classic 50's Music,2010-03-22 13:47:09,0,file:///Volumes/Seagate%20Thunderbolt%20Drive/Music/The%20Sheppards/Unknown%20Album/Island%20Of%20Love%20(Radio%20Edit).mp3
110514,Dedicated To The One I Love (Radio Edit),The Shirelles,,Classic 50's Music,2010-03-23 01:59:16,0,file:///Volumes/Seagate%20Thunderbolt%20Drive/Music/The%20Shirelles/Unknown%20Album/Dedicated%20To%20The%20One%20I%20Love%20(Radio%20Edit).mp3
102076,Let The Good Times Roll (Radio Edit),Shirley & Lee,,Classic 50's Music,2010-03-24 10:09:55,0,file:///Volumes/Seagate%20Thunderbolt%20Drive/Music/Shirley%20&%20Lee/Unknown%20Album/Let%20The%20Good%20Times%20Roll%20(Radio%20Edit).mp3
110524,Get A Job (Radio Edit),The Silhouettes,,Classic 50's Music,2010-04-05 18:32:34,0,file:///Volumes/Seagate%20Thunderbolt%20Drive/Music/The%20Silhouettes/Unknown%20Album/Get%20A%20Job%20(Radio%20Edit).mp3
110374,Short Shorts (Radio Edit),The Royal Teens,,Classic 50's Music,2010-03-22 05:04:09,0,file:///Volumes/Seagate%20Thunderbolt%20Drive/Music/The%20Royal%20Teens/Unknown%20Album/Short%20Shorts%20(Radio%20Edit).mp3
110536,Since I Don't Have You (Radio Edit),The Skyliners,,Classic 50's Music,2010-03-29 06:10:14,0,file:///Volumes/Seagate%20Thunderbolt%20Drive/Music/The%20Skyliners/Unknown%20Album/Since%20I%20Don't%20Have%20You%20(Radio%20Edit).mp3
106448,Music! Music! Music! (Radio Edit),Teresa Brewer,,Classic 50's Music,2010-03-26 20:33:41,0,file:///Volumes/Seagate%20Thunderbolt%20Drive/Music/Teresa%20Brewer/Unknown%20Album/Music!%20Music!%20Music!%20(Radio%20Edit).mp3
106450,Till I Waltz With You Again (Radio Edit),Teresa Brewer,,Classic 50's Music,2010-04-10 16:54:06,0,file:///Volumes/Seagate%20Thunderbolt%20Drive/Music/Teresa%20Brewer/Unknown%20Album/Till%20I%20Waltz%20With%20You%20Again%20(Radio%20Edit).mp3
111452,Little Bitty Pretty One (Radio Edit),Thurston Harris,,Classic 50's Music,2010-03-21 23:36:34,0,file:///Volumes/Seagate%20Thunderbolt%20Drive/Music/Thurston%20Harris/Unknown%20Album/Little%20Bitty%20Pretty%20One%20(Radio%20Edit).mp3
112050,It's All In The Game (Radio Edit),Tommy Edwards,,Classic 50's Music,2010-03-19 11:38:46,0,file:///Volumes/Seagate%20Thunderbolt%20Drive/Music/Tommy%20Edwards/Unknown%20Album/It's%20All%20In%20The%20Game%20(Radio%20Edit).mp3
112174,Because Of You (Radio Edit),Tony Bennett,,Classic 50's Music,2010-03-24 06:02:32,0,file:///Volumes/Seagate%20Thunderbolt%20Drive/Music/Tony%20Bennett/Unknown%20Album/Because%20Of%20You%20(Radio%20Edit).mp3
112176,"Cold, Cold Heart (Radio Edit)",Tony Bennett,,2010-03-31 12:07:08,2014-08-26 01:59:59,0,"file:///Volumes/Seagate%20Thunderbolt%20Drive/Music/Tony%20Bennett/Unknown%20Album/Cold,%20Cold%20Heart%20(Radio%20Edit).mp3"
126404,Auf Weiderseh'n Sweetheart (Radio Edit),Vera Lynn,,Classic 50's Music,2010-03-18 21:12:59,0,file:///Volumes/Seagate%20Thunderbolt%20Drive/Music/Vera%20Lynn/Unknown%20Album/Auf%20Weiderseh'n%20Sweetheart%20(Radio%20Edit).mp3
110548,"Goodnight, Sweetheart, Goodnight (Radio Edit)",The Spaniels,2010-03-29 09:56:53,Classic 50's Music,2014-08-26 01:59:59,0,"file:///Volumes/Seagate%20Thunderbolt%20Drive/Music/The%20Spaniels/Unknown%20Album/Goodnight,%20Sweetheart,%20Goodnight%20(Radio%20Edit).mp3"
99520,Half As Much (Radio Edit),Rosemary Clooney,,Classic 50's Music,2010-03-22 00:33:42,0,file:///Volumes/Seagate%20Thunderbolt%20Drive/Music/Rosemary%20Clooney/Unknown%20Album/Half%20As%20Much%20(Radio%20Edit).mp3
99518,Come On-A My House (Radio Edit),Rosemary Clooney,,Classic 50's Music,2010-03-27 04:11:07,0,file:///Volumes/Seagate%20Thunderbolt%20Drive/Music/Rosemary%20Clooney/Unknown%20Album/Come%20On-A%20My%20House%20(Radio%20Edit).mp3
98694,La Bamba (Radio Edit),Ritchie Valens,,Classic 50's Music,2010-04-06 12:01:58,0,file:///Volumes/Seagate%20Thunderbolt%20Drive/Music/Ritchie%20Valens/Unknown%20Album/La%20Bamba%20(Radio%20Edit).mp3
93274,Oh (Radio Edit),Pee Wee Hunt & His Orchestra,,Classic 50's Music,2010-04-03 11:17:50,0,file:///Volumes/Seagate%20Thunderbolt%20Drive/Music/Pee%20Wee%20Hunt%20&%20His%20Orchestra/Unknown%20Album/Oh%20(Radio%20Edit).mp3
93286,Fever (Radio Edit),Peggy Lee,,Classic 50's Music,2010-03-26 20:25:36,0,file:///Volumes/Seagate%20Thunderbolt%20Drive/Music/Peggy%20Lee/Unknown%20Album/Fever%20(Radio%20Edit).mp3
110112,Earth Angel (Will You Be Mine) (Radio Edit),The Penguins,,Classic 50's Music,2010-03-14 10:55:17,0,file:///Volumes/Seagate%20Thunderbolt%20Drive/Music/The%20Penguins/Unknown%20Album/Earth%20Angel%20(Will%20You%20Be%20Mine)%20(Radio%20Edit).mp3
93306,Delicado (Radio Edit),Percy Faith & His Orchestra,,Classic 50's Music,2010-03-21 06:34:59,0,file:///Volumes/Seagate%20Thunderbolt%20Drive/Music/Percy%20Faith%20&%20His%20Orchestra/Unknown%20Album/Delicado%20(Radio%20Edit).mp3
93344,Don't Let The Stars Get In Your Eyes (Radio Edit),Perry Como,,Classic 50's Music,2010-03-31 07:48:24,0,file:///Volumes/Seagate%20Thunderbolt%20Drive/Music/Perry%20Como/Unknown%20Album/Don't%20Let%20The%20Stars%20Get%20In%20Your%20Eyes%20(Radio%20Edit).mp3
93356,If (Radio Edit),Perry Como,,Classic 50's Music,2010-03-18 08:16:08,0,file:///Volumes/Seagate%20Thunderbolt%20Drive/Music/Perry%20Como/Unknown%20Album/If%20(Radio%20Edit).mp3
93360,No Other Love (Radio Edit),Perry Como,,Classic 50's Music,2010-04-04 04:34:07,0,file:///Volumes/Seagate%20Thunderbolt%20Drive/Music/Perry%20Como/Unknown%20Album/No%20Other%20Love%20(Radio%20Edit).mp3
93366,Say You're Mine Again (Radio Edit),Perry Como,,Classic 50's Music,2010-03-26 11:11:45,0,file:///Volumes/Seagate%20Thunderbolt%20Drive/Music/Perry%20Como/Unknown%20Album/Say%20You're%20Mine%20Again%20(Radio%20Edit).mp3
93916,Sea Of Love (Radio Edit),Phil Phillips & The Twilights,,Classic 50's Music,2010-03-15 04:15:04,0,file:///Volumes/Seagate%20Thunderbolt%20Drive/Music/Phil%20Phillips%20&%20The%20Twilights/Unknown%20Album/Sea%20Of%20Love%20(Radio%20Edit).mp3
110148,Twilight Time (Radio Edit),The Platters,,Classic 50's Music,2010-04-10 21:52:48,0,file:///Volumes/Seagate%20Thunderbolt%20Drive/Music/The%20Platters/Unknown%20Album/Twilight%20Time%20(Radio%20Edit).mp3
96476,What'd I Say (Album LP Version),Ray Charles,,Classic 50's Music,2010-03-30 09:29:24,0,file:///Volumes/Seagate%20Thunderbolt%20Drive/Music/Ray%20Charles/Unknown%20Album/What'd%20I%20Say%20(Album%20LP%20Version).mp3
96478,What'd I Say (Extended),Ray Charles,,Classic 50's Music,2010-03-19 15:16:42,0,file:///Volumes/Seagate%20Thunderbolt%20Drive/Music/Ray%20Charles/Unknown%20Album/What'd%20I%20Say%20(Extended).mp3
96480,What'd I Say (Radio Edit),Ray Charles,,Classic 50's Music,2010-03-21 13:29:26,0,file:///Volumes/Seagate%20Thunderbolt%20Drive/Music/Ray%20Charles/Unknown%20Album/What'd%20I%20Say%20(Radio%20Edit).mp3
110238,Silhouettes (Radio Edit),The Rays,,Classic 50's Music,2010-04-09 12:12:57,0,file:///Volumes/Seagate%20Thunderbolt%20Drive/Music/The%20Rays/Unknown%20Album/Silhouettes%20(Radio%20Edit).mp3
96940,Chattanoogie Shoe Shine Boy (Radio Edit),Red Foley,,Classic 50's Music,2010-03-15 22:22:24,0,file:///Volumes/Seagate%20Thunderbolt%20Drive/Music/Red%20Foley/Unknown%20Album/Chattanoogie%20Shoe%20Shine%20Boy%20(Radio%20Edit).mp3
98218,Poor Little Fool (Radio Edit),Ricky Nelson,,Classic 50's Music,2010-04-02 04:33:06,0,file:///Volumes/Seagate%20Thunderbolt%20Drive/Music/Ricky%20Nelson/Unknown%20Album/Poor%20Little%20Fool%20(Radio%20Edit).mp3
98692,Donna (Radio Edit),Ritchie Valens,,Classic 50's Music,2010-03-21 16:46:37,0,file:///Volumes/Seagate%20Thunderbolt%20Drive/Music/Ritchie%20Valens/Unknown%20Album/Donna%20(Radio%20Edit).mp3
64766,The Banana Boat Song (Day-O) (Radio Edit),Harry Belafonte,,Classic 50's Music,2010-03-26 09:15:43,0,file:///Volumes/Seagate%20Thunderbolt%20Drive/Music/Harry%20Belafonte/Unknown%20Album/The%20Banana%20Boat%20Song%20(Day-O)%20(Radio%20Edit).mp3
64158,Third Man Theme (Radio Edit),Guy Lombardo,,Classic 50's Music,2010-04-03 00:10:42,0,file:///Volumes/Seagate%20Thunderbolt%20Drive/Music/Guy%20Lombardo/Unknown%20Album/Third%20Man%20Theme%20(Radio%20Edit).mp3
63420,Butterfly (Radio Edit),"Gracie, Charlie",,2010-04-06 09:34:05,2014-08-26 01:59:59,0,"file:///Volumes/Seagate%20Thunderbolt%20Drive/Music/Gracie,%20Charlie/Unknown%20Album/Butterfly%20(Radio%20Edit).mp3"
63294,Goodnight Irene (Radio Edit),Gordon Jenkins & The Weavers,,Classic 50's Music,2010-03-29 01:28:33,0,file:///Volumes/Seagate%20Thunderbolt%20Drive/Music/Gordon%20Jenkins%20&%20The%20Weavers/Unknown%20Album/Goodnight%20Irene%20(Radio%20Edit).mp3
47648,Lipstick On Your Collar (Radio Edit),Connie Francis,,Classic 50's Music,2010-04-11 18:56:33,0,file:///Volumes/Seagate%20Thunderbolt%20Drive/Music/Connie%20Francis/Unknown%20Album/Lipstick%20On%20Your%20Collar%20(Radio%20Edit).mp3
108118,16 Candles (Happy Birthday) (Radio Edit),The Crests,,Classic 50's Music,2010-03-19 12:04:41,0,file:///Volumes/Seagate%20Thunderbolt%20Drive/Music/The%20Crests/Unknown%20Album/16%20Candles%20(Happy%20Birthday)%20(Radio%20Edit).mp3
108146,One Summer Night (Radio Edit),The Danleers,,Classic 50's Music,2010-04-03 12:01:50,0,file:///Volumes/Seagate%20Thunderbolt%20Drive/Music/The%20Danleers/Unknown%20Album/One%20Summer%20Night%20(Radio%20Edit).mp3
49032,At The Hop (Radio Edit),Danny & The Juniors,,Classic 50's Music,2010-04-12 15:14:53,0,file:///Volumes/Seagate%20Thunderbolt%20Drive/Music/Danny%20&%20The%20Juniors/Unknown%20Album/At%20The%20Hop%20(Radio%20Edit).mp3
108164,Come Go With Me (Radio Edit),The Del Vikings,,Classic 50's Music,2010-04-04 05:02:03,0,file:///Volumes/Seagate%20Thunderbolt%20Drive/Music/The%20Del%20Vikings/Unknown%20Album/Come%20Go%20With%20Me%20(Radio%20Edit).mp3
108166,Whispering Bells (Radio Edit),The Del Vikings,,Classic 50's Music,2010-03-22 22:00:40,0,file:///Volumes/Seagate%20Thunderbolt%20Drive/Music/The%20Del%20Vikings/Unknown%20Album/Whispering%20Bells%20(Radio%20Edit).mp3
108172,"Oh, What A Night (Radio Edit)",The Dells,,2010-03-30 12:23:45,2014-08-26 01:59:59,0,"file:///Volumes/Seagate%20Thunderbolt%20Drive/Music/The%20Dells/Unknown%20Album/Oh,%20What%20A%20Night%20(Radio%20Edit).mp3"
107990,Yakety Yak (Radio Edit),The Coasters,,Classic 50's Music,2010-03-22 17:40:45,0,file:///Volumes/Seagate%20Thunderbolt%20Drive/Music/The%20Coasters/Unknown%20Album/Yakety%20Yak%20(Radio%20Edit).mp3
108192,The Church Bells May Ring (Radio Edit),The Diamonds,,Classic 50's Music,2010-04-11 03:26:20,0,file:///Volumes/Seagate%20Thunderbolt%20Drive/Music/The%20Diamonds/Unknown%20Album/The%20Church%20Bells%20May%20Ring%20(Radio%20Edit).mp3
108194,The Stroll (Radio Edit),The Diamonds,,Classic 50's Music,2010-03-15 04:52:56,0,file:///Volumes/Seagate%20Thunderbolt%20Drive/Music/The%20Diamonds/Unknown%20Album/The%20Stroll%20(Radio%20Edit).mp3
51678,I Wonder Why (Radio Edit),Dion & The Belmonts,,Classic 50's Music,2010-04-02 06:34:02,0,file:///Volumes/Seagate%20Thunderbolt%20Drive/Music/Dion%20&%20The%20Belmonts/Unknown%20Album/I%20Wonder%20Why%20(Radio%20Edit).mp3
51676,A Teenager In Love (Radio Edit),Dion & The Belmonts,,Classic 50's Music,2010-03-31 23:24:32,0,file:///Volumes/Seagate%20Thunderbolt%20Drive/Music/Dion%20&%20The%20Belmonts/Unknown%20Album/A%20Teenager%20In%20Love%20(Radio%20Edit).mp3
108322,There Goes My Baby (Radio Edit),The Drifters,,Classic 50's Music,2010-04-01 12:28:18,0,file:///Volumes/Seagate%20Thunderbolt%20Drive/Music/The%20Drifters/Unknown%20Album/There%20Goes%20My%20Baby%20(Radio%20Edit).mp3
55826,Summertime Blues (Radio Edit),Eddie Cochran,,Classic 50's Music,2010-03-29 06:15:44,0,file:///Volumes/Seagate%20Thunderbolt%20Drive/Music/Eddie%20Cochran/Unknown%20Album/Summertime%20Blues%20(Radio%20Edit).mp3
55832,Anytime (Radio Edit),Eddie Fisher,,Classic 50's Music,2010-03-18 02:26:06,0,file:///Volumes/Seagate%20Thunderbolt%20Drive/Music/Eddie%20Fisher/Unknown%20Album/Anytime%20(Radio%20Edit).mp3
55840,I'm Walking Behind You (Radio Edit),Eddie Fisher,,Classic 50's Music,2010-03-25 09:51:01,0,file:///Volumes/Seagate%20Thunderbolt%20Drive/Music/Eddie%20Fisher/Unknown%20Album/I'm%20Walking%20Behind%20You%20(Radio%20Edit).mp3
108190,Little Darlin' (Radio Edit),The Diamonds,,Classic 50's Music,2010-04-08 22:25:50,0,file:///Volumes/Seagate%20Thunderbolt%20Drive/Music/The%20Diamonds/Unknown%20Album/Little%20Darlin'%20(Radio%20Edit).mp3
107988,Poison Ivy (Radio Edit),The Coasters,,Classic 50's Music,2010-03-18 16:09:53,0,file:///Volumes/Seagate%20Thunderbolt%20Drive/Music/The%20Coasters/Unknown%20Album/Poison%20Ivy%20(Radio%20Edit).mp3
107986,Charlie Brown (Radio Edit),The Coasters,,Classic 50's Music,2010-04-07 04:40:27,0,file:///Volumes/Seagate%20Thunderbolt%20Drive/Music/The%20Coasters/Unknown%20Album/Charlie%20Brown%20(Radio%20Edit).mp3
46550,A Lover's Question (Radio Edit),Clyde McPhatter,,Classic 50's Music,2010-03-20 22:34:53,0,file:///Volumes/Seagate%20Thunderbolt%20Drive/Music/Clyde%20McPhatter/Unknown%20Album/A%20Lover's%20Question%20(Radio%20Edit).mp3
106648,"You, You, You (Radio Edit)",The Ames Brothers,2010-03-18 07:59:04,Classic 50's Music,2014-08-26 01:59:59,0,"file:///Volumes/Seagate%20Thunderbolt%20Drive/Music/The%20Ames%20Brothers/Unknown%20Album/You,%20You,%20You%20(Radio%20Edit).mp3"
37316,Chantilly Lace (Radio Edit),Big Bopper,,Classic 50's Music,2010-04-03 10:41:44,0,file:///Volumes/Seagate%20Thunderbolt%20Drive/Music/Big%20Bopper/Unknown%20Album/Chantilly%20Lace%20(Radio%20Edit).mp3
38468,The Old Man (Gee I Wish I Was Back In The Army) (Radio Edit),Bing Crosby & Danny Kaye,,Classic 50's Music,2010-03-22 23:37:08,0,file:///Volumes/Seagate%20Thunderbolt%20Drive/Music/Bing%20Crosby%20&%20Danny%20Kaye/Unknown%20Album/The%20Old%20Man%20(Gee%20I%20Wish%20I%20Was%20Back%20In%20The%20Army)%20(Radio%20Edit).mp3
38472,Play A Simple Melody (Radio Edit),Bing Crosby & Gary Crosby,,Classic 50's Music,2010-03-26 03:11:19,0,file:///Volumes/Seagate%20Thunderbolt%20Drive/Music/Bing%20Crosby%20&%20Gary%20Crosby/Unknown%20Album/Play%20A%20Simple%20Melody%20(Radio%20Edit).mp3
38474,Sam's Song (Radio Edit),Bing Crosby & Gary Crosby,,Classic 50's Music,2010-03-23 01:57:03,0,file:///Volumes/Seagate%20Thunderbolt%20Drive/Music/Bing%20Crosby%20&%20Gary%20Crosby/Unknown%20Album/Sam's%20Song%20(Radio%20Edit).mp3
40206,Dream Lover (Radio Edit),Bobby Darin,,Classic 50's Music,2010-03-23 19:39:46,0,file:///Volumes/Seagate%20Thunderbolt%20Drive/Music/Bobby%20Darin/Unknown%20Album/Dream%20Lover%20(Radio%20Edit).mp3
40208,Splish Splash (Radio Edit),Bobby Darin,,Classic 50's Music,2010-03-14 01:20:54,0,file:///Volumes/Seagate%20Thunderbolt%20Drive/Music/Bobby%20Darin/Unknown%20Album/Splish%20Splash%20(Radio%20Edit).mp3
40210,Do You Wanna Dance (Radio Edit),Bobby Freeman,,Classic 50's Music,2010-04-12 18:05:58,0,file:///Volumes/Seagate%20Thunderbolt%20Drive/Music/Bobby%20Freeman/Unknown%20Album/Do%20You%20Wanna%20Dance%20(Radio%20Edit).mp3
40228,Volare (Radio Edit),Bobby Rydell,,Classic 50's Music,2010-03-25 17:24:38,0,file:///Volumes/Seagate%20Thunderbolt%20Drive/Music/Bobby%20Rydell/Unknown%20Album/Volare%20(Radio%20Edit).mp3
40344,Devil Or Angel (Radio Edit),Bobby Vee,,Classic 50's Music,2010-04-03 15:42:46,0,file:///Volumes/Seagate%20Thunderbolt%20Drive/Music/Bobby%20Vee/Unknown%20Album/Devil%20Or%20Angel%20(Radio%20Edit).mp3
42310,That'll Be The Day (Radio Edit),Buddy Holly & The Crickets,,Classic 50's Music,2010-03-15 04:22:58,0,file:///Volumes/Seagate%20Thunderbolt%20Drive/Music/Buddy%20Holly%20&%20The%20Crickets/Unknown%20Album/That'll%20Be%20The%20Day%20(Radio%20Edit).mp3
42312,Party Doll (Radio Edit),Buddy Knox,,Classic 50's Music,2010-04-12 10:20:25,0,file:///Volumes/Seagate%20Thunderbolt%20Drive/Music/Buddy%20Knox/Unknown%20Album/Party%20Doll%20(Radio%20Edit).mp3
107794,Tequila (Radio Edit),The Champs,,Classic 50's Music,2010-03-15 15:56:54,0,file:///Volumes/Seagate%20Thunderbolt%20Drive/Music/The%20Champs/Unknown%20Album/Tequila%20(Radio%20Edit).mp3
107796,Maybe (Radio Edit),The Chantels,,Classic 50's Music,2010-04-01 06:13:30,1,file:///Volumes/Seagate%20Thunderbolt%20Drive/Music/The%20Chantels/Unknown%20Album/Maybe%20(Radio%20Edit).mp3
107828,Lollipop (Radio Edit),The Chordettes,,Classic 50's Music,2010-03-31 08:18:57,0,file:///Volumes/Seagate%20Thunderbolt%20Drive/Music/The%20Chordettes/Unknown%20Album/Lollipop%20(Radio%20Edit).mp3
107830,Sh-Boom (Radio Edit),The Chords,,Classic 50's Music,2010-04-01 23:12:43,0,file:///Volumes/Seagate%20Thunderbolt%20Drive/Music/The%20Chords/Unknown%20Album/Sh-Boom%20(Radio%20Edit).mp3
46042,Johnny B. Goode (Radio Edit),Chuck Berry,,Classic 50's Music,2010-03-23 04:09:35,0,file:///Volumes/Seagate%20Thunderbolt%20Drive/Music/Chuck%20Berry/Unknown%20Album/Johnny%20B.%20Goode%20(Radio%20Edit).mp3
55846,Wish You Were Here (Radio Edit),Eddie Fisher,,Classic 50's Music,2010-04-07 13:52:33,0,file:///Volumes/Seagate%20Thunderbolt%20Drive/Music/Eddie%20Fisher/Unknown%20Album/Wish%20You%20Were%20Here%20(Radio%20Edit).mp3
110874,On Top Of Old Smoky (Radio Edit),The Weavers,,Classic 50's Music,2010-03-16 07:34:43,0,file:///Volumes/Seagate%20Thunderbolt%20Drive/Music/The%20Weavers/Unknown%20Album/On%20Top%20Of%20Old%20Smoky%20(Radio%20Edit).mp3
108370,Little Star (Radio Edit),The Elegants,,Classic 50's Music,2010-03-24 13:14:33,0,file:///Volumes/Seagate%20Thunderbolt%20Drive/Music/The%20Elegants/Unknown%20Album/Little%20Star%20(Radio%20Edit).mp3
56624,"Baby, Let's Play House (Radio Edit)",Elvis Presley,,2010-03-26 09:50:18,2014-08-26 01:59:59,0,"file:///Volumes/Seagate%20Thunderbolt%20Drive/Music/Elvis%20Presley/Unknown%20Album/Baby,%20Let's%20Play%20House%20(Radio%20Edit).mp3"
108418,All I Have To Do Is Dream (Radio Edit),The Everly Brothers,,Classic 50's Music,2010-03-24 07:14:52,0,file:///Volumes/Seagate%20Thunderbolt%20Drive/Music/The%20Everly%20Brothers/Unknown%20Album/All%20I%20Have%20To%20Do%20Is%20Dream%20(Radio%20Edit).mp3
108426,Wake Up Little Susie (Radio Edit),The Everly Brothers,,Classic 50's Music,2010-04-04 19:34:44,0,file:///Volumes/Seagate%20Thunderbolt%20Drive/Music/The%20Everly%20Brothers/Unknown%20Album/Wake%20Up%20Little%20Susie%20(Radio%20Edit).mp3
59744,I'm Walkin' (Radio Edit),Fats Domino,,Classic 50's Music,2010-03-28 00:23:16,0,file:///Volumes/Seagate%20Thunderbolt%20Drive/Music/Fats%20Domino/Unknown%20Album/I'm%20Walkin'%20(Radio%20Edit).mp3
108578,So Fine (Radio Edit),The Fiestas,,Classic 50's Music,2010-03-14 03:54:12,0,file:///Volumes/Seagate%20Thunderbolt%20Drive/Music/The%20Fiestas/Unknown%20Album/So%20Fine%20(Radio%20Edit).mp3
108664,In The Still Of The Night (Radio Edit),The Five Satins,,Classic 50's Music,2010-03-27 16:41:06,0,file:///Volumes/Seagate%20Thunderbolt%20Drive/Music/The%20Five%20Satins/Unknown%20Album/In%20The%20Still%20Of%20The%20Night%20(Radio%20Edit).mp3
108670,I Only Have Eyes For You (Radio Edit),The Flamingos,,Classic 50's Music,2010-03-28 13:47:14,0,file:///Volumes/Seagate%20Thunderbolt%20Drive/Music/The%20Flamingos/Unknown%20Album/I%20Only%20Have%20Eyes%20For%20You%20(Radio%20Edit).mp3
108674,Come Softly To Me (Radio Edit),The Fleetwoods,,Classic 50's Music,2010-03-18 15:47:49,0,file:///Volumes/Seagate%20Thunderbolt%20Drive/Music/The%20Fleetwoods/Unknown%20Album/Come%20Softly%20To%20Me%20(Radio%20Edit).mp3
56740,Wear My Ring Around Your Neck (Radio Edit),Elvis Presley,,Classic 50's Music,2010-03-26 20:13:54,0,file:///Volumes/Seagate%20Thunderbolt%20Drive/Music/Elvis%20Presley/Unknown%20Album/Wear%20My%20Ring%20Around%20Your%20Neck%20(Radio%20Edit).mp3
108676,Mr. Blue (Radio Edit),The Fleetwoods,,Classic 50's Music,2010-03-15 15:29:25,0,file:///Volumes/Seagate%20Thunderbolt%20Drive/Music/The%20Fleetwoods/Unknown%20Album/Mr.%20Blue%20(Radio%20Edit).mp3
60694,Bobby Sox To Stockings (Radio Edit),Frankie Avalon,,Classic 50's Music,2010-04-04 15:02:15,0,file:///Volumes/Seagate%20Thunderbolt%20Drive/Music/Frankie%20Avalon/Unknown%20Album/Bobby%20Sox%20To%20Stockings%20(Radio%20Edit).mp3
60700,Venus (Radio Edit),Frankie Avalon,,Classic 50's Music,2010-03-30 23:22:47,0,file:///Volumes/Seagate%20Thunderbolt%20Drive/Music/Frankie%20Avalon/Unknown%20Album/Venus%20(Radio%20Edit).mp3
60740,I Believe (Radio Edit),Frankie Laine,,Classic 50's Music,2010-03-19 19:16:56,0,file:///Volumes/Seagate%20Thunderbolt%20Drive/Music/Frankie%20Laine/Unknown%20Album/I%20Believe%20(Radio%20Edit).mp3
60744,Why Do Fools Fall In Love (Radio Edit),Frankie Lymon & The Teenagers,,Classic 50's Music,2010-03-27 20:10:03,0,file:///Volumes/Seagate%20Thunderbolt%20Drive/Music/Frankie%20Lymon%20&%20The%20Teenagers/Unknown%20Album/Why%20Do%20Fools%20Fall%20In%20Love%20(Radio%20Edit).mp3
62478,Be-Bop-A-Lula (Radio Edit),Gene Vincent,,Classic 50's Music,2010-03-19 19:01:01,0,file:///Volumes/Seagate%20Thunderbolt%20Drive/Music/Gene%20Vincent/Unknown%20Album/Be-Bop-A-Lula%20(Radio%20Edit).mp3
62710,If I Knew You Were Comin' I'd Have Baked A Cake (Radio Edit),Georgia Gibbs,,Classic 50's Music,2010-03-19 19:16:58,0,file:///Volumes/Seagate%20Thunderbolt%20Drive/Music/Georgia%20Gibbs/Unknown%20Album/If%20I%20Knew%20You%20Were%20Comin'%20I'd%20Have%20Baked%20A%20Cake%20(Radio%20Edit).mp3
62712,Kiss Of Fire (Radio Edit),Georgia Gibbs,,Classic 50's Music,2010-04-08 20:18:57,0,file:///Volumes/Seagate%20Thunderbolt%20Drive/Music/Georgia%20Gibbs/Unknown%20Album/Kiss%20Of%20Fire%20(Radio%20Edit).mp3
60638,Chicago (Radio Edit),Frank Sinatra,,Classic 50's Music,2010-03-25 10:41:51,0,file:///Volumes/Seagate%20Thunderbolt%20Drive/Music/Frank%20Sinatra/Unknown%20Album/Chicago%20(Radio%20Edit).mp3
56736,Trouble (Radio Edit),Elvis Presley,,Classic 50's Music,2010-03-26 19:44:41,0,file:///Volumes/Seagate%20Thunderbolt%20Drive/Music/Elvis%20Presley/Unknown%20Album/Trouble%20(Radio%20Edit).mp3
56602,(There'll Be) Peace In The Valley (For Me) (Radio Edit),Elvis Presley,,Classic 50's Music,2010-04-08 23:23:05,0,file:///Volumes/Seagate%20Thunderbolt%20Drive/Music/Elvis%20Presley/Unknown%20Album/(There'll%20Be)%20Peace%20In%20The%20Valley%20(For%20Me)%20(Radio%20Edit).mp3
56728,That's All Right (Radio Edit),Elvis Presley,,Classic 50's Music,2010-04-11 03:32:51,0,file:///Volumes/Seagate%20Thunderbolt%20Drive/Music/Elvis%20Presley/Unknown%20Album/That's%20All%20Right%20(Radio%20Edit).mp3
56608,A Big Hunk O' Love (Radio Edit),Elvis Presley,,Classic 50's Music,2010-04-03 19:26:48,0,file:///Volumes/Seagate%20Thunderbolt%20Drive/Music/Elvis%20Presley/Unknown%20Album/A%20Big%20Hunk%20O'%20Love%20(Radio%20Edit).mp3
56630,Blue Suede Shoes (Radio Edit),Elvis Presley,,Classic 50's Music,2010-04-11 18:52:20,0,file:///Volumes/Seagate%20Thunderbolt%20Drive/Music/Elvis%20Presley/Unknown%20Album/Blue%20Suede%20Shoes%20(Radio%20Edit).mp3
56638,Don't Be Cruel (Radio Edit),Elvis Presley,,Classic 50's Music,2010-04-01 13:21:24,0,file:///Volumes/Seagate%20Thunderbolt%20Drive/Music/Elvis%20Presley/Unknown%20Album/Don't%20Be%20Cruel%20(Radio%20Edit).mp3
56642,Doncha' Think It's Time (Radio Edit),Elvis Presley,,Classic 50's Music,2010-04-12 08:44:57,0,file:///Volumes/Seagate%20Thunderbolt%20Drive/Music/Elvis%20Presley/Unknown%20Album/Doncha'%20Think%20It's%20Time%20(Radio%20Edit).mp3
56610,A Fool Such As I (Radio Edit),Elvis Presley,,Classic 50's Music,2010-04-04 11:15:33,0,file:///Volumes/Seagate%20Thunderbolt%20Drive/Music/Elvis%20Presley/Unknown%20Album/A%20Fool%20Such%20As%20I%20(Radio%20Edit).mp3
56648,Heartbreak Hotel (Radio Edit),Elvis Presley,,Classic 50's Music,2010-04-10 00:37:50,0,file:///Volumes/Seagate%20Thunderbolt%20Drive/Music/Elvis%20Presley/Unknown%20Album/Heartbreak%20Hotel%20(Radio%20Edit).mp3
56652,Hound Dog (Radio Edit),Elvis Presley,,Classic 50's Music,2010-03-30 12:43:46,0,file:///Volumes/Seagate%20Thunderbolt%20Drive/Music/Elvis%20Presley/Unknown%20Album/Hound%20Dog%20(Radio%20Edit).mp3
56658,I Got Stung (Radio Edit),Elvis Presley,,Classic 50's Music,2010-04-09 10:10:24,0,file:///Volumes/Seagate%20Thunderbolt%20Drive/Music/Elvis%20Presley/Unknown%20Album/I%20Got%20Stung%20(Radio%20Edit).mp3
56662,I Need Your Love Tonight (Radio Edit),Elvis Presley,,Classic 50's Music,2010-03-25 02:55:34,0,file:///Volumes/Seagate%20Thunderbolt%20Drive/Music/Elvis%20Presley/Unknown%20Album/I%20Need%20Your%20Love%20Tonight%20(Radio%20Edit).mp3
56664,"I Want You, I Need You, I Love You (Radio Edit)",Elvis Presley,2010-04-02 20:58:20,Classic 50's Music,2014-08-26 01:59:59,0,"file:///Volumes/Seagate%20Thunderbolt%20Drive/Music/Elvis%20Presley/Unknown%20Album/I%20Want%20You,%20I%20Need%20You,%20I%20Love%20You%20(Radio%20Edit).mp3"
56666,I Was The One (Radio Edit),Elvis Presley,,Classic 50's Music,2010-04-09 22:20:19,0,file:///Volumes/Seagate%20Thunderbolt%20Drive/Music/Elvis%20Presley/Unknown%20Album/I%20Was%20The%20One%20(Radio%20Edit).mp3
56670,I'm Counting On You (Radio Edit),Elvis Presley,,Classic 50's Music,2010-04-12 10:46:35,0,file:///Volumes/Seagate%20Thunderbolt%20Drive/Music/Elvis%20Presley/Unknown%20Album/I'm%20Counting%20On%20You%20(Radio%20Edit).mp3
56684,Jailhouse Rock (Radio Edit),Elvis Presley,,Classic 50's Music,2010-04-08 05:06:02,0,file:///Volumes/Seagate%20Thunderbolt%20Drive/Music/Elvis%20Presley/Unknown%20Album/Jailhouse%20Rock%20(Radio%20Edit).mp3
56692,Love Me Tender (Radio Edit),Elvis Presley,,Classic 50's Music,2010-03-30 19:47:12,0,file:///Volumes/Seagate%20Thunderbolt%20Drive/Music/Elvis%20Presley/Unknown%20Album/Love%20Me%20Tender%20(Radio%20Edit).mp3
56698,My Baby Left Me (Radio Edit),Elvis Presley,,Classic 50's Music,2010-03-28 05:11:43,0,file:///Volumes/Seagate%20Thunderbolt%20Drive/Music/Elvis%20Presley/Unknown%20Album/My%20Baby%20Left%20Me%20(Radio%20Edit).mp3
56702,Mystery Train (Radio Edit),Elvis Presley,,Classic 50's Music,2010-04-12 01:24:18,0,file:///Volumes/Seagate%20Thunderbolt%20Drive/Music/Elvis%20Presley/Unknown%20Album/Mystery%20Train%20(Radio%20Edit).mp3
56718,"Shake, Rattle & Roll (Radio Edit)",Elvis Presley,,2010-03-19 15:54:42,2014-08-26 01:59:59,0,"file:///Volumes/Seagate%20Thunderbolt%20Drive/Music/Elvis%20Presley/Unknown%20Album/Shake,%20Rattle%20&%20Roll%20(Radio%20Edit).mp3"
56614,All Shook Up (Radio Edit),Elvis Presley,,Classic 50's Music,2010-03-18 18:00:03,0,file:///Volumes/Seagate%20Thunderbolt%20Drive/Music/Elvis%20Presley/Unknown%20Album/All%20Shook%20Up%20(Radio%20Edit).mp3
111244,Church Bells May Ring (Radio Edit),The Willows,,Classic 50's Music,2010-04-04 18:09:36,0,file:///Volumes/Seagate%20Thunderbolt%20Drive/Music/The%20Willows/Unknown%20Album/Church%20Bells%20May%20Ring%20(Radio%20Edit).mp3