Track ID,Name,Artist,Album,Genre,2015-03-29 12:22:17,Play Count,Location
116058,Pasilda,Afro Medusa,100 Classic Mega Summer Hits,100 Classic Mega Summer Hits,2015-03-21 10:10:17,0,file:///Volumes/Seagate%20Thunderbolt%20Drive/Music/Various%20Artiist/100%20Classic%20Mega%20Summer%20Hits/4-11%20Pasilda.mp3
115974,Vamos A La Playa,Righeira,100 Classic Mega Summer Hits,100 Classic Mega Summer Hits,2015-03-29 16:13:29,0,file:///Volumes/Seagate%20Thunderbolt%20Drive/Music/Various%20Artiist/100%20Classic%20Mega%20Summer%20Hits/2-09%20Vamos%20A%20La%20Playa.mp3
115992,Born Again,Ricky l ft MCK,100 Classic Mega Summer Hits,100 Classic Mega Summer Hits,2015-03-22 22:45:21,0,file:///Volumes/Seagate%20Thunderbolt%20Drive/Music/Various%20Artiist/100%20Classic%20Mega%20Summer%20Hits/2-18%20Born%20Again.mp3
116024,Heaven,Quintino,100 Classic Mega Summer Hits,100 Classic Mega Summer Hits,2015-03-25 07:58:07,0,file:///Volumes/Seagate%20Thunderbolt%20Drive/Music/Various%20Artiist/100%20Classic%20Mega%20Summer%20Hits/3-14%20Heaven.mp3
116082,Corazon Sin Cara,Prince Royce,100 Classic Mega Summer Hits,100 Classic Mega Summer Hits,2015-03-18 06:30:41,0,file:///Volumes/Seagate%20Thunderbolt%20Drive/Music/Various%20Artiist/100%20Classic%20Mega%20Summer%20Hits/5-03%20Corazon%20Sin%20Cara.mp3
116034,Aliens,Pretty Boys From Saint Tropez,100 Classic Mega Summer Hits,100 Classic Mega Summer Hits,2015-04-09 10:24:27,0,file:///Volumes/Seagate%20Thunderbolt%20Drive/Music/Various%20Artiist/100%20Classic%20Mega%20Summer%20Hits/3-19%20Aliens.mp3
115990,The Summer Is Magic,Playahitty,100 Classic Mega Summer Hits,100 Classic Mega Summer Hits,2015-04-02 22:38:48,0,file:///Volumes/Seagate%20Thunderbolt%20Drive/Music/Various%20Artiist/100%20Classic%20Mega%20Summer%20Hits/2-17%20The%20Summer%20Is%20Magic.mp3
115994,I Know You Want Me,Pitbull,100 Classic Mega Summer Hits,100 Classic Mega Summer Hits,2015-03-27 01:12:45,0,file:///Volumes/Seagate%20Thunderbolt%20Drive/Music/Various%20Artiist/100%20Classic%20Mega%20Summer%20Hits/2-19%20I%20Know%20You%20Want%20Me.mp3
115946,Sky And Sand,Paul Kalkbrenner,100 Classic Mega Summer Hits,100 Classic Mega Summer Hits,2015-03-22 02:27:21,0,file:///Volumes/Seagate%20Thunderbolt%20Drive/Music/Various%20Artiist/100%20Classic%20Mega%20Summer%20Hits/1-15%20Sky%20And%20Sand.mp3
116102,Dance The Way I Feel,Ou Est Le Swimming Pool ft Armin van Helden,100 Classic Mega Summer Hits,100 Classic Mega Summer Hits,2015-03-16 21:05:55,0,file:///Volumes/Seagate%20Thunderbolt%20Drive/Music/Various%20Artiist/100%20Classic%20Mega%20Summer%20Hits/5-13%20Dance%20The%20Way%20I%20Feel.mp3
115978,Im Ninâ€™ Alu,Ofra Haza,100 Classic Mega Summer Hits,100 Classic Mega Summer Hits,2015-03-29 09:39:17,0,file:///Volumes/Seagate%20Thunderbolt%20Drive/Music/Various%20Artiist/100%20Classic%20Mega%20Summer%20Hits/2-11%20Im%20Nin_%20Alu.mp3
116088,Cada Vez,Negrocan,100 Classic Mega Summer Hits,100 Classic Mega Summer Hits,2015-03-23 17:00:27,0,file:///Volumes/Seagate%20Thunderbolt%20Drive/Music/Various%20Artiist/100%20Classic%20Mega%20Summer%20Hits/5-06%20Cada%20Vez.mp3
116018,Ritmo de La Noche (Alberto Hauss Radio Version),Mystic,100 Classic Mega Summer Hits,100 Classic Mega Summer Hits,2015-03-21 22:05:07,0,file:///Volumes/Seagate%20Thunderbolt%20Drive/Music/Various%20Artiist/100%20Classic%20Mega%20Summer%20Hits/3-11%20Ritmo%20de%20La%20Noche%20(Alberto%20Hauss%20Radio%20Version).mp3
116006,In The Summertime,Mungo Jerry,100 Classic Mega Summer Hits,100 Classic Mega Summer Hits,2015-03-15 05:13:33,0,file:///Volumes/Seagate%20Thunderbolt%20Drive/Music/Various%20Artiist/100%20Classic%20Mega%20Summer%20Hits/3-05%20In%20The%20Summertime.mp3
115928,Ne Na Na Na,Milk & Sugar vs Vaya Con Dios,100 Classic Mega Summer Hits,100 Classic Mega Summer Hits,2015-03-25 15:26:11,0,file:///Volumes/Seagate%20Thunderbolt%20Drive/Music/Various%20Artiist/100%20Classic%20Mega%20Summer%20Hits/1-06%20Ne%20Na%20Na%20Na.mp3
116036,Let The Sun Shine 2010,Milk & Sugar & Gary Nesta Pine,100 Classic Mega Summer Hits,100 Classic Mega Summer Hits,2015-03-24 09:29:24,0,file:///Volumes/Seagate%20Thunderbolt%20Drive/Music/Various%20Artiist/100%20Classic%20Mega%20Summer%20Hits/3-20%20Let%20The%20Sun%20Shine%202010.mp3
115948,La Mezcla,Michel,100 Classic Mega Summer Hits,100 Classic Mega Summer Hits,2015-03-25 23:52:09,0,file:///Volumes/Seagate%20Thunderbolt%20Drive/Music/Various%20Artiist/100%20Classic%20Mega%20Summer%20Hits/1-16%20La%20Mezcla.mp3
115926,Hello,Martin Solveig ft Dragonette,100 Classic Mega Summer Hits,100 Classic Mega Summer Hits,2015-03-30 03:28:04,0,file:///Volumes/Seagate%20Thunderbolt%20Drive/Music/Various%20Artiist/100%20Classic%20Mega%20Summer%20Hits/1-05%20Hello.mp3
116008,We Are Growing,Margaret Singana,100 Classic Mega Summer Hits,100 Classic Mega Summer Hits,2015-03-24 04:46:57,0,file:///Volumes/Seagate%20Thunderbolt%20Drive/Music/Various%20Artiist/100%20Classic%20Mega%20Summer%20Hits/3-06%20We%20Are%20Growing.mp3
116044,Marabi,Mafikizolo,100 Classic Mega Summer Hits,100 Classic Mega Summer Hits,2015-04-01 10:31:49,0,file:///Volumes/Seagate%20Thunderbolt%20Drive/Music/Various%20Artiist/100%20Classic%20Mega%20Summer%20Hits/4-04%20Marabi.mp3
116010,Como Volver A Ser Feliz,Luis Enrique,100 Classic Mega Summer Hits,100 Classic Mega Summer Hits,2015-03-21 06:28:24,0,file:///Volumes/Seagate%20Thunderbolt%20Drive/Music/Various%20Artiist/100%20Classic%20Mega%20Summer%20Hits/3-07%20Como%20Volver%20A%20Ser%20Feliz.mp3
115964,Yo No Se Manana,Luis Enrique,100 Classic Mega Summer Hits,100 Classic Mega Summer Hits,2015-04-05 08:27:22,0,file:///Volumes/Seagate%20Thunderbolt%20Drive/Music/Various%20Artiist/100%20Classic%20Mega%20Summer%20Hits/2-04%20Yo%20No%20Se%20Manana.mp3
115940,Hot Girl,Rio,100 Classic Mega Summer Hits,100 Classic Mega Summer Hits,2015-03-20 18:26:32,0,file:///Volumes/Seagate%20Thunderbolt%20Drive/Music/Various%20Artiist/100%20Classic%20Mega%20Summer%20Hits/1-12%20Hot%20Girl.mp3
116040,Bamboleo,Los Reyes,100 Classic Mega Summer Hits,100 Classic Mega Summer Hits,2015-03-12 22:58:34,0,file:///Volumes/Seagate%20Thunderbolt%20Drive/Music/Various%20Artiist/100%20Classic%20Mega%20Summer%20Hits/4-02%20Bamboleo.mp3
115976,One Heart,Rio,100 Classic Mega Summer Hits,100 Classic Mega Summer Hits,2015-03-12 07:40:48,0,file:///Volumes/Seagate%20Thunderbolt%20Drive/Music/Various%20Artiist/100%20Classic%20Mega%20Summer%20Hits/2-10%20One%20Heart.mp3
115980,Boys Boys Boys,Sabrina,100 Classic Mega Summer Hits,100 Classic Mega Summer Hits,2015-03-30 18:20:11,0,file:///Volumes/Seagate%20Thunderbolt%20Drive/Music/Various%20Artiist/100%20Classic%20Mega%20Summer%20Hits/2-12%20Boys%20Boys%20Boys.mp3
116110,Brighter Day,Yanou,100 Classic Mega Summer Hits,100 Classic Mega Summer Hits,2015-03-15 19:48:00,0,file:///Volumes/Seagate%20Thunderbolt%20Drive/Music/Various%20Artiist/100%20Classic%20Mega%20Summer%20Hits/5-17%20Brighter%20Day.mp3
116022,Saturday Night,Whigfield,100 Classic Mega Summer Hits,100 Classic Mega Summer Hits,2015-04-02 10:21:43,0,file:///Volumes/Seagate%20Thunderbolt%20Drive/Music/Various%20Artiist/100%20Classic%20Mega%20Summer%20Hits/3-13%20Saturday%20Night.mp3
116054,Wicked Way,Waylon,100 Classic Mega Summer Hits,100 Classic Mega Summer Hits,2015-04-08 11:10:31,0,file:///Volumes/Seagate%20Thunderbolt%20Drive/Music/Various%20Artiist/100%20Classic%20Mega%20Summer%20Hits/4-09%20Wicked%20Way.mp3
116050,She Doesn't Know,Valerius,100 Classic Mega Summer Hits,100 Classic Mega Summer Hits,2015-04-03 15:41:08,0,file:///Volumes/Seagate%20Thunderbolt%20Drive/Music/Various%20Artiist/100%20Classic%20Mega%20Summer%20Hits/4-07%20She%20Doesn't%20Know.mp3
115930,Summerjam 2003,The Underdog Project,100 Classic Mega Summer Hits,100 Classic Mega Summer Hits,2015-03-16 00:33:23,0,file:///Volumes/Seagate%20Thunderbolt%20Drive/Music/Various%20Artiist/100%20Classic%20Mega%20Summer%20Hits/1-07%20Summerjam%202003.mp3
116042,Red Red Wine,UB40,100 Classic Mega Summer Hits,100 Classic Mega Summer Hits,2015-04-07 03:10:33,0,file:///Volumes/Seagate%20Thunderbolt%20Drive/Music/Various%20Artiist/100%20Classic%20Mega%20Summer%20Hits/4-03%20Red%20Red%20Wine.mp3
115984,You Ain't Seen Nothing Yet,Tony Junior & Nicolas Nox,100 Classic Mega Summer Hits,100 Classic Mega Summer Hits,2015-03-31 18:26:28,0,file:///Volumes/Seagate%20Thunderbolt%20Drive/Music/Various%20Artiist/100%20Classic%20Mega%20Summer%20Hits/2-14%20You%20Ain't%20Seen%20Nothing%20Yet.mp3
116080,Kalimba De Luna,Tony Esposito,100 Classic Mega Summer Hits,100 Classic Mega Summer Hits,2015-03-30 23:00:09,0,file:///Volumes/Seagate%20Thunderbolt%20Drive/Music/Various%20Artiist/100%20Classic%20Mega%20Summer%20Hits/5-02%20Kalimba%20De%20Luna.mp3
116004,Papa Chico,Tony Esposito,100 Classic Mega Summer Hits,100 Classic Mega Summer Hits,2015-03-12 03:21:15,0,file:///Volumes/Seagate%20Thunderbolt%20Drive/Music/Various%20Artiist/100%20Classic%20Mega%20Summer%20Hits/3-04%20Papa%20Chico.mp3
116046,Now That We Found Love,Third World,100 Classic Mega Summer Hits,100 Classic Mega Summer Hits,2015-04-07 10:29:58,0,file:///Volumes/Seagate%20Thunderbolt%20Drive/Music/Various%20Artiist/100%20Classic%20Mega%20Summer%20Hits/4-05%20Now%20That%20We%20Found%20Love.mp3
116084,Windsurfin',The Surfers,100 Classic Mega Summer Hits,100 Classic Mega Summer Hits,2015-03-17 23:34:19,0,file:///Volumes/Seagate%20Thunderbolt%20Drive/Music/Various%20Artiist/100%20Classic%20Mega%20Summer%20Hits/5-04%20Windsurfin'.mp3
116002,I'll Be Ready,Sunblock,100 Classic Mega Summer Hits,100 Classic Mega Summer Hits,2015-03-12 17:04:33,0,file:///Volumes/Seagate%20Thunderbolt%20Drive/Music/Various%20Artiist/100%20Classic%20Mega%20Summer%20Hits/3-03%20I'll%20Be%20Ready.mp3
115954,Dirty Cash,Stevie V,100 Classic Mega Summer Hits,100 Classic Mega Summer Hits,2015-03-31 21:44:24,0,file:///Volumes/Seagate%20Thunderbolt%20Drive/Music/Various%20Artiist/100%20Classic%20Mega%20Summer%20Hits/1-19%20Dirty%20Cash.mp3
116090,Mamboleo,Sonny's Inc,100 Classic Mega Summer Hits,100 Classic Mega Summer Hits,2015-03-15 06:56:15,0,file:///Volumes/Seagate%20Thunderbolt%20Drive/Music/Various%20Artiist/100%20Classic%20Mega%20Summer%20Hits/5-07%20Mamboleo.mp3
116092,The Soca Gang,The Soca Boys,100 Classic Mega Summer Hits,100 Classic Mega Summer Hits,2015-04-07 06:30:23,0,file:///Volumes/Seagate%20Thunderbolt%20Drive/Music/Various%20Artiist/100%20Classic%20Mega%20Summer%20Hits/5-08%20The%20Soca%20Gang.mp3
115986,Follow The Leader,The Soca Boys,100 Classic Mega Summer Hits,100 Classic Mega Summer Hits,2015-04-04 16:45:38,0,file:///Volumes/Seagate%20Thunderbolt%20Drive/Music/Various%20Artiist/100%20Classic%20Mega%20Summer%20Hits/2-15%20Follow%20The%20Leader.mp3
116074,The Power,Snap,100 Classic Mega Summer Hits,100 Classic Mega Summer Hits,2015-03-25 17:48:03,0,file:///Volumes/Seagate%20Thunderbolt%20Drive/Music/Various%20Artiist/100%20Classic%20Mega%20Summer%20Hits/4-19%20The%20Power.mp3
115952,Rhythm Is A Dancer,SNAP,100 Classic Mega Summer Hits,100 Classic Mega Summer Hits,2015-03-28 04:52:29,0,file:///Volumes/Seagate%20Thunderbolt%20Drive/Music/Various%20Artiist/100%20Classic%20Mega%20Summer%20Hits/1-18%20Rhythm%20Is%20A%20Dancer.mp3
115958,Sunrise,Simply Red,100 Classic Mega Summer Hits,100 Classic Mega Summer Hits,2015-04-04 12:44:27,0,file:///Volumes/Seagate%20Thunderbolt%20Drive/Music/Various%20Artiist/100%20Classic%20Mega%20Summer%20Hits/2-01%20Sunrise.mp3
116078,In The Summertime,Shaggy ft Rayvon,100 Classic Mega Summer Hits,100 Classic Mega Summer Hits,2015-03-12 23:55:54,0,file:///Volumes/Seagate%20Thunderbolt%20Drive/Music/Various%20Artiist/100%20Classic%20Mega%20Summer%20Hits/5-01%20In%20The%20Summertime.mp3
116114,Back It Up,Santito vs Block & Crown,100 Classic Mega Summer Hits,100 Classic Mega Summer Hits,2015-03-22 16:08:01,0,file:///Volumes/Seagate%20Thunderbolt%20Drive/Music/Various%20Artiist/100%20Classic%20Mega%20Summer%20Hits/5-19%20Back%20It%20Up.mp3
116098,When The Sun Comes Down,Rio,100 Classic Mega Summer Hits,100 Classic Mega Summer Hits,2015-04-08 01:09:03,0,file:///Volumes/Seagate%20Thunderbolt%20Drive/Music/Various%20Artiist/100%20Classic%20Mega%20Summer%20Hits/5-11%20When%20The%20Sun%20Comes%20Down.mp3
115968,La Bamba,Los Lobos,100 Classic Mega Summer Hits,100 Classic Mega Summer Hits,2015-03-31 10:17:05,0,file:///Volumes/Seagate%20Thunderbolt%20Drive/Music/Various%20Artiist/100%20Classic%20Mega%20Summer%20Hits/2-06%20La%20Bamba.mp3
116048,Bailando,Loona,100 Classic Mega Summer Hits,100 Classic Mega Summer Hits,2015-03-27 20:15:37,0,file:///Volumes/Seagate%20Thunderbolt%20Drive/Music/Various%20Artiist/100%20Classic%20Mega%20Summer%20Hits/4-06%20Bailando.mp3
116026,Vamos A La Playa,Loona,100 Classic Mega Summer Hits,100 Classic Mega Summer Hits,2015-03-23 07:17:35,0,file:///Volumes/Seagate%20Thunderbolt%20Drive/Music/Various%20Artiist/100%20Classic%20Mega%20Summer%20Hits/3-15%20Vamos%20A%20La%20Playa.mp3
115956,Boys Of Summer,DJ Sammy,100 Classic Mega Summer Hits,100 Classic Mega Summer Hits,2015-03-16 08:18:44,0,file:///Volumes/Seagate%20Thunderbolt%20Drive/Music/Various%20Artiist/100%20Classic%20Mega%20Summer%20Hits/1-20%20Boys%20Of%20Summer.mp3
116106,Rendez Vous,DJ Jose ft Stephen Pickup,100 Classic Mega Summer Hits,100 Classic Mega Summer Hits,2015-04-05 08:05:02,0,file:///Volumes/Seagate%20Thunderbolt%20Drive/Music/Various%20Artiist/100%20Classic%20Mega%20Summer%20Hits/5-15%20Rendez%20Vous.mp3
115920,Summertime - 6A/7A,DJ Jazzy Jeff & The Fresh Prince,100 Classic Mega Summer Hits,100 Classic Mega Summer Hits,2015-03-27 05:56:12,0,file:///Volumes/Seagate%20Thunderbolt%20Drive/Music/Various%20Artiist/100%20Classic%20Mega%20Summer%20Hits/1-02%20Summertime%20-%206A_7A.mp3
116062,Voyage Voyage - 1B/1A,Desireless,100 Classic Mega Summer Hits,100 Classic Mega Summer Hits,2015-04-03 23:04:26,0,file:///Volumes/Seagate%20Thunderbolt%20Drive/Music/Various%20Artiist/100%20Classic%20Mega%20Summer%20Hits/4-13%20Voyage%20Voyage%20-%201B_1A.mp3
116056,Carnaval De Paris,Dario G,100 Classic Mega Summer Hits,100 Classic Mega Summer Hits,2015-04-05 22:36:01,0,file:///Volumes/Seagate%20Thunderbolt%20Drive/Music/Various%20Artiist/100%20Classic%20Mega%20Summer%20Hits/4-10%20Carnaval%20De%20Paris.mp3
116060,Bubbly,Colbie Caillat,100 Classic Mega Summer Hits,100 Classic Mega Summer Hits,2015-03-17 15:53:07,0,file:///Volumes/Seagate%20Thunderbolt%20Drive/Music/Various%20Artiist/100%20Classic%20Mega%20Summer%20Hits/4-12%20Bubbly.mp3
116076,Catch A Fall - 1A/2A,Clokx,100 Classic Mega Summer Hits,100 Classic Mega Summer Hits,2015-03-24 16:39:02,0,file:///Volumes/Seagate%20Thunderbolt%20Drive/Music/Various%20Artiist/100%20Classic%20Mega%20Summer%20Hits/4-20%20Catch%20A%20Fall%20-%201A_2A.mp3
115970,On The Beach,Chris Rea,100 Classic Mega Summer Hits,100 Classic Mega Summer Hits,2015-04-06 13:15:46,0,file:///Volumes/Seagate%20Thunderbolt%20Drive/Music/Various%20Artiist/100%20Classic%20Mega%20Summer%20Hits/2-07%20On%20The%20Beach.mp3
116028,Lala Song - 5A/4A,Bob Sinclar ft Sugarhill Gang,100 Classic Mega Summer Hits,100 Classic Mega Summer Hits,2015-03-16 05:13:20,0,file:///Volumes/Seagate%20Thunderbolt%20Drive/Music/Various%20Artiist/100%20Classic%20Mega%20Summer%20Hits/3-16%20Lala%20Song%20-%205A_4A.mp3
115960,Sun Is Shining,Bob Marley & Funkstar Deluxe,100 Classic Mega Summer Hits,100 Classic Mega Summer Hits,2015-03-14 07:27:43,0,file:///Volumes/Seagate%20Thunderbolt%20Drive/Music/Various%20Artiist/100%20Classic%20Mega%20Summer%20Hits/2-02%20Sun%20Is%20Shining.mp3
116014,It Keeps'Rainin (Tears From My Eyes),Bitty Mclean,100 Classic Mega Summer Hits,100 Classic Mega Summer Hits,2015-03-30 12:35:01,0,file:///Volumes/Seagate%20Thunderbolt%20Drive/Music/Various%20Artiist/100%20Classic%20Mega%20Summer%20Hits/3-09%20It%20Keeps'Rainin%20(Tears%20From%20My%20Eyes).mp3
115988,Satisfaction,Benny Benassi,100 Classic Mega Summer Hits,100 Classic Mega Summer Hits,2015-04-02 16:25:11,0,file:///Volumes/Seagate%20Thunderbolt%20Drive/Music/Various%20Artiist/100%20Classic%20Mega%20Summer%20Hits/2-16%20Satisfaction.mp3
115936,Samba De Janeiro,Bellini,100 Classic Mega Summer Hits,100 Classic Mega Summer Hits,2015-04-09 01:52:43,0,file:///Volumes/Seagate%20Thunderbolt%20Drive/Music/Various%20Artiist/100%20Classic%20Mega%20Summer%20Hits/1-10%20Samba%20De%20Janeiro.mp3
116112,Stronger,Bassjackers ft Bizzey,100 Classic Mega Summer Hits,100 Classic Mega Summer Hits,2015-04-06 14:05:04,0,file:///Volumes/Seagate%20Thunderbolt%20Drive/Music/Various%20Artiist/100%20Classic%20Mega%20Summer%20Hits/5-18%20Stronger.mp3
115950,Paris Latino,Bandelero,100 Classic Mega Summer Hits,100 Classic Mega Summer Hits,2015-03-29 19:39:05,0,file:///Volumes/Seagate%20Thunderbolt%20Drive/Music/Various%20Artiist/100%20Classic%20Mega%20Summer%20Hits/1-17%20Paris%20Latino.mp3
115944,My Feelings For You,Avicii & Sebastien Drums,100 Classic Mega Summer Hits,100 Classic Mega Summer Hits,2015-03-30 05:35:41,0,file:///Volumes/Seagate%20Thunderbolt%20Drive/Music/Various%20Artiist/100%20Classic%20Mega%20Summer%20Hits/1-14%20My%20Feelings%20For%20You.mp3
115972,Shine,Aswad,100 Classic Mega Summer Hits,100 Classic Mega Summer Hits,2015-03-18 10:31:52,0,file:///Volumes/Seagate%20Thunderbolt%20Drive/Music/Various%20Artiist/100%20Classic%20Mega%20Summer%20Hits/2-08%20Shine.mp3
115998,Hot Hot Hot - 6A/7A,Arrow,100 Classic Mega Summer Hits,100 Classic Mega Summer Hits,2015-03-12 14:41:58,0,file:///Volumes/Seagate%20Thunderbolt%20Drive/Music/Various%20Artiist/100%20Classic%20Mega%20Summer%20Hits/3-01%20Hot%20Hot%20Hot%20-%206A_7A.mp3
116066,2 Times,Ann Lee,100 Classic Mega Summer Hits,100 Classic Mega Summer Hits,2015-03-23 19:11:29,0,file:///Volumes/Seagate%20Thunderbolt%20Drive/Music/Various%20Artiist/100%20Classic%20Mega%20Summer%20Hits/4-15%202%20Times.mp3
116072,I'm In Love,Alex Gaudino,100 Classic Mega Summer Hits,100 Classic Mega Summer Hits,2015-03-30 23:11:58,0,file:///Volumes/Seagate%20Thunderbolt%20Drive/Music/Various%20Artiist/100%20Classic%20Mega%20Summer%20Hits/4-18%20I'm%20In%20Love.mp3
116064,Kylie,Akcent,100 Classic Mega Summer Hits,100 Classic Mega Summer Hits,2015-03-12 02:08:54,0,file:///Volumes/Seagate%20Thunderbolt%20Drive/Music/Various%20Artiist/100%20Classic%20Mega%20Summer%20Hits/4-14%20Kylie.mp3
116108,Everything Changes - 5A/6B,Dominik De Leon vs Burhan G,100 Classic Mega Summer Hits,100 Classic Mega Summer Hits,2015-03-23 13:16:49,0,file:///Volumes/Seagate%20Thunderbolt%20Drive/Music/Various%20Artiist/100%20Classic%20Mega%20Summer%20Hits/5-16%20Everything%20Changes%20-%205A_6B.mp3
115938,Barbra Streisand,Duck sauce,100 Classic Mega Summer Hits,100 Classic Mega Summer Hits,2015-03-17 06:38:29,0,file:///Volumes/Seagate%20Thunderbolt%20Drive/Music/Various%20Artiist/100%20Classic%20Mega%20Summer%20Hits/1-11%20Barbra%20Streisand.mp3
115982,Stereo Love,Edward Maya ft Vika Jigulina,100 Classic Mega Summer Hits,100 Classic Mega Summer Hits,2015-03-18 03:37:12,0,file:///Volumes/Seagate%20Thunderbolt%20Drive/Music/Various%20Artiist/100%20Classic%20Mega%20Summer%20Hits/2-13%20Stereo%20Love.mp3
116116,Pjanoo,Eric Prydz,100 Classic Mega Summer Hits,100 Classic Mega Summer Hits,2015-04-06 05:35:36,0,file:///Volumes/Seagate%20Thunderbolt%20Drive/Music/Various%20Artiist/100%20Classic%20Mega%20Summer%20Hits/5-20%20Pjanoo.mp3
116030,Zomer Op Je Radio,Leona,100 Classic Mega Summer Hits,100 Classic Mega Summer Hits,2015-03-16 09:29:28,0,file:///Volumes/Seagate%20Thunderbolt%20Drive/Music/Various%20Artiist/100%20Classic%20Mega%20Summer%20Hits/3-17%20Zomer%20Op%20Je%20Radio.mp3
116032,Strong Together,Kidda,100 Classic Mega Summer Hits,100 Classic Mega Summer Hits,2015-03-21 14:51:49,0,file:///Volumes/Seagate%20Thunderbolt%20Drive/Music/Various%20Artiist/100%20Classic%20Mega%20Summer%20Hits/3-18%20Strong%20Together.mp3
116038,Walking On Sunshine,Katrina & The Waves,100 Classic Mega Summer Hits,100 Classic Mega Summer Hits,2015-03-22 09:54:05,0,file:///Volumes/Seagate%20Thunderbolt%20Drive/Music/Various%20Artiist/100%20Classic%20Mega%20Summer%20Hits/4-01%20Walking%20On%20Sunshine.mp3
116096,Voyage Voyage,Kate Ryan,100 Classic Mega Summer Hits,100 Classic Mega Summer Hits,2015-03-17 17:06:19,0,file:///Volumes/Seagate%20Thunderbolt%20Drive/Music/Various%20Artiist/100%20Classic%20Mega%20Summer%20Hits/5-10%20Voyage%20Voyage.mp3
115934,Ella Elle La,Kate Ryan,100 Classic Mega Summer Hits,100 Classic Mega Summer Hits,2015-03-29 17:22:52,0,file:///Volumes/Seagate%20Thunderbolt%20Drive/Music/Various%20Artiist/100%20Classic%20Mega%20Summer%20Hits/1-09%20Ella%20Elle%20La.mp3
116104,Mad World,Jodie Kean,100 Classic Mega Summer Hits,100 Classic Mega Summer Hits,2015-03-12 17:20:28,0,file:///Volumes/Seagate%20Thunderbolt%20Drive/Music/Various%20Artiist/100%20Classic%20Mega%20Summer%20Hits/5-14%20Mad%20World.mp3
115924,Reggae Night,Jimmy Cliff,100 Classic Mega Summer Hits,100 Classic Mega Summer Hits,2015-03-29 22:53:04,0,file:///Volumes/Seagate%20Thunderbolt%20Drive/Music/Various%20Artiist/100%20Classic%20Mega%20Summer%20Hits/1-04%20Reggae%20Night.mp3
116012,Sweat,Inner Circle,100 Classic Mega Summer Hits,100 Classic Mega Summer Hits,2015-03-12 21:01:32,0,file:///Volumes/Seagate%20Thunderbolt%20Drive/Music/Various%20Artiist/100%20Classic%20Mega%20Summer%20Hits/3-08%20Sweat.mp3
116094,Hot,Inna,100 Classic Mega Summer Hits,100 Classic Mega Summer Hits,2015-03-12 09:53:22,0,file:///Volumes/Seagate%20Thunderbolt%20Drive/Music/Various%20Artiist/100%20Classic%20Mega%20Summer%20Hits/5-09%20Hot.mp3
115942,Sun Is Up,Inna,100 Classic Mega Summer Hits,100 Classic Mega Summer Hits,2015-03-25 06:08:13,0,file:///Volumes/Seagate%20Thunderbolt%20Drive/Music/Various%20Artiist/100%20Classic%20Mega%20Summer%20Hits/1-13%20Sun%20Is%20Up.mp3
115932,We Speak No Americano,Yolanda Be Cool ft D Cup,100 Classic Mega Summer Hits,100 Classic Mega Summer Hits,2015-04-05 21:26:44,0,file:///Volumes/Seagate%20Thunderbolt%20Drive/Music/Various%20Artiist/100%20Classic%20Mega%20Summer%20Hits/1-08%20We%20Speak%20No%20Americano.mp3
116000,Don't You Worry 'Bout A Thing,Incognito,100 Classic Mega Summer Hits,100 Classic Mega Summer Hits,2015-03-25 03:13:44,0,file:///Volumes/Seagate%20Thunderbolt%20Drive/Music/Various%20Artiist/100%20Classic%20Mega%20Summer%20Hits/3-02%20Don't%20You%20Worry%20'Bout%20A%20Thing.mp3
116100,Hold You (Major Lazor Remix),Gyptian,100 Classic Mega Summer Hits,100 Classic Mega Summer Hits,2015-04-03 08:31:32,0,file:///Volumes/Seagate%20Thunderbolt%20Drive/Music/Various%20Artiist/100%20Classic%20Mega%20Summer%20Hits/5-12%20Hold%20You%20(Major%20Lazor%20Remix).mp3
116070,Disco's Revenge,Gusto,100 Classic Mega Summer Hits,100 Classic Mega Summer Hits,2015-03-13 00:37:36,0,file:///Volumes/Seagate%20Thunderbolt%20Drive/Music/Various%20Artiist/100%20Classic%20Mega%20Summer%20Hits/4-17%20Disco's%20Revenge.mp3
115996,Lambada 3000,Gregor Salto ft Kaoma,100 Classic Mega Summer Hits,100 Classic Mega Summer Hits,2015-03-14 09:41:10,0,file:///Volumes/Seagate%20Thunderbolt%20Drive/Music/Various%20Artiist/100%20Classic%20Mega%20Summer%20Hits/2-20%20Lambada%203000.mp3
116016,Sun Of Jamaica,Goombay Dance Band,100 Classic Mega Summer Hits,100 Classic Mega Summer Hits,2015-03-19 19:39:00,0,file:///Volumes/Seagate%20Thunderbolt%20Drive/Music/Various%20Artiist/100%20Classic%20Mega%20Summer%20Hits/3-10%20Sun%20Of%20Jamaica.mp3
115922,Bamboleo,Gipsy Kings,100 Classic Mega Summer Hits,100 Classic Mega Summer Hits,2015-03-24 14:18:01,0,file:///Volumes/Seagate%20Thunderbolt%20Drive/Music/Various%20Artiist/100%20Classic%20Mega%20Summer%20Hits/1-03%20Bamboleo.mp3
116086,Santa Lucia By Night,George Baker Selection,100 Classic Mega Summer Hits,100 Classic Mega Summer Hits,2015-04-03 00:46:40,0,file:///Volumes/Seagate%20Thunderbolt%20Drive/Music/Various%20Artiist/100%20Classic%20Mega%20Summer%20Hits/5-05%20Santa%20Lucia%20By%20Night.mp3
115962,Sweet About Me,Gabriella Cilmi,100 Classic Mega Summer Hits,100 Classic Mega Summer Hits,2015-04-05 23:00:47,0,file:///Volumes/Seagate%20Thunderbolt%20Drive/Music/Various%20Artiist/100%20Classic%20Mega%20Summer%20Hits/2-03%20Sweet%20About%20Me.mp3
115966,Baby's Got Sauce,G Love & Special Sauce,100 Classic Mega Summer Hits,100 Classic Mega Summer Hits,2015-03-18 05:33:11,0,file:///Volumes/Seagate%20Thunderbolt%20Drive/Music/Various%20Artiist/100%20Classic%20Mega%20Summer%20Hits/2-05%20Baby's%20Got%20Sauce.mp3
116068,Baila Bolero,Fun Fun,100 Classic Mega Summer Hits,100 Classic Mega Summer Hits,2015-04-04 02:37:36,0,file:///Volumes/Seagate%20Thunderbolt%20Drive/Music/Various%20Artiist/100%20Classic%20Mega%20Summer%20Hits/4-16%20Baila%20Bolero.mp3
116052,Balla Balla,Francesco Napoli,100 Classic Mega Summer Hits,100 Classic Mega Summer Hits,2015-03-23 13:13:41,0,file:///Volumes/Seagate%20Thunderbolt%20Drive/Music/Various%20Artiist/100%20Classic%20Mega%20Summer%20Hits/4-08%20Balla%20Balla.mp3
116020,Last Night,Ian Carey ft Snoop Dogg & Bobby Anthony,100 Classic Mega Summer Hits,100 Classic Mega Summer Hits,2015-03-31 10:08:55,0,file:///Volumes/Seagate%20Thunderbolt%20Drive/Music/Various%20Artiist/100%20Classic%20Mega%20Summer%20Hits/3-12%20Last%20Night.mp3
115918,Dreadlock Holiday,10cc,100 Classic Mega Summer Hits,100 Classic Mega Summer Hits,2015-04-07 18:04:25,0,file:///Volumes/Seagate%20Thunderbolt%20Drive/Music/Various%20Artiist/100%20Classic%20Mega%20Summer%20Hits/1-01%20Dreadlock%20Holiday.mp3