Track ID,Name,Artist,Album,Genre,2021-05-29 22:25:23,Play Count,Location
67044,ABC,Jackson 5,"Motown 50 Yesterday, Today,2021-05-27 06:42:57,Classic Soul,2014-08-26 01:59:59,0,"file:///Volumes/Seagate%20Thunderbolt%20Drive/Music/Jackson%205/Motown%2050%20Yesterday,%20Today,%20Forever/06%20ABC.mp3"
61448,One Nation Under A Groove - 9A/10A,Funkadelic,One Nation Under A Groove,Funk,2021-05-14 01:21:53,0,file:///Volumes/Seagate%20Thunderbolt%20Drive/Music/Funkadelic/One%20Nation%20Under%20A%20Groove/01%20One%20Nation%20Under%20A%20Groove%20-%209A_10A.mp3
103466,Object Of My Desire,Starpoint ,charme classic's (vol 5),Classic Soul,2021-06-08 03:18:31,0,file:///Volumes/Seagate%20Thunderbolt%20Drive/Music/Starpoint/charme%20classic's%20(vol%205)/Object%20Of%20My%20Desire.mp3
102610,Nobody Can Be You,Slave feat. Steve Arrington,The Definitive Groove Collection CD2,Classic Soul,2021-06-03 06:57:20,0,file:///Volumes/Seagate%20Thunderbolt%20Drive/Music/Slave%20feat.%20Steve%20Arrington/The%20Definitive%20Groove%20Collection%20CD2/10%20Nobody%20Can%20Be%20You.mp3
78354,No Me Digas Que No,La Mákina,Merengue Power [Musical Productions],Latin,2021-05-12 09:43:11,0,file:///Volumes/Seagate%20Thunderbolt%20Drive/Music/La%20Ma%CC%81kina/Merengue%20Power%20%5BMusical%20Productions%5D/07%20No%20Me%20Digas%20Que%20No.mp3
78344,No Me Digas Que No,La Makina,Merengue Bachata,Latin Merengue Bachata,2021-06-01 00:49:10,0,file:///Volumes/Seagate%20Thunderbolt%20Drive/Music/La%20Makina/Merengue%20Bachata/13%20No%20Me%20Digas%20Que%20No.mp3
38892,No Diggity,Blackstreet,Top 250 of the Greatest Hip-Hop and Rap Songs Pt. 2,Classic Soul,2021-06-02 12:13:43,0,file:///Volumes/Seagate%20Thunderbolt%20Drive/Music/Blackstreet/Top%20250%20of%20the%20Greatest%20Hip-Hop%20and%20Rap%20Songs%20Pt.%202/79%20No%20Diggity.mp3
109332,Nights Over Egypt,The Jone Girls,,Classic Soul,2021-05-28 02:07:18,0,file:///Volumes/Seagate%20Thunderbolt%20Drive/Music/The%20Jone%20Girls/Unknown%20Album/03%20Nights%20Over%20Egypt.mp3
38386,Nights (Feel Like Getting Down),Billy Ocean,The Very Best Of Billy Ocean ,Classic Soul,2021-06-03 02:09:38,0,file:///Volumes/Seagate%20Thunderbolt%20Drive/Music/Billy%20Ocean/The%20Very%20Best%20Of%20Billy%20Ocean/19%20Nights%20(Feel%20Like%20Getting%20Down).mp3
101744,A Night To Remember,Shalamar,,Classic Soul,2021-05-16 22:36:15,0,file:///Volumes/Seagate%20Thunderbolt%20Drive/Music/Shalamar/Unknown%20Album/A%20Night%20To%20Remember.mp3
104200,Only You Can Make Me Happy,Surface,,R&B,2021-05-28 04:06:29,0,file:///Volumes/Seagate%20Thunderbolt%20Drive/Music/Surface/Unknown%20Album/Only%20You%20Can%20Make%20Me%20Happy.mp3
101386,Next (Remix) (Extended) (Clean),Sevyn Streeter f. Kid Ink,,R&B/ Hip Hop,2021-05-21 10:45:07,0,file:///Volumes/Seagate%20Thunderbolt%20Drive/Music/Sevyn%20Streeter%20f.%20Kid%20Ink/Unknown%20Album/Next%20(Remix)%20(Extended)%20(Clean).mp3
31832,Never Knew Love Like This,Alexander O'Neal,Hearsay,R&B,2021-05-22 00:18:52,0,file:///Volumes/Seagate%20Thunderbolt%20Drive/Music/Alexander%20O'Neal/Hearsay/08%20Never%20Knew%20Love%20Like%20This.mp3
91822,Native New Yorker,Odyssey ,,Classic Soul,2021-05-31 10:40:03,0,file:///Volumes/Seagate%20Thunderbolt%20Drive/Music/Odyssey/Unknown%20Album/Native%20New%20Yorker.mp3
101156,Must Be The Music  - 6A/7A,Secret Weapon,,Old School Rap,2021-05-13 03:01:53,0,file:///Volumes/Seagate%20Thunderbolt%20Drive/Music/Secret%20Weapon/Unknown%20Album/Must%20Be%20The%20Music%20%20-%206A_7A.mp3
90730,Mr. Telephone Man,New Edition,Greatest Hits [Vol.1],Classic Soul,2021-05-24 14:13:03,0,file:///Volumes/Seagate%20Thunderbolt%20Drive/Music/New%20Edition/Greatest%20Hits%20%5BVol.1%5D/07%20Mr.%20Telephone%20Man.mp3
92194,Mr Groove,One Way Feat Al Hudson , ,Classic Soul,2021-05-27 05:04:03,0,file:///Volumes/Seagate%20Thunderbolt%20Drive/Music/One%20Way/_/05%20Mr%20Groove.mp3
130234,More Bounce to the Ounce  - 4A,Zapp,All the Greatest Hits,Funk,2021-05-17 21:33:38,0,file:///Volumes/Seagate%20Thunderbolt%20Drive/Music/Zapp/All%20the%20Greatest%20Hits/01%20More%20Bounce%20to%20the%20Ounce%20%20-%204A.mp3
64946,Mind Blowing Decisions,Heatwave,,Classic Soul,2021-05-20 00:45:05,0,file:///Volumes/Seagate%20Thunderbolt%20Drive/Music/Heatwave/Unknown%20Album/Mind%20Blowing%20Decisions.mp3
87542,Midas Touch - 5A/7B,Midnight Star,Headlines,Classic Soul,2021-06-07 04:27:07,0,file:///Volumes/Seagate%20Thunderbolt%20Drive/Music/Midnight%20Star/Headlines/02%20Midas%20Touch%20-%205A_7B.mp3
101662,Merry Christmas Everyone,Shakin' Stevens,,Christmas,2021-05-18 20:35:59,0,file:///Volumes/Seagate%20Thunderbolt%20Drive/Music/Shakin'%20Stevens/Unknown%20Album/Merry%20Christmas%20Everyone.mp3
116758,Never Too Much - 10A/9A,Luther Vandross,Classic Soul Anthems,Classic Soul,2021-05-13 03:56:06,0,file:///Volumes/Seagate%20Thunderbolt%20Drive/Music/Various%20Artiist/Classic%20Soul%20Anthems/16%20Never%20Too%20Much%20-%2010A_9A.mp3
125960,Ooh Boy,Rose Royce,(Snoop Doggy Dogg) Doggystyle:,Classic Soul,2021-05-18 09:44:55,0,file:///Volumes/Seagate%20Thunderbolt%20Drive/Music/Various%20Artists/(Snoop%20Doggy%20Dogg)%20Doggystyle_/09%20Ooh%20Boy.mp3
109008,Oops Up Side Your Head - 9A,The Gap Band,"The 12"" Collection And More",Funk,2021-05-16 01:10:46,0,file:///Volumes/Seagate%20Thunderbolt%20Drive/Music/The%20Gap%20Band/The%2012_%20Collection%20And%20More/01%20Oops%20Up%20Side%20Your%20Head%20-%209A.mp3
126032,Optimistic - 2A/1A,Sounds of Blackness,Hed Kandi: Back To Love 1 - CD2,Classic Soul,2021-05-11 18:43:16,0,file:///Volumes/Seagate%20Thunderbolt%20Drive/Music/Various%20Artists/Hed%20Kandi_%20Back%20To%20Love%201%20-%20CD2/11%20Optimistic%20-%202A_1A.mp3
105588,Santa Baby,Taylor Swift,Sounds of the Season: The Taylor Swift Holiday Collection,Country,2021-05-27 08:41:20,0,file:///Volumes/Seagate%20Thunderbolt%20Drive/Music/Taylor%20Swift/Sounds%20of%20the%20Season_%20The%20Taylor%20Swift%20Holiday%20Collection/03%20Santa%20Baby.mp3
99576,Running Away,Roy Ayers,The Funk Box (Disc 3),Classic Soul,2021-05-21 16:52:22,0,file:///Volumes/Seagate%20Thunderbolt%20Drive/Music/Roy%20Ayers/The%20Funk%20Box%20(Disc%203)/11%20Running%20Away.mp3
111600,Rumors,Timex Social Club,,Disco,2021-06-05 09:47:15,0,file:///Volumes/Seagate%20Thunderbolt%20Drive/Music/Timex%20Social%20Club/Unknown%20Album/Rumors.mp3
109608,Roses Are Red (Maxi),The Mac Band ,,Classic Soul,2021-05-19 08:59:42,0,file:///Volumes/Seagate%20Thunderbolt%20Drive/Music/The%20Mac%20Band/Unknown%20Album/Roses%20Are%20Red%20(Maxi).mp3
111000,Rock Steady,The Whispers,"30th Anniversary Anthology, Disc 2",2021-05-25 17:48:14,2014-08-26 01:59:59,0,"file:///Volumes/Seagate%20Thunderbolt%20Drive/Music/The%20Whispers/30th%20Anniversary%20Anthology,%20Disc%202/10%20Rock%20Steady.mp3"
65042,Rise - 4A,Herb Alpert,Rise [2007 Remaster],Jazz,2021-05-14 09:44:35,0,file:///Volumes/Seagate%20Thunderbolt%20Drive/Music/Herb%20Alpert/Rise%20%5B2007%20Remaster%5D/02%20Rise%20-%204A.mp3
123752,Ring My Bell - 7B/5A,Anita Ward,The All Time Greatest Disco Hits,Disco,2021-06-02 23:35:27,0,file:///Volumes/Seagate%20Thunderbolt%20Drive/Music/Various%20Artiist/The%20All%20Time%20Greatest%20Disco%20Hits/04%20Ring%20My%20Bell%20-%207B_5A.mp3
92852,Remind Me,Patrice Rushen,"Smooth Grooves - A Sensual Collection, Vol. 9",2021-05-27 17:26:05,2014-08-26 01:59:59,0,"file:///Volumes/Seagate%20Thunderbolt%20Drive/Music/Patrice%20Rushen/Smooth%20Grooves%20-%20A%20Sensual%20Collection,%20Vol.%209/04%20Remind%20Me.mp3"
108390,Rejoice - 9A/10A,The Emotions,"Best of My Love, The Best of the Emotions",2021-05-23 07:38:48,2014-08-26 01:59:59,0,"file:///Volumes/Seagate%20Thunderbolt%20Drive/Music/The%20Emotions/Best%20of%20My%20Love,%20The%20Best%20of%20the%20Emotions/09%20Rejoice%20-%209A_10A.mp3"
85522,Real Love,Mary J. Blige,What's The 411? (The Remix),R&B,2021-06-02 02:25:31,0,file:///Volumes/Seagate%20Thunderbolt%20Drive/Music/Mary%20J.%20Blige/What's%20The%20411_%20(The%20Remix)/04%20Real%20Love.mp3
85510,Real Love,Mary J. Blige,What's the 411?,R&B,2021-05-12 20:24:56,0,file:///Volumes/Seagate%20Thunderbolt%20Drive/Music/Mary%20J.%20Blige/What's%20the%20411_/03%20Real%20Love.mp3
92234,The Rain (12'' Mix) ,"Oran ""Juice"" Jones",,Classic Soul,2021-05-13 03:32:55,0,file:///Volumes/Seagate%20Thunderbolt%20Drive/Music/Oran%20_Juice_%20Jones/Unknown%20Album/The%20Rain%20(12''%20Mix).mp3
31640,Put It On Paper - 11A/12A,Al Green & Ann Nesby,Shared,Classic Soul,2021-05-29 17:54:26,0,file:///Volumes/Seagate%20Thunderbolt%20Drive/Music/Al%20Green%20&%20Ann%20Nesby/Shared/Put%20It%20On%20Paper%20-%2011A_12A.mp3
92196,Push,One Way Feat Al Hudson , ,Classic Soul,2021-05-19 19:09:18,0,file:///Volumes/Seagate%20Thunderbolt%20Drive/Music/One%20Way/_/10%20Push.mp3
106182,Portuguese Love (short),Teena Marie,Teena,Classic Soul,2021-05-31 14:37:50,0,file:///Volumes/Seagate%20Thunderbolt%20Drive/Music/Teena%20Marie/Teena/Portuguese%20Love%20(short).mp3
108902,Party Train - 9A,The Gap Band,Best Of The Gap Gold,R&B/Funk/Soul,2021-06-09 09:03:22,0,file:///Volumes/Seagate%20Thunderbolt%20Drive/Music/The%20Gap%20Band/Best%20Of%20The%20Gap%20Gold/04%20Party%20Train%20-%209A.mp3
114884,Party F Redman,,,,2021-05-17 15:34:15,0,file:///Volumes/Seagate%20Thunderbolt%20Drive/Music/Unknown%20Artist/Unknown%20Album/Party%20F%20Redman.mp3
64174,Padlock (Larry Levan 12' Mix) - 5A/4A,"Gwen Guthrie with Sly & Robbie, Wally Badarou and Darryl Thompson ",,2021-05-26 08:49:45,2014-08-26 01:59:59,0,"file:///Volumes/Seagate%20Thunderbolt%20Drive/Music/Gwen%20Guthrie%20with%20Sly%20&%20Robbie,%20Wally%20Badarou%20and%20Darryl%20Thompson/Unknown%20Album/Padlock%20(Larry%20Levan%2012'%20Mix)%20-%205A_4A.mp3"
69912,Over Night Sensation,Jerry Knight,,Classic Soul,2021-06-04 11:23:07,0,file:///Volumes/Seagate%20Thunderbolt%20Drive/Music/Jerry%20Knight/Unknown%20Album/Over%20Night%20Sensation.mp3
60256,Over Like A Fat Rat ,Fonda Rae,,Classic Soul,2021-05-21 20:23:28,0,file:///Volumes/Seagate%20Thunderbolt%20Drive/Music/Fonda%20Rae/Unknown%20Album/Over%20Like%20A%20Fat%20Rat.mp3
109018,Outstanding - 3B,The Gap Band,The Ballads Collection,R&B/Funk/Soul,2021-05-16 14:30:25,0,file:///Volumes/Seagate%20Thunderbolt%20Drive/Music/The%20Gap%20Band/The%20Ballads%20Collection/07%20Outstanding%20-%203B.mp3
116454,Merry Christmas Everyone,Shakin' Stevens,All Time Greatest Christmas Songs,Holiday/Pop,2021-06-05 18:47:14,0,file:///Volumes/Seagate%20Thunderbolt%20Drive/Music/Various%20Artiist/All%20Time%20Greatest%20Christmas%20Songs/Merry%20Christmas%20Everyone.mp3
105714,Santa Baby,Taylor Swift,,Christmas,2021-06-02 06:30:45,0,file:///Volumes/Seagate%20Thunderbolt%20Drive/Music/Taylor%20Swift/Unknown%20Album/Santa%20Baby.mp3
44626,Merry Christmas Baby,Charles Brown,,Christmas,2021-05-28 15:04:35,0,file:///Volumes/Seagate%20Thunderbolt%20Drive/Music/Charles%20Brown/Unknown%20Album/Merry%20Christmas%20Baby.mp3
85126,Mercy Mercy Me (the Ecology),Marvin Gaye,"Motown 50 Yesterday, Today,2021-05-23 03:26:20,Classic Soul,2014-08-26 01:59:59,0,"file:///Volumes/Seagate%20Thunderbolt%20Drive/Music/Marvin%20Gaye/Motown%2050%20Yesterday,%20Today,%20Forever/34%20Mercy%20Mercy%20Me%20(the%20Ecology).mp3"
116574,Let's Groove,"Earth, Wind & Fire",Boogie Nights: Dance Hits Of The 70's & 80's (disc 3/4),2021-06-09 15:12:13,2014-08-26 01:59:59,0,file:///Volumes/Seagate%20Thunderbolt%20Drive/Music/Various%20Artiist/Boogie%20Nights_%20Dance%20Hits%20Of%20The%2070's%20&%2080's%20(disc%203_4)/02%20Let's%20Groove.mp3
122896,Let's Get Serious,Jermaine Jackson,Sounds of the Eighties - 1980,Classic 80's Music,2021-06-03 09:55:44,0,file:///Volumes/Seagate%20Thunderbolt%20Drive/Music/Various%20Artiist/Sounds%20of%20the%20Eighties%20-%201980/04%20Let's%20Get%20Serious.mp3
102464,Let's Celebrate - 8A/9A,Skyy ,,Classic Soul,2021-06-01 01:31:28,0,file:///Volumes/Seagate%20Thunderbolt%20Drive/Music/Skyy/Unknown%20Album/07%20Let's%20Celebrate%20-%208A_9A.mp3
59888,Let No Man Put Asunder - 12A,First Choice,The History Of The House Sound of Chicago - The Tracks That Built The House 1,Dance,2021-05-27 13:20:40,0,file:///Volumes/Seagate%20Thunderbolt%20Drive/Music/First%20Choice/The%20History%20Of%20The%20House%20Sound%20of%20Chicago%20-%20The%20Tracks%20That%20Built%20The%20House%201/05%20Let%20No%20Man%20Put%20Asunder%20-%2012A.mp3
49794,Let it Whip,Dazz Band,Motown the Complete No.1's,Classic Soul,2021-05-12 05:07:32,0,file:///Volumes/Seagate%20Thunderbolt%20Drive/Music/Dazz%20Band/Motown%20the%20Complete%20No.1's/146%20Let%20it%20Whip.mp3
79298,Let It Snow! Let It Snow! Let It Snow!,Lena Horne,,Christmas,2021-05-17 11:00:12,0,file:///Volumes/Seagate%20Thunderbolt%20Drive/Music/Lena%20Horne/Unknown%20Album/Let%20It%20Snow!%20Let%20It%20Snow!%20Let%20It%20Snow!.mp3
79294,Let It Snow! Let It Snow! Let It Snow!,Lena Horne,Ultimate Soul Christmas (Disc 1),Holiday/Soul,2021-06-01 21:46:29,0,file:///Volumes/Seagate%20Thunderbolt%20Drive/Music/Lena%20Horne/Ultimate%20Soul%20Christmas%20(Disc%201)/1-09%20Let%20It%20Snow!%20Let%20It%20Snow!%20Let%20It%20Snow!.mp3
105708,Last Christmas,Taylor Swift,,Christmas,2021-06-10 11:41:27,0,file:///Volumes/Seagate%20Thunderbolt%20Drive/Music/Taylor%20Swift/Unknown%20Album/Last%20Christmas.mp3
105584,Last Christmas,Taylor Swift,Sounds of the Season: The Taylor Swift Holiday Collection,Country,2021-05-15 14:05:25,0,file:///Volumes/Seagate%20Thunderbolt%20Drive/Music/Taylor%20Swift/Sounds%20of%20the%20Season_%20The%20Taylor%20Swift%20Holiday%20Collection/01%20Last%20Christmas.mp3
50960,Lets Hear It For The Boy,Deniece Williams,Lets Hear It For The Boy,Classic Soul,2021-05-18 01:12:58,0,file:///Volumes/Seagate%20Thunderbolt%20Drive/Music/Deniece%20Williams/Lets%20Hear%20It%20For%20The%20Boy/Lets%20Hear%20It%20For%20The%20Boy.mp3
77482,Ladies' Night,Kool and the Gang,The Very Best Of,Classic Soul,2021-06-02 12:23:13,0,file:///Volumes/Seagate%20Thunderbolt%20Drive/Music/Kool%20&%20the%20Gang/The%20Very%20Best%20Of/01%20Ladies'%20Night.mp3
76082,Keep Rising To The Top,Keni Burke,,Classic Soul,2021-05-14 07:17:49,0,file:///Volumes/Seagate%20Thunderbolt%20Drive/Music/Keni%20Burke/Unknown%20Album/Keep%20Rising%20To%20The%20Top.mp3
103210,Keep On Movin,Soul II Soul,Billboard Top 100 of 1989,Classic Soul,2021-06-08 00:02:26,0,file:///Volumes/Seagate%20Thunderbolt%20Drive/Music/Soul%20II%20Soul/Billboard%20Top%20100%20of%201989/100%20Keep%20On%20Movin.mp3
64750,Keep On Lovin' You - 11A/10A,Harold Melvin & Blue Notes,The Ultimate Blue Notes,Classic Soul,2021-05-13 19:28:25,0,file:///Volumes/Seagate%20Thunderbolt%20Drive/Music/Harold%20Melvin%20&%20the%20Blue%20Notes_Teddy%20Pendergrass/The%20Ultimate%20Blue%20Notes/07%20Keep%20On%20Lovin'%20You%20-%2011A_10A.mp3
67390,Just In Case,Jaheim Feat. Next,,R&B,2021-05-24 18:53:43,0,file:///Volumes/Seagate%20Thunderbolt%20Drive/Music/Jaheim%20Feat.%20Next/Unknown%20Album/Just%20In%20Case.mp3
99962,Just Be Good To Me,SOS Band,The Best of the SOS Band,Classic Soul,2021-05-31 04:42:39,0,file:///Volumes/Seagate%20Thunderbolt%20Drive/Music/S.O.S.%20Band/The%20Best%20of%20the%20SOS%20Band/06%20Just%20Be%20Good%20To%20Me.mp3
102548,Just A Touch Of Love [Just A Touch Of Love 1979] - 8A/7A,Slave,Just A Touch Of Love,Classic Soul,2021-05-17 01:39:39,0,file:///Volumes/Seagate%20Thunderbolt%20Drive/Music/Slave/Just%20A%20Touch%20Of%20Love/01%20Just%20A%20Touch%20Of%20Love%20%5BJust%20A%20Touch%20Of%20Love%201979%5D%20-%208A_7A.mp3
33214,4evermore feat. Algebra & Phonte - 2A,Anthony David,"As Above, So Below",2021-05-27 01:22:14,2014-08-26 01:59:59,0,"file:///Volumes/Seagate%20Thunderbolt%20Drive/Music/Anthony%20David/As%20Above,%20So%20Below/4evermore%20feat.%20Algebra%20&%20Phonte%20-%202A.mp3"
77494,Jungle Boogie,Kool and the Gang,The Very Best Of,Classic Soul,2021-05-17 17:59:09,0,file:///Volumes/Seagate%20Thunderbolt%20Drive/Music/Kool%20and%20the%20Gang/The%20Very%20Best%20Of/14%20Jungle%20Boogie.mp3
116598,Juicy Fruit,Mtume,Boogie Nights: Dance Hits Of The 70's & 80's (disc 3/4),70's & 80's,2021-05-31 22:22:25,0,file:///Volumes/Seagate%20Thunderbolt%20Drive/Music/Various%20Artiist/Boogie%20Nights_%20Dance%20Hits%20Of%20The%2070's%20&%2080's%20(disc%203_4)/14%20Juicy%20Fruit.mp3
61444,KNEE DEEP - 4A/5A,Funkadelic,Comunidade Freestyle Music B.H,Funk,2021-05-24 07:24:07,0,file:///Volumes/Seagate%20Thunderbolt%20Drive/Music/Funkadelic/Comunidade%20Freestyle%20Music%20B.H/02%20KNEE%20DEEP%20-%204A_5A.mp3
31632,Lets Stay Together (Wicked Mix),Al Green,,Classic Soul,2021-05-27 12:47:22,0,file:///Volumes/Seagate%20Thunderbolt%20Drive/Music/Al%20Green/Unknown%20Album/Lets%20Stay%20Together%20(Wicked%20Mix).mp3
32296,Lionel Richie,All Night Long,,R&B,2021-05-13 05:19:14,0,file:///Volumes/Seagate%20Thunderbolt%20Drive/Music/All%20Night%20Long/Unknown%20Album/Lionel%20Richie.mp3
115894,Living For The City,Stevie Wonder,Time Life Legends - Do It Again,Rock,2021-05-26 01:25:13,0,file:///Volumes/Seagate%20Thunderbolt%20Drive/Music/Various/Time%20Life%20Legends%20-%20Do%20It%20Again/08%20Living%20For%20The%20City.mp3
77420,The Men All Pause,Klymaxx,Greatest Hits,Classic Soul,2021-05-23 19:56:24,0,file:///Volumes/Seagate%20Thunderbolt%20Drive/Music/Klymaxx/Greatest%20Hits/01%20The%20Men%20All%20Pause.mp3
55704,Megamix,"Earth, Wind & Fire",The Very Best,2021-05-12 07:31:22,2014-08-26 01:59:59,0,"file:///Volumes/Seagate%20Thunderbolt%20Drive/Music/Earth,%20Wind%20&%20Fire/The%20Very%20Best/18%20Megamix.mp3"
77424,Meeting in the Ladies Room - 11A/12A,Klymaxx,Greatest Hits,Classic Soul,2021-06-04 15:01:43,0,file:///Volumes/Seagate%20Thunderbolt%20Drive/Music/Klymaxx/Greatest%20Hits/03%20Meeting%20in%20the%20Ladies%20Room%20-%2011A_12A.mp3
86210,Maze Love Is The Key,Maze Feat. Frankie Beverly,Anthology,Classic Soul,2021-05-16 03:28:00,0,file:///Volumes/Seagate%20Thunderbolt%20Drive/Music/Maze%20Feat.%20Frankie%20Beverly/Anthology/2-03%20Maze%20Love%20Is%20The%20Key.mp3
85446,Mary Jane (All Night Long),Mary J. Blige,The Tour,R&B,2021-05-15 08:07:53,0,file:///Volumes/Seagate%20Thunderbolt%20Drive/Music/Mary%20J.%20Blige/The%20Tour/06%20Mary%20Jane%20(All%20Night%20Long).mp3
68634,Mars (Explicit),Jay Sean f. Rick Ross,,R&B/ Hip Hop,2021-05-18 05:15:34,0,file:///Volumes/Seagate%20Thunderbolt%20Drive/Music/Jay%20Sean%20f.%20Rick%20Ross/Unknown%20Album/Mars%20(Explicit).mp3
101740,Make That Move - 9A/8A,Shalamar,Three For Love,Classic Soul,2021-05-21 17:02:12,0,file:///Volumes/Seagate%20Thunderbolt%20Drive/Music/Shalamar/Three%20For%20Love/Make%20That%20Move%20-%209A_8A.mp3
38746,Mainline,Black Ivory,,Classic Soul,2021-06-05 10:45:20,0,file:///Volumes/Seagate%20Thunderbolt%20Drive/Music/Black%20Ivory/Unknown%20Album/Mainline.mp3
47612,Loves Train,Con Funk Shun,Live for Ya Ass,Classic Soul,2021-05-16 05:15:23,0,file:///Volumes/Seagate%20Thunderbolt%20Drive/Music/Con%20Funk%20Shun/Live%20for%20Ya%20Ass/10%20Loves%20Train.mp3
44560,A Lover's Holiday,Change,,Classic Soul,2021-06-07 00:28:21,0,file:///Volumes/Seagate%20Thunderbolt%20Drive/Music/Change/Unknown%20Album/A%20Lover's%20Holiday.mp3
47614,Love's Train - 11A/11B,Con Funk Shun,The Best of Con Funk Shun,Classic Soul,2021-06-02 05:04:21,0,file:///Volumes/Seagate%20Thunderbolt%20Drive/Music/Con%20Funk%20Shun/The%20Best%20of%20Con%20Funk%20Shun/04%20Love's%20Train%20-%2011A_11B.mp3
53720,"Love, Love, Love",Donny Hathaway,2021-05-21 00:24:39,Classic Soul,2014-08-26 01:59:59,0,"file:///Volumes/Seagate%20Thunderbolt%20Drive/Music/Donny%20Hathaway/Extensions%20Of%20A%20Man/07%20Love,%20Love,%20Love.mp3"
109984,Love Train - 8B/7A,The O'Jays,The Essential O'Jays,Classic Soul,2021-06-06 03:50:03,0,file:///Volumes/Seagate%20Thunderbolt%20Drive/Music/The%20O'Jays/The%20Essential%20O'Jays/10%20Love%20Train%20-%208B_7A.mp3
59886,Love Thang,First Choice,Mega Disco Fever,Classic Soul,2021-05-15 16:11:22,0,file:///Volumes/Seagate%20Thunderbolt%20Drive/Music/First%20Choice/Mega%20Disco%20Fever/21%20Love%20Thang.mp3
85530,Love No Limit,Mary J. Blige,What's The 411? (The Remix),R&B,2021-05-21 09:54:28,0,file:///Volumes/Seagate%20Thunderbolt%20Drive/Music/Mary%20J.%20Blige/What's%20The%20411_%20(The%20Remix)/09%20Love%20No%20Limit.mp3
110004,Love Music,The O'Jays,The Essential O'Jays,Classic Soul,2021-06-05 11:14:03,0,file:///Volumes/Seagate%20Thunderbolt%20Drive/Music/The%20O'Jays/The%20Essential%20O'Jays/20%20Love%20Music.mp3
95736,Love Letter - 4A/4B - 4A/4B,R. Kelly,Love Letter,R&B,2021-06-07 17:11:42,0,file:///Volumes/Seagate%20Thunderbolt%20Drive/Music/R.%20Kelly/Love%20Letter/02%20Love%20Letter%20-%204A_4B%20-%204A_4B.mp3
58368,Love Come Down - 1A/2A,"Evelyn ""Champagne"" King",Let's Get Funky,Classic Soul,2021-05-15 11:35:12,0,file:///Volumes/Seagate%20Thunderbolt%20Drive/Music/Evelyn%20_Champagne_%20King/Let's%20Get%20Funky/06%20Love%20Come%20Down%20-%201A_2A.mp3
89344,Lonely This Christmas,Mud,,Christmas,2021-06-09 12:20:08,0,file:///Volumes/Seagate%20Thunderbolt%20Drive/Music/Mud/Unknown%20Album/Lonely%20This%20Christmas.mp3
116450,Lonely this Christmas,Mud,All Time Greatest Christmas Songs,Holiday/Pop,2021-05-31 07:52:11,0,file:///Volumes/Seagate%20Thunderbolt%20Drive/Music/Various%20Artiist/All%20Time%20Greatest%20Christmas%20Songs/Lonely%20this%20Christmas.mp3
36666,Living It Up (Friday Night),Bell & James ,,Classic Soul,2021-06-09 05:54:29,0,file:///Volumes/Seagate%20Thunderbolt%20Drive/Music/Bell%20&%20James/Unknown%20Album/Living%20It%20Up%20(Friday%20Night).mp3
44624,Merry Christmas Baby,Charles Brown,Ultimate Soul Christmas (Disc 1),Holiday/Soul,2021-05-14 23:12:40,0,file:///Volumes/Seagate%20Thunderbolt%20Drive/Music/Charles%20Brown/Ultimate%20Soul%20Christmas%20(Disc%201)/1-13%20Merry%20Christmas%20Baby.mp3
116460,Santa Claus is Comin' to Town,Frank Sinatra,All Time Greatest Christmas Songs,Holiday/Pop,2021-05-12 02:04:05,0,file:///Volumes/Seagate%20Thunderbolt%20Drive/Music/Various%20Artiist/All%20Time%20Greatest%20Christmas%20Songs/Santa%20Claus%20is%20Comin'%20to%20Town.mp3
60666,Santa Claus Is Comin' To Town,Frank Sinatra,,Christmas,2021-05-25 20:43:05,0,file:///Volumes/Seagate%20Thunderbolt%20Drive/Music/Frank%20Sinatra/Unknown%20Album/Santa%20Claus%20Is%20Comin'%20To%20Town.mp3
44904,Saturday Love  ,Cherelle & Alexander O'neal,,Classic Soul,2021-06-09 20:04:04,0,file:///Volumes/Seagate%20Thunderbolt%20Drive/Music/Cherelle%20&%20Alexander%20O'neal/Unknown%20Album/Saturday%20Love.mp3
105958,What's Going On,Marvin Gaye,Sexual Healing (Live),Classic Soul,2021-05-18 17:54:33,0,file:///Volumes/Seagate%20Thunderbolt%20Drive/Music/Teddy%20Pendegrass%20&%20Marvin%20Gaye/Sexual%20Healing%20(Live)/07%20What's%20Going%20On.mp3
44540,What Cha Gonna Do For Me,Chaka Khan,,Classic Soul,2021-06-04 21:33:24,0,file:///Volumes/Seagate%20Thunderbolt%20Drive/Music/Chaka%20Khan/Unknown%20Album/What%20Cha%20Gonna%20Do%20For%20Me.mp3
87546,Wet My Whistle,Midnight Star,No Parking on the Dance Floor,Classic Soul,2021-05-15 12:32:11,0,file:///Volumes/Seagate%20Thunderbolt%20Drive/Music/Midnight%20Star/No%20Parking%20on%20the%20Dance%20Floor/04%20Wet%20My%20Whistle.mp3
39018,We Go A Long Way Back (82) ,Bloodstone,,Classic Soul,2021-05-16 06:04:18,0,file:///Volumes/Seagate%20Thunderbolt%20Drive/Music/Bloodstone/Unknown%20Album/We%20Go%20A%20Long%20Way%20Back%20(82).mp3
74930,The Way You Love Me,Karyn White,Karyn White,Classic Soul,2021-06-05 02:57:12,0,file:///Volumes/Seagate%20Thunderbolt%20Drive/Music/Karyn%20White/Karyn%20White/01%20The%20Way%20You%20Love%20Me.mp3
102580,Watching you - 9A/9B,Slave feat. Steve Arrington,The Definitive Groove Collection CD1,Classic Soul,2021-05-20 13:00:44,0,file:///Volumes/Seagate%20Thunderbolt%20Drive/Music/Slave%20feat.%20Steve%20Arrington/The%20Definitive%20Groove%20Collection%20CD1/11%20Watching%20you%20-%209A_9B.mp3
69402,Was That All It Was,Jean Carne ,,Classic Soul,2021-06-08 07:44:06,0,file:///Volumes/Seagate%20Thunderbolt%20Drive/Music/Jean%20Carne/Unknown%20Album/Was%20That%20All%20It%20Was.mp3
64722,Wake Up Everybody,Harold Melvin & Blue Notes,The Ultimate Blue Notes,Classic Soul,2021-05-26 13:42:35,0,file:///Volumes/Seagate%20Thunderbolt%20Drive/Music/Harold%20Melvin%20&%20the%20Blue%20Notes/The%20Ultimate%20Blue%20Notes/01%20Wake%20Up%20Everybody.mp3
110020,Use Ta Be My Girl,The O'Jays,The Essential O'Jays,Classic Soul,2021-05-15 01:13:06,0,file:///Volumes/Seagate%20Thunderbolt%20Drive/Music/The%20O'Jays/The%20Essential%20O'Jays/28%20Use%20Ta%20Be%20My%20Girl.mp3
65774,Whatever,Ideal,,R&B,2021-06-05 05:53:30,0,file:///Volumes/Seagate%20Thunderbolt%20Drive/Music/Ideal/Unknown%20Album/Whatever.mp3
51408,Upside Down,Diana Ross,Motown the Complete No.1's,Classic Soul,2021-06-02 18:08:42,0,file:///Volumes/Seagate%20Thunderbolt%20Drive/Music/Diana%20Ross/Motown%20the%20Complete%20No.1's/137%20Upside%20Down.mp3
46054,Turned Away,Chuckii Booker,,Classic Soul,2021-06-05 19:22:19,0,file:///Volumes/Seagate%20Thunderbolt%20Drive/Music/Chuckii%20Booker/Unknown%20Album/01%20Turned%20Away.mp3
58404,Turn The Beat Around - 8A/11A,Evelyn Champagne King,,Disco,2021-06-03 02:51:03,0,file:///Volumes/Seagate%20Thunderbolt%20Drive/Music/Evelyn%20Champagne%20King/Unknown%20Album/Turn%20The%20Beat%20Around%20-%208A_11A.mp3
48526,Tryin' to get over,D Train ,,Classic Soul,2021-05-28 00:53:39,0,file:///Volumes/Seagate%20Thunderbolt%20Drive/Music/D%20Train/Unknown%20Album/Tryin'%20to%20get%20over.mp3
116626,Tribute (Right On),The Passadenas,Boogie Nights: Dance Hits Of The 70's & 80's (disc 4/4),70's & 80's,2021-05-25 21:00:21,0,file:///Volumes/Seagate%20Thunderbolt%20Drive/Music/Various%20Artiist/Boogie%20Nights_%20Dance%20Hits%20Of%20The%2070's%20&%2080's%20(disc%204_4)/08%20Tribute%20(Right%20On).mp3
122902,Too Hot,Kool and the Gang,Sounds of the Eighties - 1980,Classic 80's Music,2021-06-08 12:01:00,0,file:///Volumes/Seagate%20Thunderbolt%20Drive/Music/Various%20Artiist/Sounds%20of%20the%20Eighties%20-%201980/08%20Too%20Hot.mp3
90874,Too Close - 10B/10A,Next,Rated Next,R&B,2021-06-01 10:49:54,0,file:///Volumes/Seagate%20Thunderbolt%20Drive/Music/Next/Rated%20Next/Too%20Close%20-%2010B_10A.mp3
36870,Tonights Is The Night,Betty Wright,Clean Up Woman and Other Hits,Classic Soul,2021-05-14 12:31:10,0,file:///Volumes/Seagate%20Thunderbolt%20Drive/Music/Betty%20Wright/Clean%20Up%20Woman%20and%20Other%20Hits/10%20Tonights%20Is%20The%20Night.mp3
90118,This Will Be ,Natalie Cole ,Forever Love 70s,Classic Soul,2021-05-29 09:58:28,0,file:///Volumes/Seagate%20Thunderbolt%20Drive/Music/Natalie%20Cole/Forever%20Love%2070s/06%20This%20Will%20Be.mp3
101752,This Is For The Lover In You,Shalamar ,,Classic Soul,2021-05-22 16:45:12,0,file:///Volumes/Seagate%20Thunderbolt%20Drive/Music/Shalamar/Unknown%20Album/This%20Is%20For%20The%20Lover%20In%20You.mp3
107096,Up In Here - 7A/8A,The Bar-Kays,,Funk,2021-05-24 01:23:50,0,file:///Volumes/Seagate%20Thunderbolt%20Drive/Music/The%20Bar-Kays/Unknown%20Album/08%20Up%20In%20Here%20-%207A_8A.mp3
33932,When Love Calls,Atlantic Starr,Secret lovers,Classic Soul,2021-05-19 13:08:18,0,file:///Volumes/Seagate%20Thunderbolt%20Drive/Music/Atlantic%20Starr/Secret%20lovers/02%20When%20Love%20Calls.mp3
116480,When My Heart Finds Christmas,"Harry Connick, Jr.",All Time Greatest Christmas Songs,2021-05-24 03:48:40,2014-08-26 01:59:59,0,file:///Volumes/Seagate%20Thunderbolt%20Drive/Music/Various%20Artiist/All%20Time%20Greatest%20Christmas%20Songs/When%20My%20Heart%20Finds%20Christmas.mp3
64794,When My Heart Finds Christmas,"Harry Connick, Jr.",,2021-05-25 04:59:00,2014-08-26 01:59:59,0,"file:///Volumes/Seagate%20Thunderbolt%20Drive/Music/Harry%20Connick,%20Jr_/Unknown%20Album/When%20My%20Heart%20Finds%20Christmas.mp3"
48636,Youre The One For Me 12inch,D-Train,,Classic Soul,2021-06-04 14:29:48,0,file:///Volumes/Seagate%20Thunderbolt%20Drive/Music/D-Train/Unknown%20Album/Youre%20The%20One%20For%20Me%2012inch.mp3
116738,Young Hearts Run Free,Candi Staton,Classic Soul Anthems,Classic Soul,2021-05-27 06:38:02,0,file:///Volumes/Seagate%20Thunderbolt%20Drive/Music/Various%20Artiist/Classic%20Soul%20Anthems/12%20Young%20Hearts%20Run%20Free.mp3
48528,You're The One For Me (Special Dub Vocal Edit),D Train ,,Classic Soul,2021-05-25 09:38:07,0,file:///Volumes/Seagate%20Thunderbolt%20Drive/Music/D%20Train/Unknown%20Album/You're%20The%20One%20For%20Me%20(Special%20Dub%20Vocal%20Edit).mp3
116762,You're All I Need To Get By - 11B/8A - 11B/8A,Marvin Gaye & Tammi Terrell,Classic Soul Anthems,Classic Soul,2021-05-22 04:04:02,0,file:///Volumes/Seagate%20Thunderbolt%20Drive/Music/Various%20Artiist/Classic%20Soul%20Anthems/17%20You're%20All%20I%20Need%20To%20Get%20By%20-%2011B_8A%20-%2011B_8A.mp3
109334,You Gonna Make Me Love Somebody Else - 2A/12A,The Jones Girls,Love Train • The Sound Of Philadelphia [Disc 4],R&B,2021-05-25 14:43:52,0,file:///Volumes/Seagate%20Thunderbolt%20Drive/Music/The%20Jones%20Girls/Love%20Train%20%E2%80%A2%20The%20Sound%20Of%20Philadelphia%20%5BDisc%204%5D/4-12%20You%20Gonna%20Make%20Me%20Love%20Somebody%20Else%20-%202A_12A.mp3
107100,You Dropped The Bomb On Me ,The Bar-Kays,,Funk,2021-06-03 12:01:28,0,file:///Volumes/Seagate%20Thunderbolt%20Drive/Music/The%20Bar-Kays/Unknown%20Album/You%20Dropped%20The%20Bomb%20On%20Me.mp3
106034,You Cant Hide From Yourself,Teddy Pendergrass ,,Classic Soul,2021-06-01 07:40:03,0,file:///Volumes/Seagate%20Thunderbolt%20Drive/Music/Teddy%20Pendergrass/Unknown%20Album/You%20Cant%20Hide%20From%20Yourself.mp3
92206, You Can Do It,One Way feat Al Hudson,Classic Funk Disco Music,Disco,2021-06-09 17:15:55,0,file:///Volumes/Seagate%20Thunderbolt%20Drive/Music/One%20Way%20feat%20Al%20Hudson/Classic%20Funk%20Disco%20Music/_You%20Can%20Do%20It.mp3
33110,You Bring Me Joy,Anita Baker,Rapture,Classic Soul,2021-05-22 11:16:12,0,file:///Volumes/Seagate%20Thunderbolt%20Drive/Music/Anita%20Baker/Rapture/02%20You%20Bring%20Me%20Joy.mp3
108404,Yes I Am - 12A/11A,The Emotions,"Best of My Love, The Best of the Emotions",2021-05-29 09:01:00,2014-08-26 01:59:59,0,"file:///Volumes/Seagate%20Thunderbolt%20Drive/Music/The%20Emotions/Best%20of%20My%20Love,%20The%20Best%20of%20the%20Emotions/16%20Yes%20I%20Am%20-%2012A_11A.mp3"
43586,Word Up,Cameo,The Best Of Cameo,Funk,2021-05-29 00:36:33,0,file:///Volumes/Seagate%20Thunderbolt%20Drive/Music/Cameo/The%20Best%20Of%20Cameo/01%20Word%20Up.mp3
96582,A Women Needs Love,Ray Parker Jr & Raydio ,,Classic Soul,2021-05-15 08:29:22,0,file:///Volumes/Seagate%20Thunderbolt%20Drive/Music/Ray%20Parker%20Jr%20&%20Raydio/Unknown%20Album/A%20Women%20Needs%20Love.mp3
97212,Who's Foolin' Who,Rene & Angela,Street Called Desire...And More,Classic Soul,2021-05-17 13:29:17,0,file:///Volumes/Seagate%20Thunderbolt%20Drive/Music/Rene%20&%20Angela/Street%20Called%20Desire...And%20More/07%20Who's%20Foolin'%20Who.mp3
36788,Who Do You Love,Bernard Wright,,Classic Soul,2021-06-05 20:01:00,0,file:///Volumes/Seagate%20Thunderbolt%20Drive/Music/Bernard%20Wright/Unknown%20Album/Who%20Do%20You%20Love.mp3
92304,White Christmas,Otis Redding,,Christmas,2021-05-31 07:54:37,0,file:///Volumes/Seagate%20Thunderbolt%20Drive/Music/Otis%20Redding/Unknown%20Album/White%20Christmas.mp3
47466,White Christmas,Otis Redding,Ultimate Soul Christmas (Disc 1),Holiday/Soul,2021-05-24 18:03:38,0,file:///Volumes/Seagate%20Thunderbolt%20Drive/Music/Compilations/Ultimate%20Soul%20Christmas%20(Disc%201)/1-02%20White%20Christmas.mp3
38462,White Christmas,Bing Crosby,,Christmas,2021-06-05 01:39:45,0,file:///Volumes/Seagate%20Thunderbolt%20Drive/Music/Bing%20Crosby/Unknown%20Album/White%20Christmas.mp3
116482,White Christmas,Bing Crosby,All Time Greatest Christmas Songs,Holiday/Pop,2021-05-28 07:02:27,0,file:///Volumes/Seagate%20Thunderbolt%20Drive/Music/Various%20Artiist/All%20Time%20Greatest%20Christmas%20Songs/White%20Christmas.mp3
103118,Where Do You Want Me To Put It - 2A/4B - 2A/4B,Solo,Solo,Classic Soul,2021-05-14 13:11:38,0,file:///Volumes/Seagate%20Thunderbolt%20Drive/Music/Solo/Solo/10%20Where%20Do%20You%20Want%20Me%20To%20Put%20It%20-%202A_4B%20-%202A_4B.mp3
96178,Where Are You (Silk's Old School),Rahsaan Patterson,Where You Are (CDM),Classic Soul,2021-06-04 15:52:47,0,file:///Volumes/Seagate%20Thunderbolt%20Drive/Music/Rahsaan%20Patterson/Where%20You%20Are%20(CDM)/01%20Where%20Are%20You%20(Silk's%20Old%20School).mp3
106032,When Somebody Loves You Back - 8B/8A - 8B/8A,Teddy Pendergrass,,Classic Soul,2021-05-28 02:05:01,0,file:///Volumes/Seagate%20Thunderbolt%20Drive/Music/Teddy%20Pendergrass/Unknown%20Album/When%20Somebody%20Loves%20You%20Back%20-%208B_8A%20-%208B_8A.mp3
82996,This Is Christmas,Luther Vandross,,Christmas,2021-06-04 10:11:45,0,file:///Volumes/Seagate%20Thunderbolt%20Drive/Music/Luther%20Vandross/Unknown%20Album/This%20Is%20Christmas.mp3
82976,This Is Christmas,Luther Vandross,Ultimate Soul Christmas (Disc 1),Holiday/Soul,2021-05-12 09:07:04,0,file:///Volumes/Seagate%20Thunderbolt%20Drive/Music/Luther%20Vandross/Ultimate%20Soul%20Christmas%20(Disc%201)/1-01%20This%20Is%20Christmas.mp3
53742,This Christmas,Donny Hathaway,,Christmas,2021-05-14 03:41:40,0,file:///Volumes/Seagate%20Thunderbolt%20Drive/Music/Donny%20Hathaway/Unknown%20Album/This%20Christmas.mp3
53736,This Christmas,Donny Hathaway,Ultimate Soul Christmas (Disc 1),Holiday/Soul,2021-06-08 16:45:18,0,file:///Volumes/Seagate%20Thunderbolt%20Drive/Music/Donny%20Hathaway/Ultimate%20Soul%20Christmas%20(Disc%201)/1-03%20This%20Christmas.mp3
102592,Snap Shot [Single Edit],Slave feat. Steve Arrington,The Definitive Groove Collection CD2,Classic Soul,2021-05-28 21:06:27,0,file:///Volumes/Seagate%20Thunderbolt%20Drive/Music/Slave%20feat.%20Steve%20Arrington/The%20Definitive%20Groove%20Collection%20CD2/01%20Snap%20Shot%20%5BSingle%20Edit%5D.mp3
116594,The Smurf,Tyrone Brunson,Boogie Nights: Dance Hits Of The 70's & 80's (disc 3/4),70's & 80's,2021-05-29 02:04:43,0,file:///Volumes/Seagate%20Thunderbolt%20Drive/Music/Various%20Artiist/Boogie%20Nights_%20Dance%20Hits%20Of%20The%2070's%20&%2080's%20(disc%203_4)/12%20The%20Smurf.mp3
81852,Slow Down - 9A/10A,Loose Ends,The Best Of,Classic Soul,2021-06-03 16:33:50,0,file:///Volumes/Seagate%20Thunderbolt%20Drive/Music/Loose%20Ends/The%20Best%20Of/04%20Slow%20Down%20-%209A_10A.mp3
102550,Slide ,Slave Featuring Steve Arrington,The Best Of Slave,Classic Soul,2021-06-02 19:39:37,0,file:///Volumes/Seagate%20Thunderbolt%20Drive/Music/Slave/The%20Best%20Of%20Slave/01%20Slide.mp3
32936,Sleigh Ride,Andy Williams,,Christmas,2021-06-06 23:41:29,0,file:///Volumes/Seagate%20Thunderbolt%20Drive/Music/Andy%20Williams/Unknown%20Album/Sleigh%20Ride.mp3
116466,Sleigh Ride,Andy Williams,All Time Greatest Christmas Songs,Holiday/Pop,2021-05-12 02:07:20,0,file:///Volumes/Seagate%20Thunderbolt%20Drive/Music/Various%20Artiist/All%20Time%20Greatest%20Christmas%20Songs/Sleigh%20Ride.mp3
44728,Silent Night,Charlotte Church,,Christmas,2021-05-29 04:23:08,0,file:///Volumes/Seagate%20Thunderbolt%20Drive/Music/Charlotte%20Church/Unknown%20Album/Silent%20Night.mp3
116464,Silent Night,Charlotte Church,All Time Greatest Christmas Songs,Holiday/Pop,2021-05-19 14:35:30,0,file:///Volumes/Seagate%20Thunderbolt%20Drive/Music/Various%20Artiist/All%20Time%20Greatest%20Christmas%20Songs/Silent%20Night.mp3
103832,"Signed, Sealed, Delivered (I'm Yours)",Stevie Wonder,2021-06-04 00:03:11, Today, Forever",Classic Soul,2014-08-26 01:59:59,0,"file:///Volumes/Seagate%20Thunderbolt%20Drive/Music/Stevie%20Wonder/Motown%2050%20Yesterday,%20Today,%20Forever/36%20Signed,%20Sealed,%20Delivered%20(I'm%20Yours).mp3"
55684,shining star,"Earth, Wind & Fire",The Very Best,2021-06-09 16:26:45,2014-08-26 01:59:59,0,"file:///Volumes/Seagate%20Thunderbolt%20Drive/Music/Earth,%20Wind%20&%20Fire/The%20Very%20Best/06%20shining%20star.mp3"
116592,Shine On,George Duke,Boogie Nights: Dance Hits Of The 70's & 80's (disc 3/4),70's & 80's,2021-05-21 17:51:55,0,file:///Volumes/Seagate%20Thunderbolt%20Drive/Music/Various%20Artiist/Boogie%20Nights_%20Dance%20Hits%20Of%20The%2070's%20&%2080's%20(disc%203_4)/11%20Shine%20On.mp3
43584,She's Strange - 4A,Cameo,Keep It Hot [Bonus Tracks],Funk,2021-05-27 01:08:19,0,file:///Volumes/Seagate%20Thunderbolt%20Drive/Music/Cameo/Keep%20It%20Hot%20%5BBonus%20Tracks%5D/03%20She's%20Strange%20-%204A.mp3
69916,She's Got To Be A Dancer,Jerry Knight,,Classic Soul,2021-06-03 15:12:22,0,file:///Volumes/Seagate%20Thunderbolt%20Drive/Music/Jerry%20Knight/Unknown%20Album/She's%20Got%20To%20Be%20A%20Dancer.mp3
43808,"She's A Bad Mama Jama (She's Built, She's Stacked) (12'' Version)",Carl Carlton,Old School Jams - Gold (CD1),2021-06-05 01:04:23,2014-08-26 01:59:59,0,"file:///Volumes/Seagate%20Thunderbolt%20Drive/Music/Carl%20Carlton/Old%20School%20Jams%20-%20Gold%20(CD1)/02%20She's%20A%20Bad%20Mama%20Jama%20(She's%20Built,%20She's%20Stacked)%20(12''%20Version).mp3"
58360,Shame,"Evelyn ""Champagne"" King",Let's Get Funky,Classic Soul,2021-05-28 20:22:37,0,file:///Volumes/Seagate%20Thunderbolt%20Drive/Music/Evelyn%20_Champagne_%20King/Let's%20Get%20Funky/01%20Shame.mp3
93118,Shake Your Groove Thing,Peaches & Herb,The Best Of Peaches & Herb,Classic Soul,2021-05-17 09:29:22,0,file:///Volumes/Seagate%20Thunderbolt%20Drive/Music/Peaches%20&%20Herb/The%20Best%20Of%20Peaches%20&%20Herb/01%20Shake%20Your%20Groove%20Thing.mp3
116584,Shake It Up Tonight,Cheryl Lynn,Boogie Nights: Dance Hits Of The 70's & 80's (disc 3/4),70's & 80's,2021-06-01 03:42:58,0,file:///Volumes/Seagate%20Thunderbolt%20Drive/Music/Various%20Artiist/Boogie%20Nights_%20Dance%20Hits%20Of%20The%2070's%20&%2080's%20(disc%203_4)/07%20Shake%20It%20Up%20Tonight.mp3
129608,Sexy Lady (Remix) W/ Jim Jones,Young Berg,Hot 97 Playlist Three,Rap & Hip-Hop,2021-06-08 07:03:35,0,file:///Volumes/Seagate%20Thunderbolt%20Drive/Music/Young%20Berg/Hot%2097%20Playlist%20Three/2-13%20Sexy%20Lady%20(Remix)%20W_%20Jim%20Jones.mp3
103964,Set It Off,Strafe,Jus Born 12'',Classic Soul,2021-05-27 13:09:00,0,file:///Volumes/Seagate%20Thunderbolt%20Drive/Music/Strafe/Jus%20Born%2012''/Set%20It%20Off.mp3
116548,September,"Earth, Wind & Fire",Boogie Nights: Dance Hits Of The 70's & 80's (disc 2/4),2021-05-27 08:20:45,2014-08-26 01:59:59,0,file:///Volumes/Seagate%20Thunderbolt%20Drive/Music/Various%20Artiist/Boogie%20Nights_%20Dance%20Hits%20Of%20The%2070's%20&%2080's%20(disc%202_4)/09%20September.mp3
101738,The Second Time Around,Shalamar,Party Party,Classic Soul,2021-06-01 00:51:30,0,file:///Volumes/Seagate%20Thunderbolt%20Drive/Music/Shalamar/Party%20Party/2-13%20The%20Second%20Time%20Around.mp3
65406,So Fine,Howard Johnson,Soul Funk & Disco Classics,Classic Soul,2021-05-18 17:38:06,0,file:///Volumes/Seagate%20Thunderbolt%20Drive/Music/Howard%20Johnson/Soul%20Funk%20&%20Disco%20Classics/So%20Fine.mp3
86200,Joy And Pain,Maze,The Very Best Of Jazz Funk - CD1,Classic Soul,2021-05-21 01:47:16,0,file:///Volumes/Seagate%20Thunderbolt%20Drive/Music/Maze/The%20Very%20Best%20Of%20Jazz%20Funk%20-%20CD1/06%20Joy%20And%20Pain.mp3
100568,So You Like What You See (Orig Ext Album mix),Samuelle,,Classic Soul,2021-06-06 21:54:54,0,file:///Volumes/Seagate%20Thunderbolt%20Drive/Music/Samuelle/Unknown%20Album/01%20So%20You%20Like%20What%20You%20See%20(Orig%20Ext%20Album%20mix).mp3
107094,Son of Shaft,The Bar-Kays,,Funk,2021-05-20 09:02:26,0,file:///Volumes/Seagate%20Thunderbolt%20Drive/Music/The%20Bar-Kays/Unknown%20Album/02%20Son%20of%20Shaft.mp3
126536,This Beat Is Mine (Extended version) ,Vicky ''D'' ,,Classic Soul,2021-05-28 22:18:04,0,file:///Volumes/Seagate%20Thunderbolt%20Drive/Music/Vicky%20''D''/Unknown%20Album/This%20Beat%20Is%20Mine%20(Extended%20version).mp3
112488,Tender Kisses,Tracy Spencer,Make the Difference,Classic Soul,2021-05-28 05:33:07,0,file:///Volumes/Seagate%20Thunderbolt%20Drive/Music/Tracie%20Spencer/Make%20the%20Difference/03%20Tender%20Kisses.mp3
110390,Tell Me If You Still Care [Single],The S.O.S. Band,Greatest Hits,Classic Soul,2021-05-15 01:51:00,0,file:///Volumes/Seagate%20Thunderbolt%20Drive/Music/The%20S.O.S.%20Band/Greatest%20Hits/04%20Tell%20Me%20If%20You%20Still%20Care%20%5BSingle%5D.mp3
110544,Take Your Time (Do It Right). - 8A/9A,The SOS Gap Band ,,Classic Soul,2021-05-17 22:24:20,0,file:///Volumes/Seagate%20Thunderbolt%20Drive/Music/The%20SOS%20Gap%20Band/Unknown%20Album/Take%20Your%20Time%20(Do%20It%20Right).%20-%208A_9A.mp3
82978,Take You Out Tonight Allstar Remix ,Luther Vandross,,Classic Soul,2021-06-10 10:23:20,0,file:///Volumes/Seagate%20Thunderbolt%20Drive/Music/Luther%20Vandross/Unknown%20Album/01%20Take%20You%20Out%20Tonight%20Allstar%20Remix.mp3
33108,Sweet Love,Anita Baker,Rapture,Classic Soul,2021-06-09 20:34:17,0,file:///Volumes/Seagate%20Thunderbolt%20Drive/Music/Anita%20Baker/Rapture/01%20Sweet%20Love.mp3
47704,Sweet Baby,Cool Million feat Meli'sa Morgan ,,Classic Soul,2021-05-14 20:48:56,0,file:///Volumes/Seagate%20Thunderbolt%20Drive/Music/Cool%20Million%20feat%20Meli'sa%20Morgan/Unknown%20Album/Sweet%20Baby.mp3
123234,Sukiyaki,A Taste of Honey,Sounds of the Eighties - The Early 80s - Take Two,Classic 80's Music,2021-05-23 16:51:50,0,file:///Volumes/Seagate%20Thunderbolt%20Drive/Music/Various%20Artiist/Sounds%20of%20the%20Eighties%20-%20The%20Early%2080s%20-%20Take%20Two/09%20Sukiyaki.mp3
33854,Street  Corner 93 - 7A/8B,Ashford & Simpson,The Best Of Ashford & Simpson,Classic Soul,2021-05-22 15:43:31,0,file:///Volumes/Seagate%20Thunderbolt%20Drive/Music/Ashford%20&%20Simpson/The%20Best%20Of%20Ashford%20&%20Simpson/03%20Street%20%20Corner%2093%20-%207A_8B.mp3
42046,Strawberry Letter #23,Brothers Johnson,Pulp Fiction Collectors Edition OST,Classic Soul,2021-05-22 05:41:46,0,file:///Volumes/Seagate%20Thunderbolt%20Drive/Music/Brothers%20Johnson/Pulp%20Fiction%20Collectors%20Edition%20OST/19%20Strawberry%20Letter%20%2323.mp3
71768,Stop The Cavalry,Jona Lewie,,Christmas,2021-06-06 03:52:57,0,file:///Volumes/Seagate%20Thunderbolt%20Drive/Music/Jona%20Lewie/Unknown%20Album/Stop%20The%20Cavalry.mp3
117212,Stop The Cavalry,Jona Lewie,Greatest Hits of The 80's Cd1,Greatest Hits Of The 80's,2021-05-31 00:20:34,0,file:///Volumes/Seagate%20Thunderbolt%20Drive/Music/Various%20Artiist/Greatest%20Hits%20of%20The%2080's%20Cd1/03%20Stop%20The%20Cavalry.mp3
56438,Step Into Christmas,Elton John,,Christmas,2021-05-28 21:03:07,0,file:///Volumes/Seagate%20Thunderbolt%20Drive/Music/Elton%20John/Unknown%20Album/Step%20Into%20Christmas.mp3
116468,Step into Christmas,Elton John,All Time Greatest Christmas Songs,Holiday/Pop,2021-05-17 18:05:28,0,file:///Volumes/Seagate%20Thunderbolt%20Drive/Music/Various%20Artiist/All%20Time%20Greatest%20Christmas%20Songs/Step%20into%20Christmas.mp3
81864,Stay A Little While Child,Loose Ends,The Best Of,Classic Soul,2021-05-31 12:10:04,0,file:///Volumes/Seagate%20Thunderbolt%20Drive/Music/Loose%20Ends/The%20Best%20Of/11%20Stay%20A%20Little%20While%20Child.mp3
106146,Square Biz (instrumental) (12-,Teena Marie,Teena,Classic Soul,2021-05-14 23:42:48,0,file:///Volumes/Seagate%20Thunderbolt%20Drive/Music/Teena%20Marie/Teena/10%20Square%20Biz%20(instrumental)%20(12-.mp3
106134,"Square Biz (Full 12"" Mix) - 9A/8A",Teena Marie,Teena,Classic Soul,2021-05-25 11:59:12,0,file:///Volumes/Seagate%20Thunderbolt%20Drive/Music/Teena%20Marie/Teena/06%20Square%20Biz%20(Full%2012_%20Mix)%20-%209A_8A.mp3
95690,Spendin Money - 1A/11A - 1A/11A,R Kelly ,,R&B,2021-05-21 21:59:56,0,file:///Volumes/Seagate%20Thunderbolt%20Drive/Music/R%20Kelly/Unknown%20Album/Spendin%20Money%20-%201A_11A%20-%201A_11A.mp3
104436,Special Occasion,Syleena Johnson,Chapter 3: The Flesh,R&B,2021-06-01 00:34:13,0,file:///Volumes/Seagate%20Thunderbolt%20Drive/Music/Syleena%20Johnson/Chapter%203_%20The%20Flesh/04%20Special%20Occasion.mp3
110546,The Soul Train Gang Soul Train Theme (1976),The Soul Train Gang,,Classic Soul,2021-05-27 19:40:05,0,file:///Volumes/Seagate%20Thunderbolt%20Drive/Music/The%20Soul%20Train%20Gang/Unknown%20Album/The%20Soul%20Train%20Gang%20Soul%20Train%20Theme%20(1976).mp3
84130,Soul Makossa - 8A,Manu Dibango,                              ,Funk/Jazz,2021-05-18 04:55:50,0,file:///Volumes/Seagate%20Thunderbolt%20Drive/Music/Manu%20Dibango/_%20%20%20%20%20%20%20%20%20%20%20%20%20%20%20%20%20%20%20%20%20%20%20%20%20%20%20%20_/08%20Soul%20Makossa%20-%208A.mp3
48524,Somethings On Your Mind,D Train,,Classic Soul,2021-06-10 10:14:26,0,file:///Volumes/Seagate%20Thunderbolt%20Drive/Music/D%20Train/Unknown%20Album/03%20Somethings%20On%20Your%20Mind.mp3
126000,Joy & Pain (World To World Remix) - 7A/6B,Rob Base And Dj E-Z Rock,Deep Heat 3 Cd2,Old School Rap,2021-05-21 03:56:50,0,file:///Volumes/Seagate%20Thunderbolt%20Drive/Music/Various%20Artists/Deep%20Heat%203%20Cd2/04%20Joy%20&%20Pain%20(World%20To%20World%20Remix)%20-%207A_6B.mp3
102590,Just a touch of love [Jazzy instrumental version],Slave feat. Steve Arrington,The Definitive Groove Collection CD1,Classic Soul,2021-05-13 09:17:22,0,file:///Volumes/Seagate%20Thunderbolt%20Drive/Music/Slave%20feat.%20Steve%20Arrington/The%20Definitive%20Groove%20Collection%20CD1/15%20Just%20a%20touch%20of%20love%20%5BJazzy%20instrumental%20version%5D.mp3
50968,Its Gonna Take A Miracle,Deniece Williams ,,Classic Soul,2021-05-30 08:30:08,0,file:///Volumes/Seagate%20Thunderbolt%20Drive/Music/Deniece%20Williams/Unknown%20Album/Its%20Gonna%20Take%20A%20Miracle.mp3
102618,Dancin' In The Key Of Life - 12A/1A,Slave feat. Steve Arrington,The Definitive Groove Collection CD2,Classic Soul,2021-05-21 15:23:25,0,file:///Volumes/Seagate%20Thunderbolt%20Drive/Music/Slave%20feat.%20Steve%20Arrington/The%20Definitive%20Groove%20Collection%20CD2/14%20Dancin'%20In%20The%20Key%20Of%20Life%20-%2012A_1A.mp3
64136,Dancin',Guy,Dancin' [Single],R&B,2021-05-18 22:01:05,0,file:///Volumes/Seagate%20Thunderbolt%20Drive/Music/Guy/Dancin'%20%5BSingle%5D/01%20Dancin'.mp3
82370,DanceTonight(Accapella),Lucy Pearl,,Classic Soul,2021-05-29 14:44:48,0,file:///Volumes/Seagate%20Thunderbolt%20Drive/Music/Lucy%20Pearl/Unknown%20Album/DanceTonight(Accapella).mp3
82376,Dance Tonight ,Lucy Pearl ft. Grand Puba,Rare Rnb & New Jack Vol. 15,Classic Soul,2021-05-20 20:49:33,0,file:///Volumes/Seagate%20Thunderbolt%20Drive/Music/Lucy%20Pearl%20ft.%20Grand%20Puba/Rare%20Rnb%20&%20New%20Jack%20Vol.%2015/08%20Dance%20Tonight.mp3
82374,Dance Tonight,Lucy Pearl,X-Mix,Classic Soul,2021-05-26 18:11:55,0,file:///Volumes/Seagate%20Thunderbolt%20Drive/Music/Lucy%20Pearl/X-Mix/14%20Dance%20Tonight.mp3
102746,Dance To The Music,Sly & The Family Stone,The Best Of Sly & The Family Stone,Classic Soul,2021-06-03 05:06:18,0,file:///Volumes/Seagate%20Thunderbolt%20Drive/Music/Sly%20&%20The%20Family%20Stone/The%20Best%20Of%20Sly%20&%20The%20Family%20Stone/01%20Dance%20To%20The%20Music.mp3
102300,Dance For Me,Sisqo,Return Of The Dragon,R&B,2021-05-17 22:25:46,0,file:///Volumes/Seagate%20Thunderbolt%20Drive/Music/Sisqo/Return%20Of%20The%20Dragon/Dance%20For%20Me.mp3
119918,Dance For Me,Sisqó,Now Thats What I Call Music - 49,Pop,2021-05-15 22:54:39,0,file:///Volumes/Seagate%20Thunderbolt%20Drive/Music/Various%20Artiist/Now%20Thats%20What%20I%20Call%20Music%20-%2049/18%20Dance%20For%20Me.mp3
31736,Da Da Da (Original Mix),Albin Myers ,,Classic Soul,2021-06-08 16:42:43,0,file:///Volumes/Seagate%20Thunderbolt%20Drive/Music/Albin%20Myers/Unknown%20Album/Da%20Da%20Da%20(Original%20Mix).mp3
92198,Cutie Pie,One Way,As Tijoladas do Edinho Vol 2,Classic Soul,2021-06-07 14:41:20,0,file:///Volumes/Seagate%20Thunderbolt%20Drive/Music/One%20Way/As%20Tijoladas%20do%20Edinho%20Vol%202/1-03%20Cutie%20Pie.mp3
90728,Cool It Now,New Edition,Greatest Hits [Vol.1],Classic Soul,2021-05-11 15:20:55,0,file:///Volumes/Seagate%20Thunderbolt%20Drive/Music/New%20Edition/Greatest%20Hits%20%5BVol.1%5D/06%20Cool%20It%20Now.mp3
59112,Collard Greens And Cornbread,Fantasia,Back To Me,R&B,2021-05-22 05:12:15,0,file:///Volumes/Seagate%20Thunderbolt%20Drive/Music/Fantasia/Back%20To%20Me/05%20Collard%20Greens%20And%20Cornbread.mp3
80426,Club Lonely,Lil' louis,Various - Where are those ... Crazy Times vol.3,Club,2021-05-19 02:54:52,0,file:///Volumes/Seagate%20Thunderbolt%20Drive/Music/Lil'%20louis/Various%20-%20Where%20are%20those%20...%20Crazy%20Times%20vol.3/Club%20Lonely.mp3
33916,Circles,Atlantic Starr,Greatest Hits,R&B,2021-05-20 10:39:32,0,file:///Volumes/Seagate%20Thunderbolt%20Drive/Music/Atlantic%20Starr/Greatest%20Hits/02%20Circles.mp3
51364,Christmas Time Is Here,Diana Krall,,Christmas,2021-05-21 10:29:41,0,file:///Volumes/Seagate%20Thunderbolt%20Drive/Music/Diana%20Krall/Unknown%20Album/Christmas%20Time%20Is%20Here.mp3
51240,Christmas Time Is Here,Diana Krall,Christmas Songs,Jazz,2021-06-04 13:38:35,0,file:///Volumes/Seagate%20Thunderbolt%20Drive/Music/Diana%20Krall/Christmas%20Songs/06%20Christmas%20Time%20Is%20Here.mp3
34992,Christmas Time,Backstreet Boys,,Christmas,2021-05-26 08:21:23,0,file:///Volumes/Seagate%20Thunderbolt%20Drive/Music/Backstreet%20Boys/Unknown%20Album/Christmas%20Time.mp3
116422,Christmas Time,Backstreet Boys,All Time Greatest Christmas Songs,Holiday/Pop,2021-06-02 20:38:03,0,file:///Volumes/Seagate%20Thunderbolt%20Drive/Music/Various%20Artiist/All%20Time%20Greatest%20Christmas%20Songs/Christmas%20Time.mp3
101916,A Christmas Song,Shawn Phillips,,Christmas,2021-06-02 04:21:43,0,file:///Volumes/Seagate%20Thunderbolt%20Drive/Music/Shawn%20Phillips/Unknown%20Album/A%20Christmas%20Song.mp3
116412,A Christmas Song,Shawn Phillips,All Time Greatest Christmas Songs,Holiday/Pop,2021-05-27 17:08:13,0,file:///Volumes/Seagate%20Thunderbolt%20Drive/Music/Various%20Artiist/All%20Time%20Greatest%20Christmas%20Songs/A%20Christmas%20Song.mp3
41448,Changin - 7A,Brass Construction,                              ,Funk/Soul,2021-06-10 01:18:10,0,file:///Volumes/Seagate%20Thunderbolt%20Drive/Music/Brass%20Construction/_%20%20%20%20%20%20%20%20%20%20%20%20%20%20%20%20%20%20%20%20%20%20%20%20%20%20%20%20_/Changin%20-%207A.mp3
101736,Dancing In The Sheets,Shalamar,"Dance Classics Hits, Vol. 5",2021-05-25 15:41:33,2014-08-26 01:59:59,0,"file:///Volumes/Seagate%20Thunderbolt%20Drive/Music/Shalamar/Dance%20Classics%20Hits,%20Vol.%205/10%20Dancing%20In%20The%20Sheets.mp3"
116604,Centipede,Rebbie Jackson,Boogie Nights: Dance Hits Of The 70's & 80's (disc 3/4),70's & 80's,2021-05-28 17:22:25,0,file:///Volumes/Seagate%20Thunderbolt%20Drive/Music/Various%20Artiist/Boogie%20Nights_%20Dance%20Hits%20Of%20The%2070's%20&%2080's%20(disc%203_4)/17%20Centipede.mp3
110016,"Darlin' Darlin' Baby (Sweet, Tender, Love)",The O'Jays,2021-05-21 07:48:37,Classic Soul,2014-08-26 01:59:59,0,"file:///Volumes/Seagate%20Thunderbolt%20Drive/Music/The%20O'Jays/The%20Essential%20O'Jays/26%20Darlin'%20Darlin'%20Baby%20(Sweet,%20Tender,%20Love).mp3"
103876,Do I Do - 11A/12A,Stevie Wonder,The Definitive Collection,Classic Soul,2021-05-24 12:36:51,0,file:///Volumes/Seagate%20Thunderbolt%20Drive/Music/Stevie%20Wonder/The%20Definitive%20Collection/17%20Do%20I%20Do%20-%2011A_12A.mp3
105966,Joy - 9A/8A,Teddy Pendergrass,Jazz Collection,Classic Soul,2021-05-28 09:49:33,0,file:///Volumes/Seagate%20Thunderbolt%20Drive/Music/Teddy%20Pendergrass/Jazz%20Collection/14%20Joy%20-%209A_8A.mp3
102782,Family Affair (Remix) - 7A/6A,Sly & The Family Stone,The Best Of Sly & The Family Stone,Classic Soul,2021-06-08 05:31:04,0,file:///Volumes/Seagate%20Thunderbolt%20Drive/Music/Sly%20&%20The%20Family%20Stone/The%20Best%20Of%20Sly%20&%20The%20Family%20Stone/20%20Family%20Affair%20(Remix)%20-%207A_6A.mp3
106784,Fallin' in Love - 3A,Faith Evans,Bad Boy 10th Anniversary... The Hits,R&B/ Hip Hop,2021-05-22 03:20:49,1,file:///Volumes/Seagate%20Thunderbolt%20Drive/Music/The%20Bad%20Boy%20Family/Bad%20Boy%2010th%20Anniversary...%20The%20Hits/11%20Fallin'%20in%20Love%20-%203A.mp3
58964,Faith Evans All Night Long (Feat Puff Daddy) - 10A/9A - 10A/9A - 10A/9A - 10A/9A,Faith Evans,Keep The Faith,R&B/ Hip Hop,2021-06-04 02:31:01,0,file:///Volumes/Seagate%20Thunderbolt%20Drive/Music/Faith%20Evans/Keep%20The%20Faith/03%20Faith%20Evans%20All%20Night%20Long%20(Feat%20Puff%20Daddy)%20-%2010A_9A%20-%2010A_9A%20-%2010A_9A%20-%2010A_9A.mp3
102760,Everyday People,Sly & The Family Stone,The Best Of Sly & The Family Stone,Classic Soul,2021-06-01 23:22:07,0,file:///Volumes/Seagate%20Thunderbolt%20Drive/Music/Sly%20&%20The%20Family%20Stone/The%20Best%20Of%20Sly%20&%20The%20Family%20Stone/09%20Everyday%20People.mp3
103206,Every Little Thing I Do,Soul for Real,Candy Rain,Classic Soul,2021-05-25 02:22:17,0,file:///Volumes/Seagate%20Thunderbolt%20Drive/Music/Soul%20for%20Real/Candy%20Rain/02%20Every%20Little%20Thing%20I%20Do.mp3
44944,Encore - 3A/3B,Cheryl Lynn,Preppie,Classic Soul,2021-05-21 21:32:00,0,file:///Volumes/Seagate%20Thunderbolt%20Drive/Music/Cheryl%20Lynn/Preppie/01%20Encore%20-%203A_3B.mp3
108908,Early In The Morning - 9A,The Gap Band,Best Of The Gap Gold,R&B/Funk/Soul,2021-06-04 12:59:49,0,file:///Volumes/Seagate%20Thunderbolt%20Drive/Music/The%20Gap%20Band/Best%20Of%20The%20Gap%20Gold/07%20Early%20In%20The%20Morning%20-%209A.mp3
45744,Driving Home For Christmas,Chris Rea,,Christmas,2021-06-08 22:18:16,0,file:///Volumes/Seagate%20Thunderbolt%20Drive/Music/Chris%20Rea/Unknown%20Album/Driving%20Home%20For%20Christmas.mp3
116428,Driving Home for Christmas,Chris Rea,All Time Greatest Christmas Songs,Holiday/Pop,2021-06-08 01:18:41,0,file:///Volumes/Seagate%20Thunderbolt%20Drive/Music/Various%20Artiist/All%20Time%20Greatest%20Christmas%20Songs/Driving%20Home%20for%20Christmas.mp3
45952,Dreamin',Christopher Williams,Changes,Classic Soul,2021-06-03 13:39:38,0,file:///Volumes/Seagate%20Thunderbolt%20Drive/Music/Christopher%20Williams/Changes/12%20Dreamin'.mp3
130236,Doo Wa Ditty (Blow That Thing) - 2A/12A,Zapp ,,Classic Soul,2021-05-18 21:14:33,0,file:///Volumes/Seagate%20Thunderbolt%20Drive/Music/Zapp/Unknown%20Album/Doo%20Wa%20Ditty%20(Blow%20That%20Thing)%20-%202A_12A.mp3
82906,Don't You Know That,Luther Vandross,Never Too Much,Classic Soul,2021-05-16 04:14:23,0,file:///Volumes/Seagate%20Thunderbolt%20Drive/Music/Luther%20Vandross/Never%20Too%20Much/Don't%20You%20Know%20That.MP3
125984,Don't Stop The Music,Yarbrough & Peoples,Billboard Hot R&B Hits 1981,Classic Soul,2021-06-08 01:15:25,0,file:///Volumes/Seagate%20Thunderbolt%20Drive/Music/Various%20Artists/Billboard%20Hot%20R&B%20Hits%201981/01%20Don't%20Stop%20The%20Music.mp3
99578,Don't Stop The Feeling,Roy Ayers,The Millennium Collection,Classic Soul,2021-05-18 03:11:20,0,file:///Volumes/Seagate%20Thunderbolt%20Drive/Music/Roy%20Ayers/The%20Millennium%20Collection/02%20Don't%20Stop%20The%20Feeling.mp3
50978,Don't Look Any Further,Dennis Edwards Featuring Seidah Garrett,Motown the Complete No.1's,Classic Soul,2021-05-15 00:47:21,0,file:///Volumes/Seagate%20Thunderbolt%20Drive/Music/Dennis%20Edwards%20Featuring%20Seidah%20Garrett/Motown%20the%20Complete%20No.1's/167%20Don't%20Look%20Any%20Further.mp3
69400,Don't Let It Go To Your Head,Jean Carne,80's clubsound,Classic Soul,2021-05-27 07:46:48,0,file:///Volumes/Seagate%20Thunderbolt%20Drive/Music/Jean%20Carne/80's%20clubsound/Don't%20Let%20It%20Go%20To%20Your%20Head.mp3
111324,Don't Leave Me This Way - 5A/4A,Thelma Houston,54 Soundtrack [Volume 2],Classic Soul,2021-05-12 13:30:56,0,file:///Volumes/Seagate%20Thunderbolt%20Drive/Music/Thelma%20Houston/54%20Soundtrack%20%5BVolume%202%5D/Don't%20Leave%20Me%20This%20Way%20-%205A_4A.mp3
38876,Doing It In The Park ,Blackbirds ,The Perfect Beats,Classic Soul,2021-06-03 00:33:36,0,file:///Volumes/Seagate%20Thunderbolt%20Drive/Music/Blackbirds/The%20Perfect%20Beats/01%20Doing%20It%20In%20The%20Park.mp3
44542,Do You Love What You Feel,Chaka Khan(Rufus) ,,Classic Soul,2021-05-28 16:59:17,0,file:///Volumes/Seagate%20Thunderbolt%20Drive/Music/Chaka%20Khan(Rufus)/Unknown%20Album/Do%20You%20Love%20What%20You%20Feel.mp3
107106,Do It,The Barkays,Old School Vol. 3,Classic Soul,2021-05-27 10:12:24,0,file:///Volumes/Seagate%20Thunderbolt%20Drive/Music/The%20Barkays/Old%20School%20Vol.%203/32%20Do%20It.mp3
62066,Disco nights (Rock Freak) ,G.Q.,,Disco,2021-05-19 21:19:09,0,file:///Volumes/Seagate%20Thunderbolt%20Drive/Music/G.Q_/Unknown%20Album/12%20Disco%20nights%20(Rock%20Freak).mp3
92850,Feels So Real (Won't Let Go) - 8A/7A,Patrice Rushen,Now,Classic Soul,2021-05-30 03:21:34,0,file:///Volumes/Seagate%20Thunderbolt%20Drive/Music/Patrice%20Rushen/Now/01%20Feels%20So%20Real%20(Won't%20Let%20Go)%20-%208A_7A.mp3
122924,Celebration,Kool and the Gang,Sounds of the Eighties - 1981,Classic 80's Music,2021-05-16 08:23:32,0,file:///Volumes/Seagate%20Thunderbolt%20Drive/Music/Various%20Artiist/Sounds%20of%20the%20Eighties%20-%201981/01%20Celebration.mp3
125174,Caravan Of Love (Original Version),Isley Jasper Isley,Caravan Of Love  (Greatest Versions) ,Classic Soul,2021-05-21 10:53:26,0,file:///Volumes/Seagate%20Thunderbolt%20Drive/Music/Various%20Artist/Caravan%20Of%20Love%20%20(Greatest%20Versions)/01%20Caravan%20Of%20Love%20(Original%20Version).mp3
90844,Be My Wifey (2000) - 5A/6A,Next ,                              ,Classic Soul,2021-05-26 05:07:49,0,file:///Volumes/Seagate%20Thunderbolt%20Drive/Music/Next/_%20%20%20%20%20%20%20%20%20%20%20%20%20%20%20%20%20%20%20%20%20%20%20%20%20%20%20%20_/Be%20My%20Wifey%20(2000)%20-%205A_6A.mp3
85544,Be Happy (bad Boy Remix) - 1A,Mary J. Blige F. Keith Murray-,,R&B/ Hip Hop,2021-05-25 06:15:07,0,file:///Volumes/Seagate%20Thunderbolt%20Drive/Music/Mary%20J.%20Blige%20F.%20Keith%20Murray-/Unknown%20Album/Be%20Happy%20(bad%20Boy%20Remix)%20-%201A.mp3
64726,Bad Luck,Harold Melvin & Blue Notes,The Ultimate Blue Notes,Classic Soul,2021-06-02 14:02:52,0,file:///Volumes/Seagate%20Thunderbolt%20Drive/Music/Harold%20Melvin%20&%20the%20Blue%20Notes/The%20Ultimate%20Blue%20Notes/03%20Bad%20Luck.mp3
126130,Backstrokin ,Fatback Band,"Phat Trax: The Best of Old School, Vol. 2",2021-05-14 07:43:36,2014-08-26 01:59:59,0,"file:///Volumes/Seagate%20Thunderbolt%20Drive/Music/Various%20Artists/Phat%20Trax_%20The%20Best%20of%20Old%20School,%20Vol.%202/02%20Backstrokin.mp3"
98902,Back Together Again,Roberta Flack & Donny Hathaway,Atalntic R&B #8 1970-1974,Classic Soul,2021-05-22 08:46:22,0,file:///Volumes/Seagate%20Thunderbolt%20Drive/Music/Roberta%20Flack%20&%20Donny%20Hathaway/Atalntic%20R&B%20%238%201970-1974/Back%20Together%20Again.mp3
103212,Back To Life (Acapella) - 5A/8A,Soul II Soul,,Classic Soul,2021-05-17 01:01:18,0,file:///Volumes/Seagate%20Thunderbolt%20Drive/Music/Soul%20II%20Soul/Unknown%20Album/Back%20To%20Life%20(Acapella)%20-%205A_8A.mp3
116498,Back Stabbers,The O'Jays,Boogie Nights: Dance Hits Of The 70's & 80's (disc 1),70's & 80's,2021-05-31 02:12:50,0,file:///Volumes/Seagate%20Thunderbolt%20Drive/Music/Various%20Artiist/Boogie%20Nights_%20Dance%20Hits%20Of%20The%2070's%20&%2080's%20(disc%201)/06%20Back%20Stabbers.mp3
41794,Baby One More Time,Britney Spears,Hot Joints,Pop,2021-05-30 22:50:35,0,file:///Volumes/Seagate%20Thunderbolt%20Drive/Music/Britney%20Spears/Hot%20Joints/Baby%20One%20More%20Time.mp3
41706,Baby One More Time,Britney Spears,...Baby One More Time [Australia Single Bonus CD-ROM],Pop,2021-06-02 08:45:29,0,file:///Volumes/Seagate%20Thunderbolt%20Drive/Music/Britney%20Spears/_..Baby%20One%20More%20Time%20%5BAustralia%20Single%20Bonus%20CD-ROM%5D/01%20Baby%20One%20More%20Time.mp3
63886,Baby Luv (remix),Groove Theory,Groove Theory,R&B,2021-05-14 05:58:24,0,file:///Volumes/Seagate%20Thunderbolt%20Drive/Music/Groove%20Theory/Groove%20Theory/15%20Baby%20Luv%20(remix).mp3
116562,Are You Ready,Billy Ocean,Boogie Nights: Dance Hits Of The 70's & 80's (disc 2/4),70's & 80's,2021-05-14 21:38:55,0,file:///Volumes/Seagate%20Thunderbolt%20Drive/Music/Various%20Artiist/Boogie%20Nights_%20Dance%20Hits%20Of%20The%2070's%20&%2080's%20(disc%202_4)/16%20Are%20You%20Ready.mp3
89514,Anything (2011),Musiq Soulchild Feat. Swizz Beatz ,,R&B,2021-05-18 07:10:50,0,file:///Volumes/Seagate%20Thunderbolt%20Drive/Music/Musiq%20Soulchild%20Feat.%20Swizz%20Beatz/Unknown%20Album/Anything%20(2011).mp3
101756,And The Mix Goes On - 7A/10B,"Shalamar, The Whispers & Midnight Star",The Solar System,2021-05-17 06:39:27,2014-08-26 01:59:59,0,"file:///Volumes/Seagate%20Thunderbolt%20Drive/Music/Shalamar,%20The%20Whispers%20&%20Midnight%20Star/The%20Solar%20System/15%20And%20The%20Mix%20Goes%20On%20-%207A_10B.mp3"
110974,And The Beat Goes On,The Whispers,"30th Anniversary Anthology, Disc 1",2021-06-01 11:19:40,2014-08-26 01:59:59,0,"file:///Volumes/Seagate%20Thunderbolt%20Drive/Music/The%20Whispers/30th%20Anniversary%20Anthology,%20Disc%201/15%20And%20The%20Beat%20Goes%20On.mp3"
102154,Always There,Side Effect,,Disco,2021-06-07 15:59:17,0,file:///Volumes/Seagate%20Thunderbolt%20Drive/Music/Side%20Effect/Unknown%20Album/01%20Always%20There.mp3
64938,Always And Forever (Heatwave),Heatwave,The Ultimate Oldies Collection- The 70's,Classic Soul,2021-05-26 04:20:02,0,file:///Volumes/Seagate%20Thunderbolt%20Drive/Music/Heatwave/The%20Ultimate%20Oldies%20Collection-%20The%2070's/20%20Always%20And%20Forever%20(Heatwave).mp3
116714,All Night Long - 4A/5A - 4A/5A,Mary Jane Girls,Classic Soul Anthems,Classic Soul,2021-05-19 10:26:54,0,file:///Volumes/Seagate%20Thunderbolt%20Drive/Music/Various%20Artiist/Classic%20Soul%20Anthems/08%20All%20Night%20Long%20-%204A_5A%20-%204A_5A.mp3
84452,All I Want For Christmas Is You,Mariah Carey,,Christmas,2021-06-06 11:25:04,0,file:///Volumes/Seagate%20Thunderbolt%20Drive/Music/Mariah%20Carey/Unknown%20Album/All%20I%20Want%20For%20Christmas%20Is%20You.mp3
84416,All I Want For Christmas Is You,Mariah Carey,Slow Jams,R&B,2021-05-30 22:24:04,0,file:///Volumes/Seagate%20Thunderbolt%20Drive/Music/Mariah%20Carey/Slow%20Jams/All%20I%20Want%20For%20Christmas%20Is%20You.mp3
67396,Aint Leaving Without You (Remix) - 3A/4A - 3A/4A - 3A/4A - 3A/4A,Jaheim ft Jadakiss ,,R&B/ Hip Hop,2021-06-02 07:41:24,0,file:///Volumes/Seagate%20Thunderbolt%20Drive/Music/Jaheim%20ft%20Jadakiss/Unknown%20Album/Aint%20Leaving%20Without%20You%20(Remix)%20-%203A_4A%20-%203A_4A%20-%203A_4A%20-%203A_4A.mp3
99692,Ain't Nobody,Rufus & Chaka Khan,,Disco Hits,2021-06-08 12:07:32,0,file:///Volumes/Seagate%20Thunderbolt%20Drive/Music/Rufus%20&%20Chaka%20Khan/Unknown%20Album/Ain't%20Nobody.mp3
128012,Be Thankful For What You Got - 10A/9A - 10A/9A,William Devaughn,Real Funk Soul Vol.11,Classic Soul,2021-05-17 19:44:14,0,file:///Volumes/Seagate%20Thunderbolt%20Drive/Music/William%20Devaughn/Real%20Funk%20Soul%20Vol.11/12%20Be%20Thankful%20For%20What%20You%20Got%20-%2010A_9A%20-%2010A_9A.mp3
33112,Caught Up In The Rapture,Anita Baker,Rapture,Classic Soul,2021-05-17 02:59:36,0,file:///Volumes/Seagate%20Thunderbolt%20Drive/Music/Anita%20Baker/Rapture/03%20Caught%20Up%20In%20The%20Rapture.mp3
79504,Because I Love You,Lenny Williams,,Classic Soul,2021-05-30 09:52:36,0,file:///Volumes/Seagate%20Thunderbolt%20Drive/Music/Lenny%20Williams/Unknown%20Album/Because%20I%20Love%20You.mp3
106156,Behind The Groove - 6A/7A,Teena Marie,Teena,Classic Soul,2021-05-17 12:48:28,0,file:///Volumes/Seagate%20Thunderbolt%20Drive/Music/Teena%20Marie/Teena/Behind%20The%20Groove%20-%206A_7A.mp3
130214,Car Wash,Rose Royce,Now Thats What I Call Music - 12,Classic Soul,2021-05-25 09:55:57,0,file:///Volumes/Seagate%20Thunderbolt%20Drive/Music/y%CC%88u%CC%82%C2%B0d/Now%20Thats%20What%20I%20Call%20Music%20-%2012/13%20Car%20Wash.mp3
90734,Candy Girl,New Edition,Greatest Hits [Vol.1],Classic Soul,2021-05-28 23:54:00,0,file:///Volumes/Seagate%20Thunderbolt%20Drive/Music/New%20Edition/Greatest%20Hits%20%5BVol.1%5D/09%20Candy%20Girl.mp3
43614,Candy - 9A/10B,Cameo,,Classic Soul,2021-06-02 02:46:08,0,file:///Volumes/Seagate%20Thunderbolt%20Drive/Music/Cameo/Unknown%20Album/Candy%20-%209A_10B.mp3
31294,Can't Stop,After 7,After 7,R&B,2021-06-02 19:45:43,0,file:///Volumes/Seagate%20Thunderbolt%20Drive/Music/After%207/After%207/03%20Can't%20Stop.mp3
116690,Can't Get Enough Of Your Love Babe,Barry White,Classic Soul Anthems,Classic Soul,2021-05-29 16:25:32,0,file:///Volumes/Seagate%20Thunderbolt%20Drive/Music/Various%20Artiist/Classic%20Soul%20Anthems/02%20Can't%20Get%20Enough%20Of%20Your%20Love%20Babe.mp3
102462,Call me,SKYY,Mega Disco Funk CD4,Classic Soul,2021-06-03 14:29:01,0,file:///Volumes/Seagate%20Thunderbolt%20Drive/Music/SKYY/Mega%20Disco%20Funk%20CD4/Call%20me.mp3
108898,Burn Rubber (Why You Wanna Hurt Me) - 9A,The Gap Band,Best Of The Gap Gold,R&B/Funk/Soul,2021-06-06 08:23:03,0,file:///Volumes/Seagate%20Thunderbolt%20Drive/Music/The%20Gap%20Band/Best%20Of%20The%20Gap%20Gold/01%20Burn%20Rubber%20(Why%20You%20Wanna%20Hurt%20Me)%20-%209A.mp3
42058,Brownstone If You Love Me,Brownstone,If You Love Me (CDS),R&B,2021-06-09 21:51:48,0,file:///Volumes/Seagate%20Thunderbolt%20Drive/Music/Brownstone/If%20You%20Love%20Me%20(CDS)/01%20Brownstone%20If%20You%20Love%20Me.mp3
108070,Brick House,The Commodores,The Commodores,Classic Soul,2021-05-28 00:42:04,0,file:///Volumes/Seagate%20Thunderbolt%20Drive/Music/The%20Commodores/The%20Commodores/06%20Brick%20House.mp3
77786,The Breaks,Kurtis Blow,,Disco Hits,2021-06-02 04:01:19,0,file:///Volumes/Seagate%20Thunderbolt%20Drive/Music/Kurtis%20Blow/Unknown%20Album/The%20Breaks.mp3
55678,Brazilian Rhyme - 10A,Earth Wind and Fire,<Unknown>,Funk/Jazz,2021-05-13 00:20:39,0,file:///Volumes/Seagate%20Thunderbolt%20Drive/Music/Earth%20Wind%20and%20Fire/_Unknown_/10%20Brazilian%20Rhyme%20-%2010A.mp3
126364,"Bounce, Rock, Skate, Roll,2021-06-01 06:19:11,Vaughan Mason & Crew,Street Jams: Back 2 the Old Skool [Box] Disc 3,Funk,2014-08-26 01:59:59,0,"file:///Volumes/Seagate%20Thunderbolt%20Drive/Music/Vaughan%20Mason%20&%20Crew/Street%20Jams_%20Back%202%20the%20Old%20Skool%20%5BBox%5D%20Disc%203/03%20Bounce,%20Rock,%20Skate,%20Roll,%20Pt%201%20%20-%2010A.mp3"
108400,Boogie Wonderland,The Emotions,"Best of My Love, The Best of the Emotions",2021-05-28 09:52:20,2014-08-26 01:59:59,0,"file:///Volumes/Seagate%20Thunderbolt%20Drive/Music/The%20Emotions/Best%20of%20My%20Love,%20The%20Best%20of%20the%20Emotions/14%20Boogie%20Wonderland.mp3"
123748,Boogie Wonderland,"Earth, Wind & Fire",The All Time Greatest Disco Hits,2021-06-07 10:01:19,2014-08-26 01:59:59,0,file:///Volumes/Seagate%20Thunderbolt%20Drive/Music/Various%20Artiist/The%20All%20Time%20Greatest%20Disco%20Hits/01%20Boogie%20Wonderland.mp3
116488,Boogie Nights,Heatwave,Boogie Nights: Dance Hits Of The 70's & 80's (disc 1),70's & 80's,2021-05-21 21:26:02,0,file:///Volumes/Seagate%20Thunderbolt%20Drive/Music/Various%20Artiist/Boogie%20Nights_%20Dance%20Hits%20Of%20The%2070's%20&%2080's%20(disc%201)/01%20Boogie%20Nights.mp3
109218,Blame It On The Boogie,The Jackson 5,,Classic Soul,2021-06-04 11:41:32,0,file:///Volumes/Seagate%20Thunderbolt%20Drive/Music/The%20Jackson%205/Unknown%20Album/Blame%20It%20On%20The%20Boogie.mp3
95660,Betcha' Wouldn't Hurt Me,Quincy Jones,The Dude,Classic Soul,2021-06-02 16:43:32,0,file:///Volumes/Seagate%20Thunderbolt%20Drive/Music/Quincy%20Jones/The%20Dude/04%20Betcha'%20Wouldn't%20Hurt%20Me.mp3
58400,Betcha She Don't Love You,Evelyn Champagne King,,Classic Soul,2021-05-15 14:38:13,0,file:///Volumes/Seagate%20Thunderbolt%20Drive/Music/Evelyn%20Champagne%20King/Unknown%20Album/Betcha%20She%20Don't%20Love%20You.mp3
108374,Best Of My Love - 8A/9B,The Emotions,"Best of My Love, The Best of the Emotions",2021-05-25 03:14:05,2014-08-26 01:59:59,0,"file:///Volumes/Seagate%20Thunderbolt%20Drive/Music/The%20Emotions/Best%20of%20My%20Love,%20The%20Best%20of%20the%20Emotions/01%20Best%20Of%20My%20Love%20-%208A_9B.mp3"
85176,Bells Are Ringing,Mary Chapin Carpenter,,Christmas,2021-05-31 10:20:54,0,file:///Volumes/Seagate%20Thunderbolt%20Drive/Music/Mary%20Chapin%20Carpenter/Unknown%20Album/Bells%20Are%20Ringing.mp3
116418,Bells Are Ringing,Mary Chapin Carpenter,All Time Greatest Christmas Songs,Holiday/Pop,2021-06-01 03:45:17,0,file:///Volumes/Seagate%20Thunderbolt%20Drive/Music/Various%20Artiist/All%20Time%20Greatest%20Christmas%20Songs/Bells%20Are%20Ringing.mp3
86212,Before I Let Go,Maze Featuring Frankie Beverly ,,Classic Soul,2021-06-09 11:30:44,0,file:///Volumes/Seagate%20Thunderbolt%20Drive/Music/Maze%20Featuring%20Frankie%20Beverly/Unknown%20Album/Before%20I%20Let%20Go.mp3
110392,The Finest,The S.O.S. Band,Greatest Hits,Classic Soul,2021-06-06 06:09:04,0,file:///Volumes/Seagate%20Thunderbolt%20Drive/Music/The%20S.O.S.%20Band/Greatest%20Hits/05%20The%20Finest.mp3
112290,Feels Good,Tony! Toni! Toné!,90s R&B,Classic Soul,2021-05-20 13:13:13,0,file:///Volumes/Seagate%20Thunderbolt%20Drive/Music/Tony!%20Toni!%20Tone%CC%81!/90s%20R&B/08%20Feels%20Good.mp3
92768,Flash Light - 5A,Parliament,20th Century Masters The Best Of Parliament,Funk,2021-06-04 15:46:55,0,file:///Volumes/Seagate%20Thunderbolt%20Drive/Music/Parliament/20th%20Century%20Masters%20The%20Best%20Of%20Parliament/03%20Flash%20Light%20-%205A.mp3
99512,I Want To Get Next To You,Rose Royce,,Classic Soul,2021-05-16 12:38:42,0,file:///Volumes/Seagate%20Thunderbolt%20Drive/Music/Rose%20Royce/Unknown%20Album/I%20Want%20To%20Get%20Next%20To%20You.mp3
112256,I Wanna Dance Tonight,Tony Toni Tone & Lucy Pearl,,Classic Soul,2021-05-21 14:46:38,0,file:///Volumes/Seagate%20Thunderbolt%20Drive/Music/Tony%20Toni%20Tone%20&%20Lucy%20Pearl/Unknown%20Album/I%20Wanna%20Dance%20Tonight.mp3
104278,I WANNA BE CLOSER,SWITCH ,,Classic Soul,2021-05-18 02:45:26,0,file:///Volumes/Seagate%20Thunderbolt%20Drive/Music/SWITCH/Unknown%20Album/I%20WANNA%20BE%20CLOSER.mp3
106110,I need your lovin,Teena Marie,Funky collector vol 9,Classic Soul,2021-06-04 06:25:34,0,file:///Volumes/Seagate%20Thunderbolt%20Drive/Music/Teena%20Marie/Funky%20collector%20vol%209/02%20I%20need%20your%20lovin.mp3
101828,I Love Your Smile,Shanice,Motown the Complete No.1's,Classic Soul,2021-05-21 23:23:53,0,file:///Volumes/Seagate%20Thunderbolt%20Drive/Music/Shanice/Motown%20the%20Complete%20No.1's/191%20I%20Love%20Your%20Smile.mp3
64146,I Like,Guy,Guy,Classic Soul,2021-05-28 21:19:47,0,file:///Volumes/Seagate%20Thunderbolt%20Drive/Music/Guy/Guy/06%20I%20Like.mp3
44526,"I Know You, I Live You ",Chaka Khan,Epiphany: The Best of Chaka K,2021-05-17 18:27:45,2014-08-26 01:59:59,0,"file:///Volumes/Seagate%20Thunderbolt%20Drive/Music/Chaka%20Khan/Epiphany_%20The%20Best%20of%20Chaka%20K/I%20Know%20You,%20I%20Live%20You.mp3"
43608,I Just Want To Be - 2A,Cameo,The Best Of Cameo,Funk,2021-05-26 04:28:32,0,file:///Volumes/Seagate%20Thunderbolt%20Drive/Music/Cameo/The%20Best%20Of%20Cameo/12%20I%20Just%20Want%20To%20Be%20-%202A.mp3
74960,I just gotta have you,Kashif,"12""",Classic Soul,2021-05-16 17:30:33,0,file:///Volumes/Seagate%20Thunderbolt%20Drive/Music/Kashif/12_/I%20just%20gotta%20have%20you.mp3
32262,I Want To Thank You,Alicia Myers,I Fooled You This Time,Classic Soul,2021-05-23 00:49:46,0,file:///Volumes/Seagate%20Thunderbolt%20Drive/Music/Alicia%20Myers/I%20Fooled%20You%20This%20Time/08%20I%20Want%20To%20Thank%20You.mp3
115242,I Hear Music In The Streets,Unlimited Touch ,,Classic Soul,2021-06-09 00:53:53,0,file:///Volumes/Seagate%20Thunderbolt%20Drive/Music/Unlimited%20Touch/Unknown%20Album/I%20Hear%20Music%20In%20The%20Streets.mp3
75340,I Get Lifted,KC And The Sunshine Band,KC And The Sunshine Band: 25th Anniversary Collection (Disc 1),Classic Soul,2021-06-01 11:39:41,0,file:///Volumes/Seagate%20Thunderbolt%20Drive/Music/KC%20And%20The%20Sunshine%20Band/KC%20And%20The%20Sunshine%20Band_%2025th%20Anniversary%20Collection%20(Disc%201)/16%20I%20Get%20Lifted.mp3
59678,I Found Lovin (Club Mix) ,Fatback Band ,,Classic Soul,2021-05-11 22:15:06,0,file:///Volumes/Seagate%20Thunderbolt%20Drive/Music/Fatback%20Band/Unknown%20Album/I%20Found%20Lovin%20(Club%20Mix).mp3
108378,I Don't Wanna Lose Your Love,The Emotions,"Best of My Love, The Best of the Emotions",2021-05-22 08:54:38,2014-08-26 01:59:59,0,"file:///Volumes/Seagate%20Thunderbolt%20Drive/Music/The%20Emotions/Best%20of%20My%20Love,%20The%20Best%20of%20the%20Emotions/03%20I%20Don't%20Wanna%20Lose%20Your%20Love.mp3"
58366,I Don't Know If It's Right,"Evelyn ""Champagne"" King",Let's Get Funky,Classic Soul,2021-06-09 09:36:05,0,file:///Volumes/Seagate%20Thunderbolt%20Drive/Music/Evelyn%20_Champagne_%20King/Let's%20Get%20Funky/05%20I%20Don't%20Know%20If%20It's%20Right.mp3
49168,I Cant Go For That  - 5A,Daryl Hall and John Oates ,VH1 Top 80s Songs,Classic Rock,2021-05-19 23:41:51,0,file:///Volumes/Seagate%20Thunderbolt%20Drive/Music/Daryl%20Hall%20and%20John%20Oates/VH1%20Top%2080s%20Songs/96%20I%20Cant%20Go%20For%20That%20%20-%205A.mp3
60406,I Can't Help Myself,Four Tops,Motown the Complete No.1's,Classic Soul,2021-05-30 08:42:01,0,file:///Volumes/Seagate%20Thunderbolt%20Drive/Music/Four%20Tops/Motown%20the%20Complete%20No.1's/19%20I%20Can't%20Help%20Myself.mp3
103194,The Finest (Extended Version),Sos Band,,Classic Soul,2021-06-08 19:10:58,0,file:///Volumes/Seagate%20Thunderbolt%20Drive/Music/Sos%20Band/Unknown%20Album/The%20Finest%20(Extended%20Version).mp3
96076,Home Alone - 9A,R.Kelly feat Keith Murray,R.(1998),R&B/ Hip Hop,2021-05-29 04:12:09,0,file:///Volumes/Seagate%20Thunderbolt%20Drive/Music/R.Kelly%20feat%20Keith%20Murray/R.(1998)/01%20Home%20Alone%20-%209A.mp3
119576,Home Alone,R Kelly Featuring Keith Murray,Now Thats What I Call Music - 41,Pop,2021-06-05 15:49:12,0,file:///Volumes/Seagate%20Thunderbolt%20Drive/Music/Various%20Artiist/Now%20Thats%20What%20I%20Call%20Music%20-%2041/20%20Home%20Alone.mp3
66244,I got my mind made up - 5A,Instant Funk ,,Funk,2021-06-04 22:49:10,0,file:///Volumes/Seagate%20Thunderbolt%20Drive/Music/Instant%20Funk/Unknown%20Album/I%20got%20my%20mind%20made%20up%20-%205A.mp3
45014,I Want Your Love,Chic,,Disco Hits,2021-06-09 19:35:29,0,file:///Volumes/Seagate%20Thunderbolt%20Drive/Music/Chic/Unknown%20Album/I%20Want%20Your%20Love.mp3
103850,I Wish,Stevie Wonder,The Definitive Collection,Classic Soul,2021-06-03 07:18:50,0,file:///Volumes/Seagate%20Thunderbolt%20Drive/Music/Stevie%20Wonder/The%20Definitive%20Collection/05%20I%20Wish.mp3
110552,I'll Be Around,The Spinners,Classic Soul Ballads,Classic Soul,2021-05-13 20:42:28,0,file:///Volumes/Seagate%20Thunderbolt%20Drive/Music/The%20Spinners/Classic%20Soul%20Ballads/I'll%20Be%20Around.mp3
35430,It's Ecstasy When You Lay Down Next To Me,Barry White,Funky Collector,Classic Soul,2021-06-01 17:45:34,0,file:///Volumes/Seagate%20Thunderbolt%20Drive/Music/Barry%20White/Funky%20Collector/11%20It's%20Ecstasy%20When%20You%20Lay%20Down%20Next%20To%20Me.mp3
98776,It Takes Two,Rob Base & Dj Ez Rock,Love & Basketball,Old School Rap,2021-05-16 19:58:16,0,file:///Volumes/Seagate%20Thunderbolt%20Drive/Music/Rob%20Base%20&%20Dj%20Ez%20Rock/Love%20&%20Basketball/01%20It%20Takes%20Two.mp3
67028,It Came Upon A Midnight Clear,Jackie Wilson,,Christmas,2021-05-19 13:43:39,0,file:///Volumes/Seagate%20Thunderbolt%20Drive/Music/Jackie%20Wilson/Unknown%20Album/It%20Came%20Upon%20A%20Midnight%20Clear.mp3
67024,It Came Upon A Midnight Clear,Jackie Wilson,Ultimate Soul Christmas (Disc 1),Holiday/Soul,2021-06-08 10:00:19,0,file:///Volumes/Seagate%20Thunderbolt%20Drive/Music/Jackie%20Wilson/Ultimate%20Soul%20Christmas%20(Disc%201)/1-11%20It%20Came%20Upon%20A%20Midnight%20Clear.mp3
37016,Irreplaceable,Beyonce,The.Singles.Collection,Club,2021-05-27 16:28:13,0,file:///Volumes/Seagate%20Thunderbolt%20Drive/Music/Beyonce/The.Singles.Collection/Irreplaceable.mp3
37226,Irreplaceable,Beyoncé,"Now, Vol. 24",2021-05-12 07:31:07,2014-08-26 01:59:59,0,"file:///Volumes/Seagate%20Thunderbolt%20Drive/Music/Beyonce%CC%81/Now,%20Vol.%2024/04%20Irreplaceable.mp3"
91808,Inside Out*,Odyssey,12 Inch Version,Classic Soul,2021-05-11 21:26:20,0,file:///Volumes/Seagate%20Thunderbolt%20Drive/Music/Odyssey/12%20Inch%20Version/11%20Inside%20Out_.mp3
85142,Inner City Blues ( Make Me Wanna Holler),Marvin Gaye,Motown the Complete No.1's,Classic Soul,2021-05-15 03:28:57,0,file:///Volumes/Seagate%20Thunderbolt%20Drive/Music/Marvin%20Gaye/Motown%20the%20Complete%20No.1's/83%20Inner%20City%20Blues%20(%20Make%20Me%20Wanna%20Holler).mp3
126184,in my house,mary jane girls,The All Time Greatest Disco Hits Disc 2,Disco,2021-06-08 20:43:41,0,file:///Volumes/Seagate%20Thunderbolt%20Drive/Music/Various%20Artists/The%20All%20Time%20Greatest%20Disco%20Hits%20Disc%202/10%20in%20my%20house.mp3
58372,If You Want My Lovin',"Evelyn ""Champagne"" King",Let's Get Funky,Classic Soul,2021-05-11 21:10:28,0,file:///Volumes/Seagate%20Thunderbolt%20Drive/Music/Evelyn%20_Champagne_%20King/Let's%20Get%20Funky/08%20If%20You%20Want%20My%20Lovin'.mp3
102774,If You Want Me To Stay,Sly & The Family Stone,The Best Of Sly & The Family Stone,Classic Soul,2021-05-18 04:29:51,0,file:///Volumes/Seagate%20Thunderbolt%20Drive/Music/Sly%20&%20The%20Family%20Stone/The%20Best%20Of%20Sly%20&%20The%20Family%20Stone/16%20If%20You%20Want%20Me%20To%20Stay.mp3
42060,If You Love Me - 10A/11A - 10A/11A,Brownstone,,R&B,2021-05-16 13:46:39,0,file:///Volumes/Seagate%20Thunderbolt%20Drive/Music/Brownstone/Unknown%20Album/01%20If%20You%20Love%20Me%20-%2010A_11A%20-%2010A_11A.mp3
90720,If It Isn't Love,New Edition,Greatest Hits [Vol.1],Classic Soul,2021-05-28 05:13:28,0,file:///Volumes/Seagate%20Thunderbolt%20Drive/Music/New%20Edition/Greatest%20Hits%20%5BVol.1%5D/02%20If%20It%20Isn't%20Love.mp3
62998,If I Were Your Woman,Gladys Knight and the Pips,Gladys Knight and the Pips-The Greatest Hits ,Classic Soul,2021-05-13 20:31:29,0,file:///Volumes/Seagate%20Thunderbolt%20Drive/Music/Gladys%20Knight%20and%20the%20Pips/Gladys%20Knight%20and%20the%20Pips-The%20Greatest%20Hits/20%20If%20I%20Were%20Your%20Woman.mp3
50964,I've Got The Next Dance,Deniece Williams,The Hot Classics Box Set 9,Classic Soul,2021-06-02 21:21:54,0,file:///Volumes/Seagate%20Thunderbolt%20Drive/Music/Deniece%20Williams/The%20Hot%20Classics%20Box%20Set%209/I've%20Got%20The%20Next%20Dance.mp3
58394,I'm in Love,"Evelyn ""Champagne"" King",Let's Get Funky,Classic Soul,2021-05-12 22:07:44,0,file:///Volumes/Seagate%20Thunderbolt%20Drive/Music/Evelyn%20_Champagne_%20King/Let's%20Get%20Funky/I'm%20in%20Love.mp3
50982,I'll Do Anything For You,Denroy Morgan ,,Classic Soul,2021-05-27 15:16:23,0,file:///Volumes/Seagate%20Thunderbolt%20Drive/Music/Denroy%20Morgan/Unknown%20Album/I'll%20Do%20Anything%20For%20You.mp3
33880,I'll Be There For You,Ashford & Simpson,The Best Of Ashford & Simpson,Classic Soul,2021-05-28 19:14:16,0,file:///Volumes/Seagate%20Thunderbolt%20Drive/Music/Ashford%20&%20Simpson/The%20Best%20Of%20Ashford%20&%20Simpson/16%20I'll%20Be%20There%20For%20You.mp3
110586,I'll Be Home For Christmas,The Stylistics,,Christmas,2021-05-24 05:51:36,0,file:///Volumes/Seagate%20Thunderbolt%20Drive/Music/The%20Stylistics/Unknown%20Album/I'll%20Be%20Home%20For%20Christmas.mp3
110578,I'll Be Home For Christmas,The Stylistics,Ultimate Soul Christmas (Disc 1),Holiday/Soul,2021-06-01 14:57:26,0,file:///Volumes/Seagate%20Thunderbolt%20Drive/Music/The%20Stylistics/Ultimate%20Soul%20Christmas%20(Disc%201)/1-14%20I'll%20Be%20Home%20For%20Christmas.mp3
97248,I'll Be Good,Renee & Angela,Dance Hits Of The 80'S #4,Classic Soul,2021-06-05 12:47:25,0,file:///Volumes/Seagate%20Thunderbolt%20Drive/Music/Renee%20&%20Angela/Dance%20Hits%20Of%20The%2080'S%20%234/I'll%20Be%20Good.mp3
111938,Him Or Me (Remix),Today,,Classic Soul,2021-05-27 14:57:37,0,file:///Volumes/Seagate%20Thunderbolt%20Drive/Music/Today/Unknown%20Album/Him%20Or%20Me%20(Remix).mp3
55334,Here I Am (Long Version),Dynasty ,,Classic Soul,2021-05-24 13:18:22,0,file:///Volumes/Seagate%20Thunderbolt%20Drive/Music/Dynasty/Unknown%20Album/Here%20I%20Am%20(Long%20Version).mp3
104276,I Call Your Name,Switch,The Best of Switch,Classic Soul,2021-05-17 11:11:25,0,file:///Volumes/Seagate%20Thunderbolt%20Drive/Music/Switch/The%20Best%20of%20Switch/04%20I%20Call%20Your%20Name.mp3
105054,Heartbeat (12 Inch Extended Remix) - 11A/12A,Taana Gardner,"7"" single",Classic Soul,2021-05-14 17:55:15,0,file:///Volumes/Seagate%20Thunderbolt%20Drive/Music/Taana%20Gardner/7_%20single/Heartbeat%20(12%20Inch%20Extended%20Remix)%20-%2011A_12A.mp3
65552,Give Me  - 12B/11A,I Level,,Classic Soul,2021-05-13 18:10:53,0,file:///Volumes/Seagate%20Thunderbolt%20Drive/Music/I%20Level/Unknown%20Album/Give%20Me%20%20-%2012B_11A.mp3
73988,Give It Up,K.C. And The Sunshine Band,,Pop,2021-06-02 16:53:03,0,file:///Volumes/Seagate%20Thunderbolt%20Drive/Music/K.C.%20And%20The%20Sunshine%20Band/Unknown%20Album/Give%20It%20Up.mp3
126002,Ghetto Heaven - 4B,The Family Stand,Deep Heat 90 - The Dance Album of The Year CD2,Dance,2021-06-05 21:16:27,0,file:///Volumes/Seagate%20Thunderbolt%20Drive/Music/Various%20Artists/Deep%20Heat%2090%20-%20The%20Dance%20Album%20of%20The%20Year%20CD2/02%20Ghetto%20Heaven%20-%204B.mp3
55714,Getaway,"Earth, Wind & Fire",,2021-05-18 02:28:27,2014-08-26 01:59:59,0,"file:///Volumes/Seagate%20Thunderbolt%20Drive/Music/Earth,%20Wind%20&%20Fire/Unknown%20Album/Getaway.mp3"
60902,Get Up And Dance ,Freedom ,Beatsnblends Old School ,Classic Soul,2021-05-24 11:34:28,0,file:///Volumes/Seagate%20Thunderbolt%20Drive/Music/Freedom/Beatsnblends%20Old%20School/08%20Get%20Up%20And%20Dance.mp3
96374,Get Involved,Raphael Saadiq & Q Tip,,R&B,2021-05-16 06:11:00,0,file:///Volumes/Seagate%20Thunderbolt%20Drive/Music/Raphael%20Saadiq%20&%20Q%20Tip/Unknown%20Album/Get%20Involved.mp3
91934,Get Down Saturday Night (Special Extended Version) - 5A/4A,Oliver Cheatham,,Classic Soul,2021-06-09 01:44:18,0,file:///Volumes/Seagate%20Thunderbolt%20Drive/Music/Oliver%20Cheatham/Unknown%20Album/Get%20Down%20Saturday%20Night%20(Special%20Extended%20Version)%20-%205A_4A.mp3
91930,Get Down Saturday Night (Extended Disco Mix),Oliver Cheatham,MAXImum 70´s Vol.3,Classic Soul,2021-05-18 00:19:11,0,file:///Volumes/Seagate%20Thunderbolt%20Drive/Music/Oliver%20Cheatham/MAXImum%2070_s%20Vol.3/01%20Get%20Down%20Saturday%20Night%20(Extended%20Disco%20Mix).mp3
112428,Georgy Porgy,Toto,Past to Present 1977-1990,Classic Soul,2021-06-02 01:31:13,0,file:///Volumes/Seagate%20Thunderbolt%20Drive/Music/Toto/Past%20to%20Present%201977-1990/05%20Georgy%20Porgy.mp3
112024,Genius Of Love,Tom Tom Club,,Classic Soul,2021-06-10 09:27:09,0,file:///Volumes/Seagate%20Thunderbolt%20Drive/Music/Tom%20Tom%20Club/Unknown%20Album/Genius%20Of%20Love.mp3
64178,Funky Sensation,Gwen McCrae,,Classic Soul,2021-05-21 16:14:44,0,file:///Volumes/Seagate%20Thunderbolt%20Drive/Music/Gwen%20McCrae/Unknown%20Album/Funky%20Sensation.mp3
111960,Funkin' For Jamaica - 5A/4A,Tom Browne,The Very Best Of Jazz Funk - CD1,Jazz Funk,2021-06-07 11:22:12,0,file:///Volumes/Seagate%20Thunderbolt%20Drive/Music/Tom%20Browne/The%20Very%20Best%20Of%20Jazz%20Funk%20-%20CD1/01%20Funkin'%20For%20Jamaica%20-%205A_4A.mp3
42924,Funkin For Jamaica,Tom Browne,Flash Black,Classic Soul,2021-05-23 10:27:39,0,file:///Volumes/Seagate%20Thunderbolt%20Drive/Music/By%20Irai%CC%81%20Campos/Flash%20Black/05%20Funkin%20For%20Jamaica.mp3
93134,Freeway,Peaches & Herb,The Best Of Peaches & Herb,Classic Soul,2021-05-25 00:35:47,0,file:///Volumes/Seagate%20Thunderbolt%20Drive/Music/Peaches%20&%20Herb/The%20Best%20Of%20Peaches%20&%20Herb/10%20Freeway.mp3
116536,Free,Deniece Williams,Boogie Nights: Dance Hits Of The 70's & 80's (disc 2/4),70's & 80's,2021-05-29 15:06:28,0,file:///Volumes/Seagate%20Thunderbolt%20Drive/Music/Various%20Artiist/Boogie%20Nights_%20Dance%20Hits%20Of%20The%2070's%20&%2080's%20(disc%202_4)/03%20Free.mp3
48342,"Freddie's Dead (Theme From ""Superfly"")",Curtis Mayfield,The Very Best of Curtis Mayfield,Classic Soul,2021-05-31 19:40:57,0,file:///Volumes/Seagate%20Thunderbolt%20Drive/Music/Curtis%20Mayfield/The%20Very%20Best%20of%20Curtis%20Mayfield/06%20Freddie's%20Dead%20(Theme%20From%20_Superfly_).mp3
87554,Freakazoid,Midnight Starr,,Classic Soul,2021-06-08 19:02:36,0,file:///Volumes/Seagate%20Thunderbolt%20Drive/Music/Midnight%20Starr/Unknown%20Album/Freakazoid.mp3
92846,Forget Me Nots,Patrice Rushen,Grand 12-Inches Cd2,Classic Soul,2021-05-31 11:14:49,0,file:///Volumes/Seagate%20Thunderbolt%20Drive/Music/Patrice%20Rushen/Grand%2012-Inches%20Cd2/Forget%20Me%20Nots.mp3
86946,Fools Paradise,Meli'sa Morgan ,,Classic Soul,2021-05-18 18:21:52,0,file:///Volumes/Seagate%20Thunderbolt%20Drive/Music/Meli'sa%20Morgan/Unknown%20Album/Fools%20Paradise.mp3
105056,Heartbeat (1981),Taana Gardner ,,Classic Soul,2021-06-06 04:49:19,0,file:///Volumes/Seagate%20Thunderbolt%20Drive/Music/Taana%20Gardner/Unknown%20Album/Heartbeat%20(1981).mp3
62492,Give Me The Night - 4A/3A,George Benson,Give Me The Night,Classic Soul,2021-05-30 02:33:16,0,file:///Volumes/Seagate%20Thunderbolt%20Drive/Music/George%20Benson/Give%20Me%20The%20Night/04%20Give%20Me%20The%20Night%20-%204A_3A.mp3
106130,365,Teena Marie,Teena,Classic Soul,2021-05-25 07:07:05,0,file:///Volumes/Seagate%20Thunderbolt%20Drive/Music/Teena%20Marie/Teena/04%20365.mp3
77436,Good Love,Klymaxx,Greatest Hits,Classic Soul,2021-06-02 12:16:11,0,file:///Volumes/Seagate%20Thunderbolt%20Drive/Music/Klymaxx/Greatest%20Hits/09%20Good%20Love.mp3
96372,Good Man (Instramental),Raphael Saadiq,,R&B,2021-05-22 23:08:42,0,file:///Volumes/Seagate%20Thunderbolt%20Drive/Music/Raphael%20Saadiq/Unknown%20Album/03%20Good%20Man%20(Instramental).mp3
96370,Good Man - 11A/10A,Raphael Saadiq,Stone Rollin,R&B,2021-05-14 23:41:56,0,file:///Volumes/Seagate%20Thunderbolt%20Drive/Music/Raphael%20Saadiq/Stone%20Rollin/21248%20Good%20Man%20-%2011A_10A.mp3
104484,Give Me Your Love,Sylvia Striplin,Boogie Palace,Classic Soul,2021-05-16 04:26:05,0,file:///Volumes/Seagate%20Thunderbolt%20Drive/Music/Sylvia%20Striplin/Boogie%20Palace/Give%20Me%20Your%20Love.mp3
58182,Gotta Get You Home Tonight,Eugene Wilde ,,Classic Soul,2021-06-04 01:40:35,0,file:///Volumes/Seagate%20Thunderbolt%20Drive/Music/Eugene%20Wilde/Unknown%20Album/Gotta%20Get%20You%20Home%20Tonight.mp3
116564,The Groove,Rodney Franklin,Boogie Nights: Dance Hits Of The 70's & 80's (disc 2/4),70's & 80's,2021-05-13 10:35:00,0,file:///Volumes/Seagate%20Thunderbolt%20Drive/Music/Various%20Artiist/Boogie%20Nights_%20Dance%20Hits%20Of%20The%2070's%20&%2080's%20(disc%202_4)/17%20The%20Groove.mp3
116542,Got To Be Real,Cheryl Lynn,Boogie Nights: Dance Hits Of The 70's & 80's (disc 2/4),70's & 80's,2021-05-18 11:49:38,0,file:///Volumes/Seagate%20Thunderbolt%20Drive/Music/Various%20Artiist/Boogie%20Nights_%20Dance%20Hits%20Of%20The%2070's%20&%2080's%20(disc%202_4)/06%20Got%20To%20Be%20Real.mp3
81844,Hangin' On A String,Loose Ends,The Best Of,Classic Soul,2021-06-02 08:22:26,0,file:///Volumes/Seagate%20Thunderbolt%20Drive/Music/Loose%20Ends/The%20Best%20Of/01%20Hangin'%20On%20A%20String.mp3
110402,Groovin' (That's What We're Doin'),The S.O.S. Band,Greatest Hits,Classic Soul,2021-05-13 06:38:05,0,file:///Volumes/Seagate%20Thunderbolt%20Drive/Music/The%20S.O.S.%20Band/Greatest%20Hits/10%20Groovin'%20(That's%20What%20We're%20Doin').mp3
56244,God Rest Ye Merry Gentlemen,Ella Fitzgerald,Ultimate Soul Christmas (Disc 2),Holiday/Soul,2021-05-22 12:57:42,0,file:///Volumes/Seagate%20Thunderbolt%20Drive/Music/Ella%20Fitzgerald/Ultimate%20Soul%20Christmas%20(Disc%202)/2-10%20God%20Rest%20Ye%20Merry%20Gentlemen.mp3
82940,The Glow Of Love - 9A/8A,Change Ft. Luther Vandross,Stop to Love,Classic Soul,2021-06-03 01:34:29,0,file:///Volumes/Seagate%20Thunderbolt%20Drive/Music/Luther%20Vandross/Stop%20to%20Love/01%20The%20Glow%20Of%20Love%20-%209A_8A.mp3
33078,Giving You The Best That I Got - 9A/11A,Anita Baker,Giving You The Best That I Got,Classic Soul,2021-05-30 04:22:30,0,file:///Volumes/Seagate%20Thunderbolt%20Drive/Music/Anita%20Baker/Giving%20You%20The%20Best%20That%20I%20Got/03%20Giving%20You%20The%20Best%20That%20I%20Got%20-%209A_11A.mp3
92766,Give Up The Funk (Tear The Roof Off The Sucker) - 9A,Parliament,20th Century Masters The Best Of Parliament,Funk,2021-05-14 13:18:57,0,file:///Volumes/Seagate%20Thunderbolt%20Drive/Music/Parliament/20th%20Century%20Masters%20The%20Best%20Of%20Parliament/02%20Give%20Up%20The%20Funk%20(Tear%20The%20Roof%20Off%20The%20Sucker)%20-%209A.mp3
86214,Happy Feelin's,Frankie Beverly and Maze ,Maze,Classic Soul,2021-06-01 16:08:44,0,file:///Volumes/Seagate%20Thunderbolt%20Drive/Music/Maze%20w_%20Frankie%20Beverly/Maze/02%20Happy%20Feelin's.mp3
109998,Give The People What They Want,The O'Jays,The Essential O'Jays,Classic Soul,2021-06-08 19:07:30,0,file:///Volumes/Seagate%20Thunderbolt%20Drive/Music/The%20O'Jays/The%20Essential%20O'Jays/17%20Give%20The%20People%20What%20They%20Want.mp3
92848,Haven't you heard (12'' version),Patrice Rushen,Haven't You Heard: The Best of Patrice Rushen,Classic Soul,2021-05-22 06:38:04,0,file:///Volumes/Seagate%20Thunderbolt%20Drive/Music/Patrice%20Rushen/Haven't%20You%20Heard_%20The%20Best%20of%20Patrice%20Rushen/03%20Haven't%20you%20heard%20(12''%20version).mp3
56248,God Rest Ye Merry Gentlemen,Ella Fitzgerald,,Christmas,2021-05-29 02:50:04,0,file:///Volumes/Seagate%20Thunderbolt%20Drive/Music/Ella%20Fitzgerald/Unknown%20Album/God%20Rest%20Ye%20Merry%20Gentlemen.mp3
85130,Got to Give it Up - 10A/8A,Marvin Gaye,Motown the Complete No.1's,Classic Soul,2021-05-12 18:22:55,0,file:///Volumes/Seagate%20Thunderbolt%20Drive/Music/Marvin%20Gaye/Motown%20the%20Complete%20No.1's/122%20Got%20to%20Give%20it%20Up%20-%2010A_8A.mp3
130806,Just Good Friends,Michael Jackson,Bad,Pop,2021-06-08 08:08:35,0,file:///Volumes/Seagate%20Thunderbolt%20Drive/Music/Michael%20Jackson/Bad/05%20Just%20Good%20Friends.mp3
130824,Just Good Friends (Vocal Duet With Michael Jackson And Stevie Wonder),Michael Jackson,Bad (Special Edition) [REMST],Pop,2021-06-05 00:12:22,0,file:///Volumes/Seagate%20Thunderbolt%20Drive/Music/Michael%20Jackson/Bad%20(Special%20Edition)%20%5BREMST%5D/05%20Just%20Good%20Friends%20(Vocal%20Duet%20With%20Michael%20Jackson%20And%20Stevie%20Wonder).mp3
130808,Another Part Of Me,Michael Jackson,Bad,Pop,2021-05-17 11:09:19,0,file:///Volumes/Seagate%20Thunderbolt%20Drive/Music/Michael%20Jackson/Bad/06%20Another%20Part%20Of%20Me.mp3
130812,Smooth Criminal,Michael Jackson,Bad,Pop,2021-05-27 07:56:04,0,file:///Volumes/Seagate%20Thunderbolt%20Drive/Music/Michael%20Jackson/Bad/10%20Smooth%20Criminal.mp3
130814,Leave Me Alone,Michael Jackson,Bad,Pop,2021-05-14 06:38:26,0,file:///Volumes/Seagate%20Thunderbolt%20Drive/Music/Michael%20Jackson/Bad/11%20Leave%20Me%20Alone.mp3
130820,Speed Demon,Michael Jackson,Bad (Special Edition) [REMST],Pop,2021-06-01 20:31:44,0,file:///Volumes/Seagate%20Thunderbolt%20Drive/Music/Michael%20Jackson/Bad%20(Special%20Edition)%20%5BREMST%5D/03%20Speed%20Demon.mp3
130816,Bad,Michael Jackson,Bad (Special Edition) [REMST],Pop,2021-05-16 03:46:05,0,file:///Volumes/Seagate%20Thunderbolt%20Drive/Music/Michael%20Jackson/Bad%20(Special%20Edition)%20%5BREMST%5D/01%20Bad.mp3
130822,Liberian Girl,Michael Jackson,Bad (Special Edition) [REMST],Pop,2021-05-25 03:00:31,0,file:///Volumes/Seagate%20Thunderbolt%20Drive/Music/Michael%20Jackson/Bad%20(Special%20Edition)%20%5BREMST%5D/04%20Liberian%20Girl.mp3
130818,The Way You Make Me Feel,Michael Jackson,Bad (Special Edition) [REMST],Pop,2021-05-21 15:02:00,0,file:///Volumes/Seagate%20Thunderbolt%20Drive/Music/Michael%20Jackson/Bad%20(Special%20Edition)%20%5BREMST%5D/02%20The%20Way%20You%20Make%20Me%20Feel.mp3
130810,I Just Can't Stop Loving You,Michael Jackson,Bad,Pop,2021-05-17 05:24:35,0,file:///Volumes/Seagate%20Thunderbolt%20Drive/Music/Michael%20Jackson/Bad/08%20I%20Just%20Can't%20Stop%20Loving%20You.mp3
137170,Going Under (Dirty),K. Michelle,,R&B,2021-05-11 14:37:42,0,file:///Volumes/Seagate%20Thunderbolt%20Drive/Music/K.%20Michelle/Unknown%20Album/01%20Going%20Under%20(Dirty).mp3
137172,Going Under (Clean),K. Michelle,,R&B,2021-06-05 21:48:41,0,file:///Volumes/Seagate%20Thunderbolt%20Drive/Music/K.%20Michelle/Unknown%20Album/01%20Going%20Under%20(Clean).mp3
141038,Ooh Boy (Radio Edit),En Vogue,,Urban,2021-05-14 06:02:10,0,file:///Volumes/Seagate%20Thunderbolt%20Drive/Music/En%20Vogue/Unknown%20Album/Ooh%20Boy%20(Radio%20Edit).mp3
141842,Get Right Back To My Baby (Radio Edit),Vivian Green,,Urban,2021-06-07 14:56:26,0,file:///Volumes/Seagate%20Thunderbolt%20Drive/Music/Vivian%20Green/Unknown%20Album/Get%20Right%20Back%20To%20My%20Baby%20(Radio%20Edit).mp3
333505,Relax & Party (featuring Cru) (The Remix) ,Ivory ,,R&B,2021-05-17 12:51:50,0,file:///Volumes/Seagate%20Thunderbolt%20Drive/Music/Ivory/Unknown%20Album/Relax%20&%20Party%20(featuring%20Cru)%20(The%20Remix).MP3