Track ID,Name,Artist,Album,Genre,2023-08-09 16:26:50,Play Count,Location
65688,Today Was A Good Day,Ice Cube,Top 250 of the Greatest Hip-Hop and Rap Songs Pt. 2,Old School Rap,2023-08-01 05:47:00,0,file:///Volumes/Seagate%20Thunderbolt%20Drive/Music/Ice%20Cube/Top%20250%20of%20the%20Greatest%20Hip-Hop%20and%20Rap%20Songs%20Pt.%202/Today%20Was%20A%20Good%20Day.mp3
81986,Chief Rocka,Lords Of The Underground,Here Come The Lords,Old School Rap,2023-08-13 16:03:12,0,file:///Volumes/Seagate%20Thunderbolt%20Drive/Music/Lords%20of%20the%20Underground/Here%20Come%20The%20Lords/11%20Chief%20Rocka.mp3
124068,Funky For You,Nice & Smooth,Top 100 Old School Hip-Hop & Rap Songs (1980-1991),Old School Rap,2023-07-23 06:51:35,0,file:///Volumes/Seagate%20Thunderbolt%20Drive/Music/Various%20Artiist/Top%20100%20Old%20School%20Hip-Hop%20&%20Rap%20Songs%20(1980-1991)/05%20Funky%20For%20You.mp3
99740,Rock Box,Run-Dmc,Greatest Hits ,Old School Rap,2023-08-15 06:47:48,0,file:///Volumes/Seagate%20Thunderbolt%20Drive/Music/Run-Dmc/Greatest%20Hits/07%20Rock%20Box.mp3
124158,La Di Da Di,Slick Rick & Doug E Fresh,Top 100 Old School Hip-Hop & Rap Songs (1980-1991),Old School Rap,2023-07-19 20:05:41,0,file:///Volumes/Seagate%20Thunderbolt%20Drive/Music/Various%20Artiist/Top%20100%20Old%20School%20Hip-Hop%20&%20Rap%20Songs%20(1980-1991)/La%20Di%20Da%20Di.mp3
37398,ain't no half-steppin',Big Daddy Kane,Long Live The Kane,Old School Rap,2023-07-24 18:19:46,0,file:///Volumes/Seagate%20Thunderbolt%20Drive/Music/Big%20Daddy%20Kane/Long%20Live%20The%20Kane/06%20ain't%20no%20half-steppin'.mp3
38888,The Choice Is Yours,Blacksheep,,Old School Rap,2023-08-10 05:52:56,0,file:///Volumes/Seagate%20Thunderbolt%20Drive/Music/Blacksheep/Unknown%20Album/The%20Choice%20Is%20Yours.mp3
41188,All For One,Brand Nubian,One For All,Old School Rap,2023-08-04 09:39:00,0,file:///Volumes/Seagate%20Thunderbolt%20Drive/Music/Brand%20Nubian/One%20For%20All/01%20All%20For%20One.mp3
124174,The Message,Grandmaster Flash,Top 100 Old School Hip-Hop & Rap Songs (1980-1991),Old School Rap,2023-08-13 07:54:21,0,file:///Volumes/Seagate%20Thunderbolt%20Drive/Music/Various%20Artiist/Top%20100%20Old%20School%20Hip-Hop%20&%20Rap%20Songs%20(1980-1991)/The%20Message.mp3
81150,Around the Way Girl,LL Cool J,Mama Said Knock You Out,Old School Rap,2023-07-25 09:06:18,0,file:///Volumes/Seagate%20Thunderbolt%20Drive/Music/LL%20Cool%20J/Mama%20Said%20Knock%20You%20Out/02%20Around%20the%20Way%20Girl.mp3
77806,The Rhythm,Kwam√©,The Boy Genius: Featuring A New Beginning,Old School Rap,2023-07-28 01:56:07,0,file:///Volumes/Seagate%20Thunderbolt%20Drive/Music/Kwame/The%20Boy%20Genius_%20Featuring%20A%20New%20Beginning/03%20The%20Rhythm.mp3
81058,Pink Cookies in a Plastic Bag Getting Crushed by Buildings,LL Cool J,14 Shots to the Dome,Old School Rap,2023-07-18 21:26:34,0,file:///Volumes/Seagate%20Thunderbolt%20Drive/Music/LL%20Cool%20J/14%20Shots%20to%20the%20Dome/05%20Pink%20Cookies%20in%20a%20Plastic%20Bag%20Getting%20Crushed%20by%20Buildings.mp3
57794,It's My Thang,EPMD,Strictly Business,Old School Rap,2023-07-23 20:10:34,0,file:///Volumes/Seagate%20Thunderbolt%20Drive/Music/EPMD/Strictly%20Business/05%20It's%20My%20Thang.mp3
57808,So Whatcha Sayin',Epmd,,Old School Rap,2023-08-06 21:38:03,0,file:///Volumes/Seagate%20Thunderbolt%20Drive/Music/Epmd/Unknown%20Album/So%20Whatcha%20Sayin'.mp3
62290,Just To Get A Rep,Gang Starr,Step In The Arena,Old School Rap,2023-08-07 02:37:36,0,file:///Volumes/Seagate%20Thunderbolt%20Drive/Music/Gang%20Starr/Step%20In%20The%20Arena/14%20Just%20To%20Get%20A%20Rep.mp3
63456,What Goes Around(360),Grand Puba,,Old School Rap,2023-07-23 10:01:53,0,file:///Volumes/Seagate%20Thunderbolt%20Drive/Music/Grand%20Puba/Unknown%20Album/What%20Goes%20Around(360).mp3
63462,It's Nasty (Genius Of Love),Grandmaster Flash And The Furious Five,Hits,Old School Rap,2023-08-11 14:29:50,0,file:///Volumes/Seagate%20Thunderbolt%20Drive/Music/Grandmaster%20Flash/Hits/07%20It's%20Nasty%20(Genius%20Of%20Love).mp3
81162,Mama Said Knock You Out,LL Cool J,Mama Said Knock You Out,Old School Rap,2023-07-27 04:08:27,0,file:///Volumes/Seagate%20Thunderbolt%20Drive/Music/LL%20Cool%20J/Mama%20Said%20Knock%20You%20Out/08%20Mama%20Said%20Knock%20You%20Out.mp3
124090,Live At The Barbeque,Main Source,Top 100 Old School Hip-Hop & Rap Songs (1980-1991),Old School Rap,2023-07-24 05:59:10,0,file:///Volumes/Seagate%20Thunderbolt%20Drive/Music/Various%20Artiist/Top%20100%20Old%20School%20Hip-Hop%20&%20Rap%20Songs%20(1980-1991)/10%20Live%20At%20The%20Barbeque.mp3
93462,They Reminisce Over You (T.R.O.Y.),Pete Rock & CL Smooth,Mecca And The Soul Brother,Old School Rap,2023-08-04 12:10:54,0,file:///Volumes/Seagate%20Thunderbolt%20Drive/Music/Pete%20Rock%20&%20CL%20Smooth/Mecca%20And%20The%20Soul%20Brother/10%20They%20Reminisce%20Over%20You%20(T.R.O.Y.).mp3
102666,Kit (What's The Scoop),Slick Rick,The Great Adventures Of Slick Rick,Old School Rap,2023-08-05 06:55:26,1,file:///Volumes/Seagate%20Thunderbolt%20Drive/Music/Slick%20Rick/The%20Great%20Adventures%20Of%20Slick%20Rick/09%20Kit%20(What's%20The%20Scoop).mp3
127754,Freaks Come Out At Night,Whodini,The Wood OST,Old School Rap,2023-08-15 12:23:46,0,file:///Volumes/Seagate%20Thunderbolt%20Drive/Music/Whodini/The%20Wood%20OST/15%20Freaks%20Come%20Out%20At%20Night.mp3
63466,New York New York,Grandmaster Flash And The Furious Five,,Old School Rap,2023-08-02 19:50:06,0,file:///Volumes/Seagate%20Thunderbolt%20Drive/Music/Grandmaster%20Flash%20And%20The%20Furious%20Five/Unknown%20Album/New%20York%20New%20York.mp3
57792,You Gots to Chill,EPMD,Strictly Business,Old School Rap,2023-07-20 08:06:22,0,file:///Volumes/Seagate%20Thunderbolt%20Drive/Music/EPMD/Strictly%20Business/04%20You%20Gots%20to%20Chill.mp3
48128,Just Another Case (Remix Radio Edit),Cru,Just Another Case (Single),Rap & Hip-Hop,2023-08-13 00:00:15,0,file:///Volumes/Seagate%20Thunderbolt%20Drive/Music/Cru/Just%20Another%20Case%20(Single)/02%20Just%20Another%20Case%20(Remix%20Radio%20Edit).mp3
124110,Hand on the Pump,Cypress Hill,Top 100 Old School Hip-Hop & Rap Songs (1980-1991),Old School Rap,2023-07-29 16:24:50,0,file:///Volumes/Seagate%20Thunderbolt%20Drive/Music/Various%20Artiist/Top%20100%20Old%20School%20Hip-Hop%20&%20Rap%20Songs%20(1980-1991)/23%20Hand%20on%20the%20Pump.mp3
62114,Take It Personal,Gang Starr,Daily Operation,Old School Rap,2023-07-31 12:33:28,0,file:///Volumes/Seagate%20Thunderbolt%20Drive/Music/Gang%20Starr/Daily%20Operation/08%20Take%20It%20Personal.mp3
81322,Big Ole Butt,LL Cool J,Walking With a Panther,Old School Rap,2023-08-05 05:34:00,0,file:///Volumes/Seagate%20Thunderbolt%20Drive/Music/LL%20Cool%20J/Walking%20With%20a%20Panther/11%20Big%20Ole%20Butt.mp3
124078,O.P.P.,Naughty By Nature,Top 100 Old School Hip-Hop & Rap Songs (1980-1991),Old School Rap,2023-08-04 01:02:25,0,file:///Volumes/Seagate%20Thunderbolt%20Drive/Music/Various%20Artiist/Top%20100%20Old%20School%20Hip-Hop%20&%20Rap%20Songs%20(1980-1991)/07%20O.P.P..mp3
99728,King Of Rock,Run-Dmc,Greatest Hits ,Old School Rap,2023-08-04 00:36:54,0,file:///Volumes/Seagate%20Thunderbolt%20Drive/Music/Run-Dmc/Greatest%20Hits/01%20King%20Of%20Rock.mp3
99730,It's Tricky,Run-Dmc,Greatest Hits ,Old School Rap,2023-07-31 16:58:16,0,file:///Volumes/Seagate%20Thunderbolt%20Drive/Music/Run-Dmc/Greatest%20Hits/02%20It's%20Tricky.mp3
49880,Buddy,De La Soul,3 Feet High and Rising,Old School Rap,2023-07-21 13:06:39,0,file:///Volumes/Seagate%20Thunderbolt%20Drive/Music/De%20La%20Soul/3%20Feet%20High%20and%20Rising/1-18%20Buddy.mp3
57774,Give The People,EPMD,Business As Usual,Old School Rap,2023-07-21 10:20:53,0,file:///Volumes/Seagate%20Thunderbolt%20Drive/Music/EPMD/Business%20As%20Usual/09%20Give%20The%20People.mp3
57778,Brothers On My Jock,EPMD,Business As Usual,Old School Rap,2023-08-02 00:18:29,0,file:///Volumes/Seagate%20Thunderbolt%20Drive/Music/EPMD/Business%20As%20Usual/11%20Brothers%20On%20My%20Jock.mp3
62178,DWYCK featuring Nice & Smooth,Gang Starr,Hard To Earn,Old School Rap,2023-08-01 21:14:31,0,file:///Volumes/Seagate%20Thunderbolt%20Drive/Music/Gang%20Starr/Hard%20To%20Earn/09%20DWYCK%20featuring%20Nice%20&%20Smooth.mp3
76634,Last Night,Kid and Play,2 hype,Old School Rap,2023-08-05 06:59:01,0,file:///Volumes/Seagate%20Thunderbolt%20Drive/Music/Kid%20and%20Play/2%20hype/06%20Last%20Night.mp3
81234,Rock the Bells,LL Cool J,Radio,Old School Rap,2023-08-13 03:49:01,0,file:///Volumes/Seagate%20Thunderbolt%20Drive/Music/LL%20Cool%20J/Radio/07%20Rock%20the%20Bells.mp3
90902,Cake & Eat It Too,Nice & Smooth,Ain't A Damn Thing Changed,Old School Rap,2023-08-09 10:20:13,0,file:///Volumes/Seagate%20Thunderbolt%20Drive/Music/Nice%20&%20Smooth/Ain't%20A%20Damn%20Thing%20Changed/02%20Cake%20&%20Eat%20It%20Too.mp3
90916,Hip Hop Junkies,Nice & Smooth,Ain't A Damn Thing Changed,Old School Rap,2023-08-15 17:39:10,0,file:///Volumes/Seagate%20Thunderbolt%20Drive/Music/Nice%20&%20Smooth/Ain't%20A%20Damn%20Thing%20Changed/09%20Hip%20Hop%20Junkies.mp3
93454,Straighten It Out,Pete Rock & CL Smooth,Mecca And The Soul Brother,Old School Rap,2023-07-27 23:25:01,0,file:///Volumes/Seagate%20Thunderbolt%20Drive/Music/Pete%20Rock%20&%20CL%20Smooth/Mecca%20And%20The%20Soul%20Brother/06%20Straighten%20It%20Out.mp3
99758,Jam-Master Jay,Run-Dmc,Greatest Hits ,Old School Rap,2023-07-19 10:13:50,0,file:///Volumes/Seagate%20Thunderbolt%20Drive/Music/Run-Dmc/Greatest%20Hits/16%20Jam-Master%20Jay.mp3
126150,It's Yours,T-LA Rock,Sleeping Bag Records Greatest Rap Hits,Old School Rap,2023-07-28 09:12:37,0,file:///Volumes/Seagate%20Thunderbolt%20Drive/Music/Various%20Artists/Sleeping%20Bag%20Records%20Greatest%20Rap%20Hits/13%20It's%20Yours.mp3
124152,Can I Kick It?,A Tribe Called Quest,Top 100 Old School Hip-Hop & Rap Songs (1980-1991),Old School Rap,2023-07-22 12:20:16,0,file:///Volumes/Seagate%20Thunderbolt%20Drive/Music/Various%20Artiist/Top%20100%20Old%20School%20Hip-Hop%20&%20Rap%20Songs%20(1980-1991)/Can%20I%20Kick%20It_.mp3
37660,100%,Big Punisher,Yeeeah Baby,Old School Rap,2023-07-31 02:21:27,0,file:///Volumes/Seagate%20Thunderbolt%20Drive/Music/Big%20Punisher/Yeeeah%20Baby/10%20100%25.mp3
47222,Don't Let It Go To Your Head,Brand Nubian,Foundation,Old School Rap,2023-08-02 10:49:33,0,file:///Volumes/Seagate%20Thunderbolt%20Drive/Music/Compilations/Foundation/06%20Don't%20Let%20It%20Go%20To%20Your%20Head.mp3
48126,Just Another Case (Radio Edit),Cru,Just Another Case (Single),Rap & Hip-Hop,2023-07-25 23:04:25,0,file:///Volumes/Seagate%20Thunderbolt%20Drive/Music/Cru/Just%20Another%20Case%20(Single)/01%20Just%20Another%20Case%20(Radio%20Edit).mp3
124114,Scenario,A Tribe Called Quest,Top 100 Old School Hip-Hop & Rap Songs (1980-1991),Old School Rap,2023-08-12 04:16:47,0,file:///Volumes/Seagate%20Thunderbolt%20Drive/Music/Various%20Artiist/Top%20100%20Old%20School%20Hip-Hop%20&%20Rap%20Songs%20(1980-1991)/31%20Scenario.mp3
41186,Punks Jump Up To Get Beat Down,Brand Nubian,In God We Trust,Old School Rap,2023-07-23 00:17:24,0,file:///Volumes/Seagate%20Thunderbolt%20Drive/Music/Brand%20Nubian/In%20God%20We%20Trust/14%20Punks%20Jump%20Up%20To%20Get%20Beat%20Down.mp3
124168,Scenario (Remix),A Tribe Called Quest ,Top 100 Old School Hip-Hop & Rap Songs (1980-1991),Old School Rap,2023-07-28 14:31:46,0,file:///Volumes/Seagate%20Thunderbolt%20Drive/Music/Various%20Artiist/Top%20100%20Old%20School%20Hip-Hop%20&%20Rap%20Songs%20(1980-1991)/Scenario%20(Remix).mp3
81168,To da Break of Dawn,LL Cool J,Mama Said Knock You Out,Old School Rap,2023-08-06 16:28:29,0,file:///Volumes/Seagate%20Thunderbolt%20Drive/Music/LL%20Cool%20J/Mama%20Said%20Knock%20You%20Out/11%20To%20da%20Break%20of%20Dawn.mp3
123850,Catch The Beat,T\Ski Valley,The Golden age of Hip Hop (Disco Rap),Old School Rap,2023-07-18 00:55:42,0,file:///Volumes/Seagate%20Thunderbolt%20Drive/Music/Various%20Artiist/The%20Golden%20age%20of%20Hip%20Hop%20(Disco%20Rap)/07%20Catch%20The%20Beat.mp3
51618,Doowutchyalike,Digital Underground,Deep Heat '89,Old School Rap,2023-07-20 07:31:59,0,file:///Volumes/Seagate%20Thunderbolt%20Drive/Music/Digital%20Underground/Deep%20Heat%20'89/08%20Doowutchyalike.mp3
81332,Jingling Baby,LL Cool J,Walking With a Panther,Old School Rap,2023-07-29 19:28:01,0,file:///Volumes/Seagate%20Thunderbolt%20Drive/Music/LL%20Cool%20J/Walking%20With%20a%20Panther/16%20Jingling%20Baby.mp3
123862,Grandmaster Flash & The Furious Five,Superrappin,The Golden age of Hip Hop (Disco Rap),Old School Rap,2023-07-25 04:25:46,0,file:///Volumes/Seagate%20Thunderbolt%20Drive/Music/Various%20Artiist/The%20Golden%20age%20of%20Hip%20Hop%20(Disco%20Rap)/14%20Grandmaster%20Flash%20&%20The%20Furious%20Five.mp3
124040,Raw,Big Daddy Kane,Top 100 Old School Hip-Hop & Rap Songs (1980-1991),Old School Rap,2023-07-30 02:15:34,0,file:///Volumes/Seagate%20Thunderbolt%20Drive/Music/Various%20Artiist/Top%20100%20Old%20School%20Hip-Hop%20&%20Rap%20Songs%20(1980-1991)/01%20Raw.mp3
57762,Rampage,EPMD,Business As Usual,Old School Rap,2023-07-25 09:28:53,0,file:///Volumes/Seagate%20Thunderbolt%20Drive/Music/EPMD/Business%20As%20Usual/03%20Rampage.mp3
59684,I'll Do For You,Father Mc,,Old School Rap,2023-07-18 13:11:30,0,file:///Volumes/Seagate%20Thunderbolt%20Drive/Music/Father%20Mc/Unknown%20Album/I'll%20Do%20For%20You.mp3
77724,You Must Learn,KRS-One,Ghetto Music: The Blueprint of Hip(BDP),Old School Rap,2023-08-15 17:42:18,0,file:///Volumes/Seagate%20Thunderbolt%20Drive/Music/KRS-One/Ghetto%20Music_%20The%20Blueprint%20of%20Hip(BDP)/08%20You%20Must%20Learn.mp3
77818,Only You,Kwame,,Old School Rap,2023-07-22 05:04:54,0,file:///Volumes/Seagate%20Thunderbolt%20Drive/Music/Kwame/Unknown%20Album/Only%20You.mp3
90906,Sometimes I Rhyme Slow,Nice & Smooth,Ain't A Damn Thing Changed,Old School Rap,2023-08-13 02:08:57,0,file:///Volumes/Seagate%20Thunderbolt%20Drive/Music/Nice%20&%20Smooth/Ain't%20A%20Damn%20Thing%20Changed/04%20Sometimes%20I%20Rhyme%20Slow.mp3
98776,It Takes Two,Rob Base & Dj Ez Rock,Love & Basketball,Old School Rap,2023-07-26 22:56:22,0,file:///Volumes/Seagate%20Thunderbolt%20Drive/Music/Rob%20Base%20&%20Dj%20Ez%20Rock/Love%20&%20Basketball/01%20It%20Takes%20Two.mp3
86420,Lyte as a Rock,MC Lyte,Lyte as a Rock,Old School Rap,2023-07-29 14:57:01,0,file:///Volumes/Seagate%20Thunderbolt%20Drive/Music/MC%20Lyte/Lyte%20as%20a%20Rock/02%20Lyte%20as%20a%20Rock.mp3
49884,Me Myself and I,De La Soul,3 Feet High and Rising,Old School Rap,2023-07-19 09:46:01,0,file:///Volumes/Seagate%20Thunderbolt%20Drive/Music/De%20La%20Soul/3%20Feet%20High%20and%20Rising/1-20%20Me%20Myself%20and%20I.mp3
124084,Treat 'Em Right,Chubb Rock,Top 100 Old School Hip-Hop & Rap Songs (1980-1991),Old School Rap,2023-07-25 14:03:12,0,file:///Volumes/Seagate%20Thunderbolt%20Drive/Music/Various%20Artiist/Top%20100%20Old%20School%20Hip-Hop%20&%20Rap%20Songs%20(1980-1991)/08%20Treat%20'Em%20Right.mp3
93488,The Creator,Pete Rock and C.L. Smooth,All Souled Out,Old School Rap,2023-08-16 02:11:30,0,file:///Volumes/Seagate%20Thunderbolt%20Drive/Music/Pete%20Rock%20and%20C.L.%20Smooth/All%20Souled%20Out/The%20Creator.mp3
59674,King Tim Iii (Personality Jock),Fatback Band,Fattest Of Fatback,Old School Rap,2023-08-10 21:30:27,0,file:///Volumes/Seagate%20Thunderbolt%20Drive/Music/Fatback%20Band/Fattest%20Of%20Fatback/06%20King%20Tim%20Iii%20(Personality%20Jock).mp3
124042,Warm It up Kane,Big Daddy Kane,Top 100 Old School Hip-Hop & Rap Songs (1980-1991),Old School Rap,2023-07-20 06:39:57,0,file:///Volumes/Seagate%20Thunderbolt%20Drive/Music/Various%20Artiist/Top%20100%20Old%20School%20Hip-Hop%20&%20Rap%20Songs%20(1980-1991)/01%20Warm%20It%20up%20Kane.mp3
81314,I'm That Type of Guy,LL Cool J,Walking With a Panther,Old School Rap,2023-08-15 13:20:21,0,file:///Volumes/Seagate%20Thunderbolt%20Drive/Music/LL%20Cool%20J/Walking%20With%20a%20Panther/07%20I'm%20That%20Type%20of%20Guy.mp3
99750,It's Like That,Run-Dmc,Greatest Hits ,Old School Rap,2023-07-23 07:42:20,0,file:///Volumes/Seagate%20Thunderbolt%20Drive/Music/Run-Dmc/Greatest%20Hits/12%20It's%20Like%20That.mp3
124038,Planet Rock,Afrika Bambaata,Top 100 Old School Hip-Hop & Rap Songs (1980-1991),Old School Rap,2023-07-22 07:29:14,0,file:///Volumes/Seagate%20Thunderbolt%20Drive/Music/Various%20Artiist/Top%20100%20Old%20School%20Hip-Hop%20&%20Rap%20Songs%20(1980-1991)/01%20Planet%20Rock.mp3
47702,Glamorous Life,Cool C,Best of Old School Hip-Hop,Old School Rap,2023-07-20 03:27:50,0,file:///Volumes/Seagate%20Thunderbolt%20Drive/Music/Cool%20C/Best%20of%20Old%20School%20Hip-Hop/1-01%20Glamorous%20Life.mp3
59686,Everthing's Gonna Be Alright,Father Mc F,,Old School Rap,2023-07-29 19:41:37,0,file:///Volumes/Seagate%20Thunderbolt%20Drive/Music/Father%20Mc%20F/Unknown%20Album/Everthing's%20Gonna%20Be%20Alright.mp3
127736,Five Minutes of Funk,Whodini,Escape,Old School Rap,2023-08-14 08:37:47,0,file:///Volumes/Seagate%20Thunderbolt%20Drive/Music/Whodini/Escape/01%20Five%20Minutes%20of%20Funk.mp3
102664,Mona Lisa,Slick Rick,The Great Adventures Of Slick Rick,Old School Rap,2023-07-21 01:06:06,0,file:///Volumes/Seagate%20Thunderbolt%20Drive/Music/Slick%20Rick/The%20Great%20Adventures%20Of%20Slick%20Rick/08%20Mona%20Lisa.mp3
99732,Beats To The Rhyme,Run-Dmc,Greatest Hits ,Old School Rap,2023-07-28 07:17:11,0,file:///Volumes/Seagate%20Thunderbolt%20Drive/Music/Run-Dmc/Greatest%20Hits/03%20Beats%20To%20The%20Rhyme.mp3
99754,Sucker M.C.'S (Krush-Groove 1),Run-Dmc,Greatest Hits ,Old School Rap,2023-07-20 22:35:46,0,file:///Volumes/Seagate%20Thunderbolt%20Drive/Music/Run-Dmc/Greatest%20Hits/14%20Sucker%20M.C.'S%20(Krush-Groove%201).mp3
102654,Children's Story,Slick Rick,The Great Adventures Of Slick Rick,Old School Rap,2023-07-25 10:37:04,0,file:///Volumes/Seagate%20Thunderbolt%20Drive/Music/Slick%20Rick/The%20Great%20Adventures%20Of%20Slick%20Rick/03%20Children's%20Story.mp3
102660,Indian Girl (An Adult Story),Slick Rick,The Great Adventures Of Slick Rick,Old School Rap,2023-07-17 12:40:15,0,file:///Volumes/Seagate%20Thunderbolt%20Drive/Music/Slick%20Rick/The%20Great%20Adventures%20Of%20Slick%20Rick/06%20Indian%20Girl%20(An%20Adult%20Story).mp3
124076,Children's Story (1988),Slick Rick,Top 100 Old School Hip-Hop & Rap Songs (1980-1991),Old School Rap,2023-07-29 12:51:42,0,file:///Volumes/Seagate%20Thunderbolt%20Drive/Music/Various%20Artiist/Top%20100%20Old%20School%20Hip-Hop%20&%20Rap%20Songs%20(1980-1991)/07%20Children's%20Story%20(1988).mp3
124054,I'm The Magnificent,Special Ed,Top 100 Old School Hip-Hop & Rap Songs (1980-1991),Old School Rap,2023-07-28 05:33:12,0,file:///Volumes/Seagate%20Thunderbolt%20Drive/Music/Various%20Artiist/Top%20100%20Old%20School%20Hip-Hop%20&%20Rap%20Songs%20(1980-1991)/03%20I'm%20The%20Magnificent.mp3
128616,Rumpshaker,Wreckx n Effect,,Old School Rap,2023-08-15 15:37:05,0,file:///Volumes/Seagate%20Thunderbolt%20Drive/Music/Wreckx%20n%20Effect/Unknown%20Album/Rumpshaker.mp3
43642,Luchini (This Is It),Camp Lo,,Old School Rap,2023-08-01 16:36:36,0,file:///Volumes/Seagate%20Thunderbolt%20Drive/Music/Camp%20Lo/Unknown%20Album/Luchini%20(This%20Is%20It).mp3
124172,The Humpty Dance,Digital Undergronund,Top 100 Old School Hip-Hop & Rap Songs (1980-1991),Old School Rap,2023-07-24 00:52:32,0,file:///Volumes/Seagate%20Thunderbolt%20Drive/Music/Various%20Artiist/Top%20100%20Old%20School%20Hip-Hop%20&%20Rap%20Songs%20(1980-1991)/The%20Humpty%20Dance.mp3
54128,Genius Rap ,Dr. Jeckyll & Mr. Hyde ,Profile Records,Old School Rap,2023-07-24 05:17:55,0,file:///Volumes/Seagate%20Thunderbolt%20Drive/Music/Dr.%20Jeckyll%20&%20Mr.%20Hyde/Profile%20Records/Genius%20Rap.mp3
57850,I Ain't No Joke,Eric B. & Rakim,Paid In Full,Old School Rap,2023-08-11 09:59:54,0,file:///Volumes/Seagate%20Thunderbolt%20Drive/Music/Eric%20B.%20&%20Rakim/Paid%20In%20Full/I%20Ain't%20No%20Joke.mp3
57852,I Know You Got Soul,Eric B. & Rakim,Paid In Full,Old School Rap,2023-08-04 19:30:54,0,file:///Volumes/Seagate%20Thunderbolt%20Drive/Music/Eric%20B.%20&%20Rakim/Paid%20In%20Full/I%20Know%20You%20Got%20Soul.mp3
124034,How Ya Like Me Now [Longer Version],Kool Moe Dee,Top 100 Old School Hip-Hop & Rap Songs (1980-1991),Old School Rap,2023-08-13 01:19:03,0,file:///Volumes/Seagate%20Thunderbolt%20Drive/Music/Various%20Artiist/Top%20100%20Old%20School%20Hip-Hop%20&%20Rap%20Songs%20(1980-1991)/01%20How%20Ya%20Like%20Me%20Now%20%5BLonger%20Version%5D.mp3
57772,Gold Digger,EPMD,Business As Usual,Old School Rap,2023-08-04 07:26:06,0,file:///Volumes/Seagate%20Thunderbolt%20Drive/Music/EPMD/Business%20As%20Usual/08%20Gold%20Digger.mp3
64954,Don't Curse,Heavy D Feat.(Big Daddy Kane/Grand Puba/Kool G Rap/Q-Tip/Pete Rock & CL Smooth),Peaceful Journey,Old School Rap,2023-08-01 13:32:12,0,file:///Volumes/Seagate%20Thunderbolt%20Drive/Music/Heavy%20D%20&%20The%20Boyz/Peaceful%20Journey/05%20Don't%20Curse.mp3
125990,Lookin' At The Front Door,Main Source,Breakin' Atoms,Old School Rap,2023-07-30 11:15:40,0,file:///Volumes/Seagate%20Thunderbolt%20Drive/Music/Various%20Artists/Breakin'%20Atoms/08%20Lookin'%20At%20The%20Front%20Door.mp3
93458,Wig Out,Pete Rock & CL Smooth,Mecca And The Soul Brother,Old School Rap,2023-08-11 20:32:51,0,file:///Volumes/Seagate%20Thunderbolt%20Drive/Music/Pete%20Rock%20&%20CL%20Smooth/Mecca%20And%20The%20Soul%20Brother/08%20Wig%20Out.mp3
57872,Don't Sweat The Technique,Eric B. And Rakim,,Old School Rap,2023-08-10 13:01:48,0,file:///Volumes/Seagate%20Thunderbolt%20Drive/Music/Eric%20B.%20And%20Rakim/Unknown%20Album/Don't%20Sweat%20The%20Technique.mp3
99742,Peter Piper,Run-Dmc,Greatest Hits ,Old School Rap,2023-08-06 19:34:15,0,file:///Volumes/Seagate%20Thunderbolt%20Drive/Music/Run-Dmc/Greatest%20Hits/08%20Peter%20Piper.mp3
63458,Nobody Can Be You But You,Grand Puba Positive & LG,One For All,Old School Rap,2023-08-09 06:32:50,0,file:///Volumes/Seagate%20Thunderbolt%20Drive/Music/Grand%20Puba%20Positive%20&%20LG/One%20For%20All/13%20Nobody%20Can%20Be%20You%20But%20You.mp3
123874,The Ultimate Rap,The Nice and Nasty Three,The Golden age of Hip Hop (Disco Rap),Old School Rap,2023-07-27 17:54:28,0,file:///Volumes/Seagate%20Thunderbolt%20Drive/Music/Various%20Artiist/The%20Golden%20age%20of%20Hip%20Hop%20(Disco%20Rap)/21%20The%20Ultimate%20Rap.mp3
77764,8 Millions stories,Kurtis Blow,12'' Inch - 8 Millions Stories / A.J Scratch - A,Old School Rap,2023-07-30 17:21:06,0,file:///Volumes/Seagate%20Thunderbolt%20Drive/Music/Kurtis%20Blow/12''%20Inch%20-%208%20Millions%20Stories%20_%20A.J%20Scratch%20-%20A/01%208%20Millions%20stories.mp3
38644,Make the Music with Your Mouth,Biz Markie,Make the Music with Your Mouth,Old School Rap,2023-07-27 23:27:01,0,file:///Volumes/Seagate%20Thunderbolt%20Drive/Music/Biz%20Markie/Make%20the%20Music%20with%20Your%20Mouth/Make%20the%20Music%20with%20Your%20Mouth.mp3
125860,They Want EFX,Das EFX,Top 250 of the Greatest Hip-Hop and Rap Songs Pt. 1,Rap & Hip-Hop,2023-07-28 07:25:45,0,file:///Volumes/Seagate%20Thunderbolt%20Drive/Music/Various%20Artist/Top%20250%20of%20the%20Greatest%20Hip-Hop%20and%20Rap%20Songs%20Pt.%201/They%20Want%20EFX.mp3
73112,Jimbrowski,Jungle Brothers,Straight Out The Jungle,Old School Rap,2023-07-22 01:22:33,0,file:///Volumes/Seagate%20Thunderbolt%20Drive/Music/Jungle%20Brothers/Straight%20Out%20The%20Jungle/04%20Jimbrowski.mp3
108740,Killing Me Softly,The Fugees,The Score,Old School Rap,2023-07-24 05:49:31,0,file:///Volumes/Seagate%20Thunderbolt%20Drive/Music/The%20Fugees/The%20Score/08%20Killing%20Me%20Softly.mp3
65024,Leflaur Leflah Eshkoshka,Heltah Skeltah feat. O.G.C.,Nocturnal,Old School Rap,2023-07-28 08:48:45,0,file:///Volumes/Seagate%20Thunderbolt%20Drive/Music/Heltah%20Skeltah/Nocturnal/13%20Leflaur%20Leflah%20Eshkoshka.mp3
87106,How High,Method Man and Redman,Top 250 of the Greatest Hip-Hop and Rap Songs Pt. 2,Old School Rap,2023-07-24 01:42:33,0,file:///Volumes/Seagate%20Thunderbolt%20Drive/Music/Method%20Man%20and%20Redman/Top%20250%20of%20the%20Greatest%20Hip-Hop%20and%20Rap%20Songs%20Pt.%202/28%20How%20High.mp3
93414,Carmel City,Pete Rock & C.L. Smooth,The Main Ingredient,Old School Rap,2023-08-05 03:23:17,0,file:///Volumes/Seagate%20Thunderbolt%20Drive/Music/Pete%20Rock%20&%20C.L.%20Smooth/The%20Main%20Ingredient/02%20Carmel%20City.mp3
102656,The Moment I Feared,Slick Rick,The Great Adventures Of Slick Rick,Old School Rap,2023-07-31 04:58:58,0,file:///Volumes/Seagate%20Thunderbolt%20Drive/Music/Slick%20Rick/The%20Great%20Adventures%20Of%20Slick%20Rick/04%20The%20Moment%20I%20Feared.mp3
124148,Bonita Applebum,A Tribe Called Quest,Top 100 Old School Hip-Hop & Rap Songs (1980-1991),Old School Rap,2023-08-05 12:02:53,0,file:///Volumes/Seagate%20Thunderbolt%20Drive/Music/Various%20Artiist/Top%20100%20Old%20School%20Hip-Hop%20&%20Rap%20Songs%20(1980-1991)/Bonita%20Applebum.mp3
127718,One Love,Whodini,Back In Black,Old School Rap,2023-08-03 05:15:09,0,file:///Volumes/Seagate%20Thunderbolt%20Drive/Music/Whodini/Back%20In%20Black/02%20One%20Love.mp3
49172,Microphone Check,Das Fx,,Old School Rap,2023-07-19 01:41:53,0,file:///Volumes/Seagate%20Thunderbolt%20Drive/Music/Das%20Fx/Unknown%20Album/Microphone%20Check.mp3
37648,It's So Hard Ft. Donell Jones,Big Punisher,Yeeeah Baby,Old School Rap,2023-08-13 09:24:26,0,file:///Volumes/Seagate%20Thunderbolt%20Drive/Music/Big%20Punisher/Yeeeah%20Baby/04%20It's%20So%20Hard%20Ft.%20Donell%20Jones.mp3
38778,Black Smif-N-Wessun,Black Moon,Enta Da Stage,Old School Rap,2023-08-09 12:31:44,0,file:///Volumes/Seagate%20Thunderbolt%20Drive/Music/Black%20Moon/Enta%20Da%20Stage/06%20Black%20Smif-N-Wessun.mp3
38632,Nobody Beats The Biz (Marley Marl Remix),Biz Markie,Goin' Off,Old School Rap,2023-08-07 17:43:52,0,file:///Volumes/Seagate%20Thunderbolt%20Drive/Music/Biz%20Markie/Goin'%20Off/08%20Nobody%20Beats%20The%20Biz%20(Marley%20Marl%20Remix).mp3
38790,Enta Da Stage,Black Moon,Enta Da Stage,Old School Rap,2023-08-12 01:46:36,0,file:///Volumes/Seagate%20Thunderbolt%20Drive/Music/Black%20Moon/Enta%20Da%20Stage/12%20Enta%20Da%20Stage.mp3
54038,Fuck Wit Dre Day,Dr Dre With Snoop Dogg,,Old School Rap,2023-08-10 08:43:47,0,file:///Volumes/Seagate%20Thunderbolt%20Drive/Music/Dr%20Dre%20With%20Snoop%20Dogg/Unknown%20Album/Fuck%20Wit%20Dre%20Day.mp3
57796,You're a Customer,EPMD,Strictly Business,Old School Rap,2023-08-03 07:39:59,0,file:///Volumes/Seagate%20Thunderbolt%20Drive/Music/EPMD/Strictly%20Business/06%20You're%20a%20Customer.mp3
124162,Microphone Fien,Eric B. & Rakim,Top 100 Old School Hip-Hop & Rap Songs (1980-1991),Old School Rap,2023-07-25 04:17:04,0,file:///Volumes/Seagate%20Thunderbolt%20Drive/Music/Various%20Artiist/Top%20100%20Old%20School%20Hip-Hop%20&%20Rap%20Songs%20(1980-1991)/Microphone%20Fien.mp3
93474,Skinz (Ft. Grand Puba),Pete Rock & CL Smooth,Mecca And The Soul Brother,Old School Rap,2023-07-27 15:37:56,0,file:///Volumes/Seagate%20Thunderbolt%20Drive/Music/Pete%20Rock%20&%20CL%20Smooth/Mecca%20And%20The%20Soul%20Brother/16%20Skinz%20(Ft.%20Grand%20Puba).mp3
124092,Vapors,Biz Markie,Top 100 Old School Hip-Hop & Rap Songs (1980-1991),Old School Rap,2023-07-30 20:15:21,0,file:///Volumes/Seagate%20Thunderbolt%20Drive/Music/Various%20Artiist/Top%20100%20Old%20School%20Hip-Hop%20&%20Rap%20Songs%20(1980-1991)/10%20Vapors.mp3
38786,I Got Cha Opin,Black Moon,Enta Da Stage,Old School Rap,2023-08-10 17:56:15,0,file:///Volumes/Seagate%20Thunderbolt%20Drive/Music/Black%20Moon/Enta%20Da%20Stage/10%20I%20Got%20Cha%20Opin.mp3
123986,Cha Cha Cha,MC Lyte,The Very Best of MC Lyte,Old School Rap,2023-07-19 13:39:22,0,file:///Volumes/Seagate%20Thunderbolt%20Drive/Music/Various%20Artiist/The%20Very%20Best%20of%20MC%20Lyte/06%20Cha%20Cha%20Cha.mp3
124082,Streets of New York,Kool G. Rap,Top 100 Old School Hip-Hop & Rap Songs (1980-1991),Old School Rap,2023-08-16 08:55:08,0,file:///Volumes/Seagate%20Thunderbolt%20Drive/Music/Various%20Artiist/Top%20100%20Old%20School%20Hip-Hop%20&%20Rap%20Songs%20(1980-1991)/08%20Streets%20of%20New%20York.mp3
124122,Just A Friend (1989),Biz Markie,Top 100 Old School Hip-Hop & Rap Songs (1980-1991),Old School Rap,2023-07-31 17:47:50,0,file:///Volumes/Seagate%20Thunderbolt%20Drive/Music/Various%20Artiist/Top%20100%20Old%20School%20Hip-Hop%20&%20Rap%20Songs%20(1980-1991)/38%20Just%20A%20Friend%20(1989).mp3
102668,Hey Young World,Slick Rick,The Great Adventures Of Slick Rick,Old School Rap,2023-07-21 22:54:46,0,file:///Volumes/Seagate%20Thunderbolt%20Drive/Music/Slick%20Rick/The%20Great%20Adventures%20Of%20Slick%20Rick/10%20Hey%20Young%20World.mp3
124116,Keep Ya Head Up,2Pac,Top 100 Old School Hip-Hop & Rap Songs (1980-1991),Old School Rap,2023-08-03 06:23:48,0,file:///Volumes/Seagate%20Thunderbolt%20Drive/Music/Various%20Artiist/Top%20100%20Old%20School%20Hip-Hop%20&%20Rap%20Songs%20(1980-1991)/32%20Keep%20Ya%20Head%20Up.mp3
93882,She Keeps On Passing Me By,Pharside,,Old School Rap,2023-08-06 11:06:21,0,file:///Volumes/Seagate%20Thunderbolt%20Drive/Music/Pharside/Unknown%20Album/She%20Keeps%20On%20Passing%20Me%20By.mp3
125674,I Gotcha' Open (Remix),Black Moon,Top 250 of the Greatest Hip-Hop and Rap Songs Pt. 1,Old School Rap,2023-07-19 16:46:32,0,file:///Volumes/Seagate%20Thunderbolt%20Drive/Music/Various%20Artist/Top%20250%20of%20the%20Greatest%20Hip-Hop%20and%20Rap%20Songs%20Pt.%201/29%20I%20Gotcha'%20Open%20(Remix).mp3
81236,I Need a Beat,LL Cool J,Radio,Old School Rap,2023-07-28 13:29:51,0,file:///Volumes/Seagate%20Thunderbolt%20Drive/Music/LL%20Cool%20J/Radio/08%20I%20Need%20a%20Beat.mp3
86444,Left Me Lonely,Mc Shan,Mc Shan,Old School Rap,2023-08-11 22:15:34,0,file:///Volumes/Seagate%20Thunderbolt%20Drive/Music/Mc%20Shan/Mc%20Shan/1-01%20Left%20Me%20Lonely.mp3
38792,How Many Mc's...,Black Moon,Enta Da Stage,Old School Rap,2023-08-12 02:31:07,0,file:///Volumes/Seagate%20Thunderbolt%20Drive/Music/Black%20Moon/Enta%20Da%20Stage/13%20How%20Many%20Mc's....mp3
73280,Going Way Back,Just Ice,Oldschool Rap,Old School Rap,2023-07-28 06:03:02,0,file:///Volumes/Seagate%20Thunderbolt%20Drive/Music/Just-Ice/Oldschool%20Rap/01%20Going%20Way%20Back.mp3
77498,Ill Street Blues,Kool G Rap,Top 250 of the Greatest Hip-Hop and Rap Songs Pt. 3,Old School Rap,2023-07-27 04:25:52,0,file:///Volumes/Seagate%20Thunderbolt%20Drive/Music/Kool%20G%20Rap/Top%20250%20of%20the%20Greatest%20Hip-Hop%20and%20Rap%20Songs%20Pt.%203/10%20Ill%20Street%20Blues.mp3
50194,Itzsoweezee (HOT),De La Soul,Stakes Is High,Old School Rap,2023-08-01 08:44:40,0,file:///Volumes/Seagate%20Thunderbolt%20Drive/Music/De%20La%20Soul/Stakes%20Is%20High/11%20Itzsoweezee%20(HOT).mp3
61396,Fu-gee-la,Fugees,The Score,Old School Rap,2023-07-30 01:11:21,0,file:///Volumes/Seagate%20Thunderbolt%20Drive/Music/Fugees%20(Refugee%20Camp)/The%20Score/06%20Fu-gee-la.mp3
77698,The Bridge is Over,KRS-One,Criminal Minded(BDP),Old School Rap,2023-07-24 08:37:49,0,file:///Volumes/Seagate%20Thunderbolt%20Drive/Music/KRS%20One/Criminal%20Minded(BDP)/08%20The%20Bridge%20is%20Over.mp3
81222,I Can't Live Without My Radio,LL Cool J,Radio,Old School Rap,2023-08-08 05:22:41,0,file:///Volumes/Seagate%20Thunderbolt%20Drive/Music/LL%20Cool%20J/Radio/01%20I%20Can't%20Live%20Without%20My%20Radio.mp3
81068,Back Seat,LL Cool J,14 Shots to the Dome,Old School Rap,2023-07-22 12:32:12,0,file:///Volumes/Seagate%20Thunderbolt%20Drive/Music/LL%20Cool%20J/14%20Shots%20to%20the%20Dome/10%20Back%20Seat.mp3
33962,Top Billin' (2),Audio 2,Top 100 Old School Hip-Hop & Rap Songs (1980-1991),Old School Rap,2023-08-08 07:23:06,0,file:///Volumes/Seagate%20Thunderbolt%20Drive/Music/Audio%202/Top%20100%20Old%20School%20Hip-Hop%20&%20Rap%20Songs%20(1980-1991)/Top%20Billin'%20(2).mp3
123982,I Cram to Understand U,Audio Two/MC Lyte,The Very Best of MC Lyte,Old School Rap,2023-07-21 14:22:00,0,file:///Volumes/Seagate%20Thunderbolt%20Drive/Music/Various%20Artiist/The%20Very%20Best%20of%20MC%20Lyte/02%20I%20Cram%20to%20Understand%20U.mp3
40644,Black Cop,Boogie Down Productions,CB4 Soundtrack,Old School Rap,2023-08-05 21:06:47,0,file:///Volumes/Seagate%20Thunderbolt%20Drive/Music/Boogie%20Down%20Productions/CB4%20Soundtrack/Black%20Cop.mp3
62140,Full Clip,Gang Starr,Full Clip: A Decade of Gang Starr ('89-'99),Old School Rap,2023-07-19 05:48:13,0,file:///Volumes/Seagate%20Thunderbolt%20Drive/Music/Gang%20Starr/Full%20Clip_%20A%20Decade%20of%20Gang%20Starr%20('89-'99)/1-02%20Full%20Clip.mp3
48696,That's What I'm Looking For,Da Brat,Unrestricted,Old School Rap,2023-08-16 04:15:22,0,file:///Volumes/Seagate%20Thunderbolt%20Drive/Music/Da%20Brat/Unrestricted/09%20That's%20What%20I'm%20Looking%20For.mp3
62276,Check The Technique,Gang Starr,Step In The Arena,Old School Rap,2023-07-21 20:18:03,0,file:///Volumes/Seagate%20Thunderbolt%20Drive/Music/Gang%20Starr/Step%20In%20The%20Arena/07%20Check%20The%20Technique.mp3
62138,Mass Appeal,Gang Starr,Full Clip,Old School Rap,2023-07-21 14:16:44,0,file:///Volumes/Seagate%20Thunderbolt%20Drive/Music/Gang%20Starr/Full%20Clip/Mass%20Appeal.mp3
77700,Super-Hoe,KRS-One,Criminal Minded(BDP),Old School Rap,2023-07-18 01:11:16,0,file:///Volumes/Seagate%20Thunderbolt%20Drive/Music/KRS%20One/Criminal%20Minded(BDP)/09%20Super-Hoe.mp3
96304,Clean Rmx Version Featuring 702,Rampage,We Getz Down (Single),Old School Rap,2023-08-07 21:16:22,0,file:///Volumes/Seagate%20Thunderbolt%20Drive/Music/Rampage/We%20Getz%20Down%20(Single)/02%20Clean%20Rmx%20Version%20Featuring%20702.mp3
99760,Down With The King,Run-Dmc,Greatest Hits ,Old School Rap,2023-08-07 14:59:24,0,file:///Volumes/Seagate%20Thunderbolt%20Drive/Music/Run-Dmc/Greatest%20Hits/17%20Down%20With%20The%20King.mp3
127716,Funky Beat,Whodini,Back In Black,Old School Rap,2023-08-03 08:51:03,0,file:///Volumes/Seagate%20Thunderbolt%20Drive/Music/Whodini/Back%20In%20Black/01%20Funky%20Beat.mp3
127746,Friends,Whodini,Escape,Old School Rap,2023-07-19 21:44:01,0,file:///Volumes/Seagate%20Thunderbolt%20Drive/Music/Whodini/Escape/06%20Friends.mp3
33276,Gangsta Bitch,Apache,Apache Ain't Shit,Old School Rap,2023-08-12 17:09:45,0,file:///Volumes/Seagate%20Thunderbolt%20Drive/Music/Apache/Apache%20Ain't%20Shit/04%20Gangsta%20Bitch.mp3
37456,Word to the Mother (Land),Big Daddy Kane,The Very Best of Big Daddy Kane,Old School Rap,2023-08-08 09:07:05,0,file:///Volumes/Seagate%20Thunderbolt%20Drive/Music/Big%20Daddy%20Kane/The%20Very%20Best%20of%20Big%20Daddy%20Kane/04%20Word%20to%20the%20Mother%20(Land).mp3
108510,Can You Feel it,Fat Boys,Fat Boys,Old School Rap,2023-08-11 04:10:39,0,file:///Volumes/Seagate%20Thunderbolt%20Drive/Music/The%20Fat%20Boys/Fat%20Boys/03%20Can%20You%20Feel%20it.mp3
38776,Buck Em Down,Black Moon,Enta Da Stage,Old School Rap,2023-07-18 21:50:04,0,file:///Volumes/Seagate%20Thunderbolt%20Drive/Music/Black%20Moon/Enta%20Da%20Stage/05%20Buck%20Em%20Down.mp3
124032,Eric B for President,Eric B & Rakim,Top 100 Old School Hip-Hop & Rap Songs (1980-1991),Old School Rap,2023-07-20 05:14:46,0,file:///Volumes/Seagate%20Thunderbolt%20Drive/Music/Various%20Artiist/Top%20100%20Old%20School%20Hip-Hop%20&%20Rap%20Songs%20(1980-1991)/01%20Eric%20B%20for%20President.mp3
77768,If I Ruled The World,Kurtis Blow,Best Of .... Rappin',Old School Rap,2023-08-07 05:26:38,0,file:///Volumes/Seagate%20Thunderbolt%20Drive/Music/Kurtis%20Blow/Best%20Of%20....%20Rappin'/08%20If%20I%20Ruled%20The%20World.mp3
82004,Funky Child (1993),Lords Of The Underground,,Old School Rap,2023-08-04 17:41:51,0,file:///Volumes/Seagate%20Thunderbolt%20Drive/Music/Lords%20Of%20The%20Underground/Unknown%20Album/Funky%20Child%20(1993).mp3
123990,I Am the Lyte,MC Lyte,The Very Best of MC Lyte,Old School Rap,2023-07-18 00:27:02,0,file:///Volumes/Seagate%20Thunderbolt%20Drive/Music/Various%20Artiist/The%20Very%20Best%20of%20MC%20Lyte/08%20I%20Am%20the%20Lyte.mp3
93446,For Pete's Sake,Pete Rock & CL Smooth,Mecca And The Soul Brother,Old School Rap,2023-08-04 08:04:12,0,file:///Volumes/Seagate%20Thunderbolt%20Drive/Music/Pete%20Rock%20&%20CL%20Smooth/Mecca%20And%20The%20Soul%20Brother/02%20For%20Pete's%20Sake.mp3
102352,I Wish (1995),Skee Lo,,90's Music,2023-07-25 04:50:18,0,file:///Volumes/Seagate%20Thunderbolt%20Drive/Music/Skee%20Lo/Unknown%20Album/I%20Wish%20(1995).mp3
123878,The Body Rock,The Treacherous Three,The Golden age of Hip Hop (Disco Rap),Old School Rap,2023-08-12 00:33:36,0,file:///Volumes/Seagate%20Thunderbolt%20Drive/Music/Various%20Artiist/The%20Golden%20age%20of%20Hip%20Hop%20(Disco%20Rap)/23%20The%20Body%20Rock.mp3
124146,Award Tour,A Tribe Called Quest ,Top 100 Old School Hip-Hop & Rap Songs (1980-1991),Old School Rap,2023-08-08 00:55:28,0,file:///Volumes/Seagate%20Thunderbolt%20Drive/Music/Various%20Artiist/Top%20100%20Old%20School%20Hip-Hop%20&%20Rap%20Songs%20(1980-1991)/Award%20Tour.mp3
124154,Flavor of the Month,Black Sheep,Top 100 Old School Hip-Hop & Rap Songs (1980-1991),Old School Rap,2023-07-27 05:05:04,0,file:///Volumes/Seagate%20Thunderbolt%20Drive/Music/Various%20Artiist/Top%20100%20Old%20School%20Hip-Hop%20&%20Rap%20Songs%20(1980-1991)/Flavor%20of%20the%20Month.mp3
57806,I Shot The Sheriff,Epmd,,Old School Rap,2023-07-25 05:27:17,0,file:///Volumes/Seagate%20Thunderbolt%20Drive/Music/Epmd/Unknown%20Album/I%20Shot%20The%20Sheriff.mp3
124130,Check The Rhime,A Tribe Called Quest,Top 100 Old School Hip-Hop & Rap Songs (1980-1991),Old School Rap,2023-07-19 02:19:49,0,file:///Volumes/Seagate%20Thunderbolt%20Drive/Music/Various%20Artiist/Top%20100%20Old%20School%20Hip-Hop%20&%20Rap%20Songs%20(1980-1991)/51%20Check%20The%20Rhime.mp3
48964,Cinderfella Dana Dan,Dana Dane,,Old School Rap,2023-08-12 15:31:57,0,file:///Volumes/Seagate%20Thunderbolt%20Drive/Music/Dana%20Dane/Unknown%20Album/Cinderfella%20Dana%20Dan.mp3
124164,My Adidas (1986),Run DMC,Top 100 Old School Hip-Hop & Rap Songs (1980-1991),Old School Rap,2023-07-28 16:06:19,0,file:///Volumes/Seagate%20Thunderbolt%20Drive/Music/Various%20Artiist/Top%20100%20Old%20School%20Hip-Hop%20&%20Rap%20Songs%20(1980-1991)/My%20Adidas%20(1986).mp3
124072,"The Symphony (Feat. Master Ace, Craig G., Kool G. Rap and Big Daddy Kane)",Marley Marl,2023-08-01 19:09:15,Old School Rap,2014-08-26 01:59:59,0,"file:///Volumes/Seagate%20Thunderbolt%20Drive/Music/Various%20Artiist/Top%20100%20Old%20School%20Hip-Hop%20&%20Rap%20Songs%20(1980-1991)/05%20The%20Symphony%20(Feat.%20Master%20Ace,%20Craig%20G.,%20Kool%20G.%20Rap%20and%20Big%20Daddy%20Kane).mp3"
41206,Slow Down,Brand Nubian,One For All,Old School Rap,2023-08-03 07:00:34,0,file:///Volumes/Seagate%20Thunderbolt%20Drive/Music/Brand%20Nubian/One%20For%20All/10%20Slow%20Down.mp3
123854,Hey Dj,Malcom Mclaren & The World Famous Supreme Team,The Golden age of Hip Hop (Disco Rap),Old School Rap,2023-08-13 08:43:24,0,file:///Volumes/Seagate%20Thunderbolt%20Drive/Music/Various%20Artiist/The%20Golden%20age%20of%20Hip%20Hop%20(Disco%20Rap)/10%20Hey%20Dj.mp3
81184,Doin It,LL Cool J,Mr. Smith,Old School Rap,2023-08-03 06:26:44,0,file:///Volumes/Seagate%20Thunderbolt%20Drive/Music/LL%20Cool%20J/Mr.%20Smith/05%20Doin%20It.mp3
125794,I Got It Made,Special Ed,Top 250 of the Greatest Hip-Hop and Rap Songs Pt. 1,Rap & Hip-Hop,2023-07-19 10:42:01,0,file:///Volumes/Seagate%20Thunderbolt%20Drive/Music/Various%20Artist/Top%20250%20of%20the%20Greatest%20Hip-Hop%20and%20Rap%20Songs%20Pt.%201/I%20Got%20It%20Made.mp3
57786,Strictly Business,EPMD,Strictly Business,Old School Rap,2023-08-10 21:57:17,0,file:///Volumes/Seagate%20Thunderbolt%20Drive/Music/EPMD/Strictly%20Business/01%20Strictly%20Business.mp3
63454,I Like It (1995),Grand Puba,2000,Old School Rap,2023-07-28 05:20:36,0,file:///Volumes/Seagate%20Thunderbolt%20Drive/Music/Grand%20Puba/2000/02%20I%20Like%20It%20(1995).mp3
44584,Mad Izm,Channel Live and KRS One,,Old School Rap,2023-08-14 16:48:47,2,file:///Volumes/Seagate%20Thunderbolt%20Drive/Music/Channel%20Live%20and%20KRS%20One/Unknown%20Album/Mad%20Izm.mp3
134160,Dope Beat,KRS One,Top 100 Old School Hip-Hop & Rap Songs (1980-1991),Old School Rap,2023-08-11 10:59:21,0,file:///Volumes/Seagate%20Thunderbolt%20Drive/Music/Various%20Artiist/Top%20100%20Old%20School%20Hip-Hop%20&%20Rap%20Songs%20(1980-1991)/Dope%20Beat.mp3
134116,follow the leader,Eric B. & Rakim,Follow The Leader,Old School Rap,2023-07-17 15:14:58,0,file:///Volumes/Seagate%20Thunderbolt%20Drive/Music/Eric%20B.%20&%20Rakim/Follow%20The%20Leader/01%20follow%20the%20leader.mp3
134120,I'll House You,Jungle Brothers,EP 1,Old School Rap,2023-08-01 06:12:25,0,file:///Volumes/Seagate%20Thunderbolt%20Drive/Music/Jungle%20Brothers/EP%201/01%20I'll%20House%20You.mp3
134118,Take It To The Streets (Radio Version),Rampage,Take It To The Streets (Single),Old School Rap,2023-07-17 14:39:05,0,file:///Volumes/Seagate%20Thunderbolt%20Drive/Music/Rampage/Take%20It%20To%20The%20Streets%20(Single)/01%20Take%20It%20To%20The%20Streets%20(Radio%20Version).mp3
134136,Rapper's Delight (Original From 1970's),The Sugarhill Gang,The Sugarhill Gang,Old School Rap,2023-08-07 12:51:30,0,file:///Volumes/Seagate%20Thunderbolt%20Drive/Music/The%20Sugarhill%20Gang/The%20Sugarhill%20Gang/06%20Rapper's%20Delight%20(Original%20From%201970's).mp3
134144,Mahogany,Eric B & Rakim,Let The Rhythm Hit 'em,Old School Rap,2023-07-26 05:02:17,0,file:///Volumes/Seagate%20Thunderbolt%20Drive/Music/Eric%20B.%20&%20Rakim/Let%20The%20Rhythm%20Hit%20'em/08%20Mahogany%201.mp3
134176,Ruffneck,MC Lyte,Ain't No Other,Old School Rap,2023-07-27 05:48:53,0,file:///Volumes/Seagate%20Thunderbolt%20Drive/Music/MC%20Lyte/Ain't%20No%20Other/03%20Ruffneck.MP3
134150,Shook Ones Part II,Mobb Deep,The Infamous,Old School Rap,2023-07-22 10:29:19,0,file:///Volumes/Seagate%20Thunderbolt%20Drive/Music/Mobb%20Deep/The%20Infamous/15%20Shook%20Ones%20Part%20II.mp3
134154,I Need Love,Ll Cool J,Top 100 Old School Hip-Hop & Rap Songs (1980-1991),Old School Rap,2023-08-13 09:56:05,0,file:///Volumes/Seagate%20Thunderbolt%20Drive/Music/Various%20Artiist/Top%20100%20Old%20School%20Hip-Hop%20&%20Rap%20Songs%20(1980-1991)/2-43%20I%20Need%20Love.mp3
134184,The Breaks,Kurtis Blow,Top 100 Old School Hip-Hop & Rap Songs (1980-1991),Old School Rap,2023-07-20 08:40:14,0,file:///Volumes/Seagate%20Thunderbolt%20Drive/Music/Various%20Artiist/Top%20100%20Old%20School%20Hip-Hop%20&%20Rap%20Songs%20(1980-1991)/The%20Breaks.mp3
134122,Get Up (Remix),Lost Boyz,Get Up,Old School Rap,2023-08-09 00:51:01,0,file:///Volumes/Seagate%20Thunderbolt%20Drive/Music/Lost%20Boyz/Get%20Up/02%20Get%20Up%20(Remix).mp3
134124,Wild For The Night (Radio Version),Rampage,Take It To The Streets (Single),Old School Rap,2023-07-22 15:54:27,0,file:///Volumes/Seagate%20Thunderbolt%20Drive/Music/Rampage/Take%20It%20To%20The%20Streets%20(Single)/02%20Wild%20For%20The%20Night%20(Radio%20Version).mp3
134164,Dance To The Drummer's Beat,Herman Kelly,The Perfect Beats Volume 4,Old School Rap,2023-07-28 15:05:57,0,file:///Volumes/Seagate%20Thunderbolt%20Drive/Music/Herman%20Kelly/The%20Perfect%20Beats%20Volume%204/Dance%20To%20The%20Drummer's%20Beat.mp3
134170,I Got 5 On It,Luniz,,Old School Rap,2023-08-07 19:56:42,0,file:///Volumes/Seagate%20Thunderbolt%20Drive/Music/Luniz/Unknown%20Album/I%20Got%205%20On%20It.mp3
134174,Poetry,KRS One,,Old School Rap,2023-08-14 06:18:08,0,file:///Volumes/Seagate%20Thunderbolt%20Drive/Music/KRS%20One/Unknown%20Album/Poetry.mp3
134146,I Get the Job Done,Big Daddy Kane,It's a Big Daddy Thing,Old School Rap,2023-07-20 12:21:53,0,file:///Volumes/Seagate%20Thunderbolt%20Drive/Music/Big%20Daddy%20Kane/It's%20a%20Big%20Daddy%20Thing/09%20I%20Get%20the%20Job%20Done.mp3
134152,Flava In Ya Ear,Craig Mack,Project: Funk da World,Old School Rap,2023-07-26 13:03:49,0,file:///Volumes/Seagate%20Thunderbolt%20Drive/Music/Craig%20Mack/Project_%20Funk%20da%20World/16%20Flava%20In%20Ya%20Ear.mp3
134180,Catch The Beat (Instrumental),T\Ski Valley,The Golden age of Hip Hop (Disco Rap),Old School Rap,2023-07-22 15:30:54,0,file:///Volumes/Seagate%20Thunderbolt%20Drive/Music/Various%20Artiist/The%20Golden%20age%20of%20Hip%20Hop%20(Disco%20Rap)/08%20Catch%20The%20Beat%20(Instrumental).mp3
134168,Jack Of Spades,Boogie Down Productions,,Old School Rap,2023-07-22 04:37:05,0,file:///Volumes/Seagate%20Thunderbolt%20Drive/Music/Boogie%20Down%20Productions/Unknown%20Album/Jack%20Of%20Spades.mp3
134178,Smooth Operator,Big Daddy Kane,Top 100 Old School Hip-Hop & Rap Songs (1980-1991),Old School Rap,2023-07-31 14:26:18,0,file:///Volumes/Seagate%20Thunderbolt%20Drive/Music/Various%20Artiist/Top%20100%20Old%20School%20Hip-Hop%20&%20Rap%20Songs%20(1980-1991)/Smooth%20Operator.mp3
134148,Braggin & Boastin - 2A/4A,Jungle Brothers,Straight Out The Jungle,Old School Rap,2023-07-19 07:47:00,0,file:///Volumes/Seagate%20Thunderbolt%20Drive/Music/Jungle%20Brothers/Straight%20Out%20The%20Jungle/10%20Braggin%20&%20Boastin%20-%202A_4A.mp3
134140,"4, 3, 2, 1",2023-08-07 10:31:03,Phenomenon,Old School Rap,2014-09-10 23:32:22,0,"file:///Volumes/Seagate%20Thunderbolt%20Drive/Music/LL%20Cool%20J/Phenomenon/07%204,%203,%202,%201.mp3"
134134,Please Listen to My Demo,EPMD,Unfinished Business,Old School Rap,2023-08-13 08:07:24,0,file:///Volumes/Seagate%20Thunderbolt%20Drive/Music/EPMD/Unfinished%20Business/05%20Please%20Listen%20to%20My%20Demo.mp3
134162,Fakin The Funk,Main Source,,Old School Rap,2023-08-14 20:44:47,0,file:///Volumes/Seagate%20Thunderbolt%20Drive/Music/Main%20Source/Unknown%20Album/Fakin%20The%20Funk.mp3
134126,Paper Thin,MC Lyte,The Very Best of MC Lyte,Old School Rap,2023-08-08 11:21:52,0,file:///Volumes/Seagate%20Thunderbolt%20Drive/Music/Various%20Artiist/The%20Very%20Best%20of%20MC%20Lyte/03%20Paper%20Thin.mp3
134138,Poor Georgie,MC Lyte,Act Like You Know ,Old School Rap,2023-07-28 18:47:51,0,file:///Volumes/Seagate%20Thunderbolt%20Drive/Music/MC%20Lyte/Act%20Like%20You%20Know/Poor%20Georgie.mp3
134158,How We Roll,Big Pun ft Ashanti,How We Roll-CD Single,Old School Rap,2023-08-14 07:10:57,0,file:///Volumes/Seagate%20Thunderbolt%20Drive/Music/Big%20Punisher/How%20We%20Roll-CD%20Single/02%20How%20We%20Roll.mp3
134166,I'm Still #1,KRS One,,Old School Rap,2023-08-06 02:45:12,0,file:///Volumes/Seagate%20Thunderbolt%20Drive/Music/KRS%20One/Unknown%20Album/I'm%20Still%20%231.mp3
134132,Move The Crowd,Eric B. & Rakim,Top 100 Old School Hip-Hop & Rap Songs (1980-1991),Old School Rap,2023-07-23 21:26:10,0,file:///Volumes/Seagate%20Thunderbolt%20Drive/Music/Various%20Artiist/Top%20100%20Old%20School%20Hip-Hop%20&%20Rap%20Songs%20(1980-1991)/04%20Move%20The%20Crowd.mp3
134182,The Big Payback,Epmd,Unfinished Business,Old School Rap,2023-07-28 11:24:04,0,file:///Volumes/Seagate%20Thunderbolt%20Drive/Music/Epmd/Unfinished%20Business/The%20Big%20Payback.mp3
134156,Gangsta Bitch (clean),Apache,,Old School Rap,2023-07-20 04:53:39,0,file:///Volumes/Seagate%20Thunderbolt%20Drive/Music/Apache/Unknown%20Album/Gangsta%20Bitch%20(clean).mp3
134130,I'm Bad,LL Cool J,Bigger And Deffer,Old School Rap,2023-07-29 06:22:43,0,file:///Volumes/Seagate%20Thunderbolt%20Drive/Music/LL%20Cool%20J/Bigger%20And%20Deffer/03%20I'm%20Bad.mp3
134142,Just Rhymin' With Biz,Big Daddy Kane,Long Live The Kane,Old School Rap,2023-08-03 19:51:10,0,file:///Volumes/Seagate%20Thunderbolt%20Drive/Music/Big%20Daddy%20Kane/Long%20Live%20The%20Kane/08%20Just%20Rhymin'%20With%20Biz.MP3
134172,Money (Dollar Bill Y'all),Jimmy Spicer,,Old School Rap,2023-08-02 04:37:36,0,file:///Volumes/Seagate%20Thunderbolt%20Drive/Music/Jimmy%20Spicer/Unknown%20Album/Money%20(Dollar%20Bill%20Y'all).mp3
134128,Get the Bozack,EPMD,Unfinished Business,Old School Rap,2023-08-04 05:43:20,0,file:///Volumes/Seagate%20Thunderbolt%20Drive/Music/EPMD/Unfinished%20Business/03%20Get%20the%20Bozack.mp3
134114,Ego Trippin,Ultramagnetic MC's,Top 100 Old School Hip-Hop & Rap Songs (1980-1991),Old School Rap,2023-08-08 06:22:05,0,file:///Volumes/Seagate%20Thunderbolt%20Drive/Music/Various%20Artiist/Top%20100%20Old%20School%20Hip-Hop%20&%20Rap%20Songs%20(1980-1991)/01%20Ego%20Trippin.mp3
134196,Treat Them Like They Want To Be Treated,Father Mc Feat. Jodeci,,Old School Rap,2023-08-07 00:24:16,0,file:///Volumes/Seagate%20Thunderbolt%20Drive/Music/Father%20Mc%20Feat.%20Jodeci/Unknown%20Album/Treat%20Them%20Like%20They%20Want%20To%20Be%20Treated.mp3
135628,The Most Beautifullest Thing In This World (Clean),Keith Murray,,Old School Rap,2023-08-06 21:37:58,0,file:///Volumes/Seagate%20Thunderbolt%20Drive/Music/Keith%20Murray/Unknown%20Album/01%20The%20Most%20Beautifullest%20Thing%20In%20This%20World%20(Clean).mp3
135624,The Most Beautifullest Thing In This World (Dirty),Keith Murray,,Old School Rap,2023-07-23 22:57:51,0,file:///Volumes/Seagate%20Thunderbolt%20Drive/Music/Keith%20Murray/Unknown%20Album/01%20The%20Most%20Beautifullest%20Thing%20In%20This%20World%20(Dirty).mp3
135670,Git Bizzy (Album Version),Big Daddy Kane,,Old School Rap,2023-07-22 16:45:29,0,file:///Volumes/Seagate%20Thunderbolt%20Drive/Music/Big%20Daddy%20Kane/Unknown%20Album/01%20Git%20Bizzy%20(Album%20Version).mp3
137800,He Cuts So Fresh (Instrumental),Marley Marl ft MC Shan,,Old School Rap,2023-08-03 12:16:55,0,file:///Volumes/Seagate%20Thunderbolt%20Drive/Music/Marley%20Marl%20ft%20MC%20Shan/Unknown%20Album/01%20He%20Cuts%20So%20Fresh%20(Instrumental).mp3